source_id,industrial_area,industry_type,sample_date,pollutant,discharge_flow_mld,production_rate,treatment_status,rainfall_mm,river_flow_m3s,inlet,outlet,upstream,downstream,near_well,control_well,detection_limit,limit,campaign,name
AL0025968,AL,paper_pulp,2019-01-31,TSS,73.1719753,,,,,,25.0,,,,,,30.0,2019-01,ALABAMA RIVER CELLULOSE LLC
AL0025968,AL,paper_pulp,2019-02-28,TSS,69.84791214375001,,,,,,14.25,,,,,,30.0,2019-02,ALABAMA RIVER CELLULOSE LLC
AL0025968,AL,paper_pulp,2019-03-31,TSS,78.0314953875,,,,,,22.75,,,,,,30.0,2019-03,ALABAMA RIVER CELLULOSE LLC
AL0025968,AL,paper_pulp,2019-04-30,TSS,62.76682956250001,,,,,,25.25,,,,,,30.0,2019-04,ALABAMA RIVER CELLULOSE LLC
AL0025968,AL,paper_pulp,2019-05-31,TSS,73.39436813750001,,,,,,14.0,,,,,,30.0,2019-05,ALABAMA RIVER CELLULOSE LLC
AL0025968,AL,paper_pulp,2019-06-30,TSS,71.96537586250001,,,,,,17.5,,,,,,30.0,2019-06,ALABAMA RIVER CELLULOSE LLC
AL0025968,AL,paper_pulp,2019-07-31,TSS,71.269806775,,,,,,11.75,,,,,,30.0,2019-07,ALABAMA RIVER CELLULOSE LLC
AL0025968,AL,paper_pulp,2019-08-31,TSS,70.89599753750001,,,,,,14.8,,,,,,30.0,2019-08,ALABAMA RIVER CELLULOSE LLC
AL0025968,AL,paper_pulp,2019-09-30,TSS,63.81254907500001,,,,,,10.5,,,,,,30.0,2019-09,ALABAMA RIVER CELLULOSE LLC
AL0025968,AL,paper_pulp,2019-10-31,TSS,69.06480545000001,,,,,,11.0,,,,,,30.0,2019-10,ALABAMA RIVER CELLULOSE LLC
AL0025968,AL,paper_pulp,2019-11-30,TSS,72.11206050000001,,,,,,9.0,,,,,,30.0,2019-11,ALABAMA RIVER CELLULOSE LLC
AL0025968,AL,paper_pulp,2019-12-31,TSS,37.165628556250006,,,,,,24.25,,,,,,30.0,2019-12,ALABAMA RIVER CELLULOSE LLC
AL0025968,AL,paper_pulp,2020-01-31,TSS,70.285600175,,,,,,18.8,,,,,,30.0,2020-01,ALABAMA RIVER CELLULOSE LLC
AL0025968,AL,paper_pulp,2020-02-29,TSS,68.26040582499999,,,,,,27.0,,,,,,30.0,2020-02,ALABAMA RIVER CELLULOSE LLC
AL0025968,AL,paper_pulp,2020-03-31,TSS,56.147093825,,,,,,23.33,,,,,,30.0,2020-03,ALABAMA RIVER CELLULOSE LLC
AL0025968,AL,paper_pulp,2020-04-30,TSS,62.45453323750001,,,,,,24.0,,,,,,30.0,2020-04,ALABAMA RIVER CELLULOSE LLC
AL0025968,AL,paper_pulp,2020-05-31,TSS,64.08225953750001,,,,,,14.5,,,,,,30.0,2020-05,ALABAMA RIVER CELLULOSE LLC
AL0025968,AL,paper_pulp,2020-06-30,TSS,68.8234855625,,,,,,17.0,,,,,,30.0,2020-06,ALABAMA RIVER CELLULOSE LLC
AL0025968,AL,paper_pulp,2020-07-31,TSS,69.58529932500001,,,,,,21.7,,,,,,30.0,2020-07,ALABAMA RIVER CELLULOSE LLC
AL0025968,AL,paper_pulp,2020-08-31,TSS,66.0128186375,,,,,,23.25,,,,,,30.0,2020-08,ALABAMA RIVER CELLULOSE LLC
AL0025968,AL,paper_pulp,2020-09-30,TSS,61.768427675,,,,,,13.0,,,,,,30.0,2020-09,ALABAMA RIVER CELLULOSE LLC
AL0025968,AL,paper_pulp,2020-10-31,TSS,64.986026175,,,,,,12.4,,,,,,30.0,2020-10,ALABAMA RIVER CELLULOSE LLC
AL0025968,AL,paper_pulp,2020-11-30,TSS,63.13117527500001,,,,,,12.75,,,,,,30.0,2020-11,ALABAMA RIVER CELLULOSE LLC
AL0025968,AL,paper_pulp,2020-12-31,TSS,34.660160312500004,,,,,,20.6,,,,,,30.0,2020-12,ALABAMA RIVER CELLULOSE LLC
AL0025968,AL,paper_pulp,2021-01-31,TSS,58.84893021250001,,,,,,14.25,,,,,,30.0,2021-01,ALABAMA RIVER CELLULOSE LLC
AL0025968,AL,paper_pulp,2021-02-28,TSS,61.834672350000005,,,,,,19.5,,,,,,30.0,2021-02,ALABAMA RIVER CELLULOSE LLC
AL0025968,AL,paper_pulp,2021-03-31,TSS,69.47646878750001,,,,,,24.25,,,,,,30.0,2021-03,ALABAMA RIVER CELLULOSE LLC
AL0025968,AL,paper_pulp,2021-04-30,TSS,73.01109537500001,,,,,,25.6,,,,,,30.0,2021-04,ALABAMA RIVER CELLULOSE LLC
AL0025968,AL,paper_pulp,2021-05-31,TSS,69.8550097875,,,,,,16.0,,,,,,30.0,2021-05,ALABAMA RIVER CELLULOSE LLC
AL0025968,AL,paper_pulp,2021-06-30,TSS,65.061734375,,,,,,22.0,,,,,,30.0,2021-06,ALABAMA RIVER CELLULOSE LLC
AL0025968,AL,paper_pulp,2021-07-31,TSS,63.282591675000006,,,,,,17.2,,,,,,30.0,2021-07,ALABAMA RIVER CELLULOSE LLC
AL0025968,AL,paper_pulp,2021-08-31,TSS,63.973428999999996,,,,,,10.0,,,,,,30.0,2021-08,ALABAMA RIVER CELLULOSE LLC
AL0025968,AL,paper_pulp,2021-09-30,TSS,65.96076925,,,,,,21.0,,,,,,30.0,2021-09,ALABAMA RIVER CELLULOSE LLC
AL0025968,AL,paper_pulp,2021-10-31,TSS,71.43068670000001,,,,,,11.25,,,,,,30.0,2021-10,ALABAMA RIVER CELLULOSE LLC
AL0025968,AL,paper_pulp,2021-11-30,TSS,68.4638716125,,,,,,12.75,,,,,,30.0,2021-11,ALABAMA RIVER CELLULOSE LLC
AL0025968,AL,paper_pulp,2021-12-31,TSS,37.69085419375,,,,,,17.4,,,,,,30.0,2021-12,ALABAMA RIVER CELLULOSE LLC
AL0025968,AL,paper_pulp,2022-01-31,TSS,64.588558125,,,,,,29.25,,,,,,30.0,2022-01,ALABAMA RIVER CELLULOSE LLC
AL0025968,AL,paper_pulp,2022-02-28,TSS,57.604476675,,,,,,14.25,,,,,,30.0,2022-02,ALABAMA RIVER CELLULOSE LLC
AL0025968,AL,paper_pulp,2022-03-31,TSS,58.740099675,,,,,,20.0,,,,,,30.0,2022-03,ALABAMA RIVER CELLULOSE LLC
AL0025968,AL,paper_pulp,2022-04-30,TSS,62.8756601,,,,,,28.25,,,,,,30.0,2022-04,ALABAMA RIVER CELLULOSE LLC
AL0025968,AL,paper_pulp,2022-05-31,TSS,62.085455762500004,,,,,,25.5,,,,,,30.0,2022-05,ALABAMA RIVER CELLULOSE LLC
AL0025968,AL,paper_pulp,2022-06-30,TSS,67.5364461625,,,,,,9.0,,,,,,30.0,2022-06,ALABAMA RIVER CELLULOSE LLC
AL0025968,AL,paper_pulp,2022-07-31,TSS,67.9906953625,,,,,,12.0,,,,,,30.0,2022-07,ALABAMA RIVER CELLULOSE LLC
AL0025968,AL,paper_pulp,2022-08-31,TSS,65.6910587875,,,,,,16.25,,,,,,30.0,2022-08,ALABAMA RIVER CELLULOSE LLC
AL0025968,AL,paper_pulp,2022-09-30,TSS,53.6818455625,,,,,,11.2,,,,,,30.0,2022-09,ALABAMA RIVER CELLULOSE LLC
AL0025968,AL,paper_pulp,2022-10-31,TSS,60.56656,,,,,,10.75,,,,,,30.0,2022-10,ALABAMA RIVER CELLULOSE LLC
AL0025968,AL,paper_pulp,2022-11-30,TSS,60.897783374999996,,,,,,9.5,,,,,,30.0,2022-11,ALABAMA RIVER CELLULOSE LLC
AL0025968,AL,paper_pulp,2022-12-31,TSS,31.454654094444447,,,,,,19.0,,,,,,30.0,2022-12,ALABAMA RIVER CELLULOSE LLC
AL0025968,AL,paper_pulp,2023-01-31,TSS,63.074394125000005,,,,,,23.25,,,,,,30.0,2023-01,ALABAMA RIVER CELLULOSE LLC
AL0025968,AL,paper_pulp,2023-02-28,TSS,62.05233342499999,,,,,,19.75,,,,,,30.0,2023-02,ALABAMA RIVER CELLULOSE LLC
AL0025968,AL,paper_pulp,2023-03-31,TSS,58.153361125,,,,,,14.6,,,,,,30.0,2023-03,ALABAMA RIVER CELLULOSE LLC
AL0025968,AL,paper_pulp,2023-04-30,TSS,64.9576356,,,,,,13.75,,,,,,30.0,2023-04,ALABAMA RIVER CELLULOSE LLC
AL0025968,AL,paper_pulp,2023-05-31,TSS,66.6184842375,,,,,,28.5,,,,,,30.0,2023-05,ALABAMA RIVER CELLULOSE LLC
AL0025968,AL,paper_pulp,2023-06-30,TSS,62.236872162500006,,,,,,21.0,,,,,,30.0,2023-06,ALABAMA RIVER CELLULOSE LLC
AL0025968,AL,paper_pulp,2023-07-31,TSS,69.0600736875,,,,,,14.0,,,,,,30.0,2023-07,ALABAMA RIVER CELLULOSE LLC
AL0025968,AL,paper_pulp,2023-08-31,TSS,68.3597728375,,,,,,10.0,,,,,,30.0,2023-08,ALABAMA RIVER CELLULOSE LLC
AL0025968,AL,paper_pulp,2023-09-30,TSS,60.329971875000005,,,,,,12.0,,,,,,30.0,2023-09,ALABAMA RIVER CELLULOSE LLC
AL0025968,AL,paper_pulp,2023-10-31,TSS,68.3692363625,,,,,,11.0,,,,,,30.0,2023-10,ALABAMA RIVER CELLULOSE LLC
AL0025968,AL,paper_pulp,2023-11-30,TSS,68.61055625,,,,,,10.0,,,,,,30.0,2023-11,ALABAMA RIVER CELLULOSE LLC
AL0025968,AL,paper_pulp,2023-12-31,TSS,30.03933135555556,,,,,,11.0,,,,,,30.0,2023-12,ALABAMA RIVER CELLULOSE LLC
AL0025968,AL,paper_pulp,2024-01-31,TSS,68.090062375,,,,,,19.0,,,,,,30.0,2024-01,ALABAMA RIVER CELLULOSE LLC
AL0025968,AL,paper_pulp,2024-02-29,TSS,68.847144375,,,,,,22.0,,,,,,30.0,2024-02,ALABAMA RIVER CELLULOSE LLC
AL0025968,AL,paper_pulp,2024-03-31,TSS,63.5806927125,,,,,,30.0,,,,,,30.0,2024-03,ALABAMA RIVER CELLULOSE LLC
AL0025968,AL,paper_pulp,2024-04-30,TSS,71.364442025,,,,,,16.7,,,,,,30.0,2024-04,ALABAMA RIVER CELLULOSE LLC
AL0025968,AL,paper_pulp,2024-05-31,TSS,70.38023542500001,,,,,,18.8,,,,,,30.0,2024-05,ALABAMA RIVER CELLULOSE LLC
AL0025968,AL,paper_pulp,2024-06-30,TSS,70.56950592500002,,,,,,8.0,,,,,,30.0,2024-06,ALABAMA RIVER CELLULOSE LLC
AL0025968,AL,paper_pulp,2024-07-31,TSS,72.556846175,,,,,,13.75,,,,,,30.0,2024-07,ALABAMA RIVER CELLULOSE LLC
AL0025968,AL,paper_pulp,2024-08-31,TSS,70.50326125000001,,,,,,9.5,,,,,,30.0,2024-08,ALABAMA RIVER CELLULOSE LLC
AL0025968,AL,paper_pulp,2024-09-30,TSS,56.733832375000006,,,,,,10.5,,,,,,30.0,2024-09,ALABAMA RIVER CELLULOSE LLC
AL0025968,AL,paper_pulp,2024-10-31,TSS,70.455943625,,,,,,8.4,,,,,,30.0,2024-10,ALABAMA RIVER CELLULOSE LLC
AL0025968,AL,paper_pulp,2024-11-30,TSS,69.74617925000001,,,,,,7.25,,,,,,30.0,2024-11,ALABAMA RIVER CELLULOSE LLC
AL0025968,AL,paper_pulp,2024-12-31,TSS,34.42620094444444,,,,,,16.0,,,,,,30.0,2024-12,ALABAMA RIVER CELLULOSE LLC
AR0001601,AR,paper_pulp,2019-04-30,BOD,14.384558,,,,,,17.48,,,,,,,2019-04,AMERICAN KRAFT PAPER INDUSTRIES LLC
AR0001601,AR,paper_pulp,2019-04-30,TSS,14.384558,,,,,,22.25,,,,,,,2019-04,AMERICAN KRAFT PAPER INDUSTRIES LLC
AR0001601,AR,paper_pulp,2019-05-31,BOD,10.4098775,,,,,,17.94,,,,,,,2019-05,AMERICAN KRAFT PAPER INDUSTRIES LLC
AR0001601,AR,paper_pulp,2019-05-31,TSS,10.4098775,,,,,,31.0,,,,,,,2019-05,AMERICAN KRAFT PAPER INDUSTRIES LLC
AR0001601,AR,paper_pulp,2019-07-31,BOD,15.624279774999998,,,,,,43.17,,,,,,,2019-07,AMERICAN KRAFT PAPER INDUSTRIES LLC
AR0001601,AR,paper_pulp,2019-07-31,TSS,15.624279774999998,,,,,,103.0,,,,,,,2019-07,AMERICAN KRAFT PAPER INDUSTRIES LLC
AR0001601,AR,paper_pulp,2019-11-30,BOD,10.835736125000002,,,,,,75.76,,,,,,,2019-11,AMERICAN KRAFT PAPER INDUSTRIES LLC
AR0001601,AR,paper_pulp,2019-11-30,TSS,10.835736125000002,,,,,,117.5,,,,,,,2019-11,AMERICAN KRAFT PAPER INDUSTRIES LLC
AR0001601,AR,paper_pulp,2019-12-31,BOD,10.88305375,,,,,,54.4,,,,,,,2019-12,AMERICAN KRAFT PAPER INDUSTRIES LLC
AR0001601,AR,paper_pulp,2019-12-31,TSS,10.88305375,,,,,,104.67,,,,,,,2019-12,AMERICAN KRAFT PAPER INDUSTRIES LLC
AR0001601,AR,paper_pulp,2020-01-31,BOD,10.92090785,,,,,,61.7,,,,,,,2020-01,AMERICAN KRAFT PAPER INDUSTRIES LLC
AR0001601,AR,paper_pulp,2020-01-31,TSS,10.92090785,,,,,,117.0,,,,,,,2020-01,AMERICAN KRAFT PAPER INDUSTRIES LLC
AR0001601,AR,paper_pulp,2020-02-29,BOD,11.37515705,,,,,,56.64,,,,,,,2020-02,AMERICAN KRAFT PAPER INDUSTRIES LLC
AR0001601,AR,paper_pulp,2020-02-29,TSS,11.37515705,,,,,,89.0,,,,,,,2020-02,AMERICAN KRAFT PAPER INDUSTRIES LLC
AR0001601,AR,paper_pulp,2020-03-31,BOD,9.842066,,,,,,80.45,,,,,,,2020-03,AMERICAN KRAFT PAPER INDUSTRIES LLC
AR0001601,AR,paper_pulp,2020-03-31,TSS,9.842066,,,,,,99.75,,,,,,,2020-03,AMERICAN KRAFT PAPER INDUSTRIES LLC
AR0001601,AR,paper_pulp,2020-04-30,BOD,12.3782907,,,,,,124.85,,,,,,,2020-04,AMERICAN KRAFT PAPER INDUSTRIES LLC
AR0001601,AR,paper_pulp,2020-04-30,TSS,12.3782907,,,,,,112.67,,,,,,,2020-04,AMERICAN KRAFT PAPER INDUSTRIES LLC
AR0001601,AR,paper_pulp,2020-05-31,BOD,12.3025825,,,,,,112.15,,,,,,,2020-05,AMERICAN KRAFT PAPER INDUSTRIES LLC
AR0001601,AR,paper_pulp,2020-05-31,TSS,12.3025825,,,,,,165.67,,,,,,,2020-05,AMERICAN KRAFT PAPER INDUSTRIES LLC
AR0001601,AR,paper_pulp,2020-06-30,BOD,10.958761950000001,,,,,,39.14,,,,,,,2020-06,AMERICAN KRAFT PAPER INDUSTRIES LLC
AR0001601,AR,paper_pulp,2020-06-30,TSS,10.958761950000001,,,,,,207.0,,,,,,,2020-06,AMERICAN KRAFT PAPER INDUSTRIES LLC
AR0001601,AR,paper_pulp,2020-07-31,BOD,10.4477316,,,,,,58.78,,,,,,,2020-07,AMERICAN KRAFT PAPER INDUSTRIES LLC
AR0001601,AR,paper_pulp,2020-07-31,TSS,10.4477316,,,,,,217.0,,,,,,,2020-07,AMERICAN KRAFT PAPER INDUSTRIES LLC
AR0001601,AR,paper_pulp,2020-08-31,BOD,9.29318155,,,,,,48.34,,,,,,,2020-08,AMERICAN KRAFT PAPER INDUSTRIES LLC
AR0001601,AR,paper_pulp,2020-08-31,TSS,9.29318155,,,,,,193.25,,,,,,,2020-08,AMERICAN KRAFT PAPER INDUSTRIES LLC
AR0001601,AR,paper_pulp,2020-09-30,BOD,8.810541775,,,,,,47.0,,,,,,,2020-09,AMERICAN KRAFT PAPER INDUSTRIES LLC
AR0001601,AR,paper_pulp,2020-09-30,TSS,8.810541775,,,,,,163.4,,,,,,,2020-09,AMERICAN KRAFT PAPER INDUSTRIES LLC
AR0001601,AR,paper_pulp,2020-10-31,BOD,8.9335676,,,,,,59.1,,,,,,,2020-10,AMERICAN KRAFT PAPER INDUSTRIES LLC
AR0001601,AR,paper_pulp,2020-10-31,TSS,8.9335676,,,,,,139.75,,,,,,,2020-10,AMERICAN KRAFT PAPER INDUSTRIES LLC
AR0001601,AR,paper_pulp,2020-11-30,BOD,8.185949125,,,,,,98.68,,,,,,,2020-11,AMERICAN KRAFT PAPER INDUSTRIES LLC
AR0001601,AR,paper_pulp,2020-11-30,TSS,8.185949125,,,,,,138.25,,,,,,,2020-11,AMERICAN KRAFT PAPER INDUSTRIES LLC
AR0001601,AR,paper_pulp,2020-12-31,BOD,10.097581175,,,,,,142.95,,,,,,,2020-12,AMERICAN KRAFT PAPER INDUSTRIES LLC
AR0001601,AR,paper_pulp,2020-12-31,TSS,10.097581175,,,,,,133.0,,,,,,,2020-12,AMERICAN KRAFT PAPER INDUSTRIES LLC
AR0001601,AR,paper_pulp,2021-01-31,BOD,10.021872975,,,,,,156.94,,,,,,,2021-01,AMERICAN KRAFT PAPER INDUSTRIES LLC
AR0001601,AR,paper_pulp,2021-01-31,TSS,10.021872975,,,,,,104.8,,,,,,,2021-01,AMERICAN KRAFT PAPER INDUSTRIES LLC
AR0001601,AR,paper_pulp,2021-02-28,BOD,12.81361285,,,,,,511.6,,,,,,,2021-02,AMERICAN KRAFT PAPER INDUSTRIES LLC
AR0001601,AR,paper_pulp,2021-02-28,TSS,12.81361285,,,,,,203.0,,,,,,,2021-02,AMERICAN KRAFT PAPER INDUSTRIES LLC
AR0001601,AR,paper_pulp,2021-03-31,BOD,17.819817575,,,,,,236.08,,,,,,,2021-03,AMERICAN KRAFT PAPER INDUSTRIES LLC
AR0001601,AR,paper_pulp,2021-03-31,TSS,17.819817575,,,,,,235.8,,,,,,,2021-03,AMERICAN KRAFT PAPER INDUSTRIES LLC
AR0001601,AR,paper_pulp,2021-04-30,BOD,12.70005055,,,,,,386.25,,,,,,,2021-04,AMERICAN KRAFT PAPER INDUSTRIES LLC
AR0001601,AR,paper_pulp,2021-04-30,TSS,12.70005055,,,,,,139.0,,,,,,,2021-04,AMERICAN KRAFT PAPER INDUSTRIES LLC
AR0001601,AR,paper_pulp,2021-05-31,BOD,11.157495975,,,,,,481.66,,,,,,,2021-05,AMERICAN KRAFT PAPER INDUSTRIES LLC
AR0001601,AR,paper_pulp,2021-05-31,TSS,11.157495975,,,,,,200.0,,,,,,,2021-05,AMERICAN KRAFT PAPER INDUSTRIES LLC
AR0001601,AR,paper_pulp,2021-06-30,BOD,12.85146695,,,,,,321.5,,,,,,,2021-06,AMERICAN KRAFT PAPER INDUSTRIES LLC
AR0001601,AR,paper_pulp,2021-06-30,TSS,12.85146695,,,,,,218.0,,,,,,,2021-06,AMERICAN KRAFT PAPER INDUSTRIES LLC
AR0001601,AR,paper_pulp,2021-07-31,BOD,10.826272600000001,,,,,,98.2,,,,,,,2021-07,AMERICAN KRAFT PAPER INDUSTRIES LLC
AR0001601,AR,paper_pulp,2021-07-31,TSS,10.826272600000001,,,,,,160.2,,,,,,,2021-07,AMERICAN KRAFT PAPER INDUSTRIES LLC
AR0001601,AR,paper_pulp,2021-08-31,BOD,10.2584611,,,,,,81.15,,,,,,,2021-08,AMERICAN KRAFT PAPER INDUSTRIES LLC
AR0001601,AR,paper_pulp,2021-08-31,TSS,10.2584611,,,,,,125.64,,,,,,,2021-08,AMERICAN KRAFT PAPER INDUSTRIES LLC
AR0001601,AR,paper_pulp,2021-09-30,BOD,10.286851675,,,,,,80.91,,,,,,,2021-09,AMERICAN KRAFT PAPER INDUSTRIES LLC
AR0001601,AR,paper_pulp,2021-09-30,TSS,10.286851675,,,,,,118.0,,,,,,,2021-09,AMERICAN KRAFT PAPER INDUSTRIES LLC
AR0001601,AR,paper_pulp,2021-10-31,BOD,8.810541775,,,,,,135.9,,,,,,,2021-10,AMERICAN KRAFT PAPER INDUSTRIES LLC
AR0001601,AR,paper_pulp,2021-10-31,TSS,8.810541775,,,,,,151.5,,,,,,,2021-10,AMERICAN KRAFT PAPER INDUSTRIES LLC
AR0001601,AR,paper_pulp,2021-11-30,BOD,8.961958175,,,,,,186.02,,,,,,,2021-11,AMERICAN KRAFT PAPER INDUSTRIES LLC
AR0001601,AR,paper_pulp,2021-11-30,TSS,8.961958175,,,,,,144.5,,,,,,,2021-11,AMERICAN KRAFT PAPER INDUSTRIES LLC
AR0001601,AR,paper_pulp,2021-12-31,BOD,8.999812275,,,,,,260.5,,,,,,,2021-12,AMERICAN KRAFT PAPER INDUSTRIES LLC
AR0001601,AR,paper_pulp,2021-12-31,TSS,8.999812275,,,,,,135.3,,,,,,,2021-12,AMERICAN KRAFT PAPER INDUSTRIES LLC
AR0001601,AR,paper_pulp,2022-01-31,BOD,12.160629625000002,,,,,,316.8,,,,,,,2022-01,AMERICAN KRAFT PAPER INDUSTRIES LLC
AR0001601,AR,paper_pulp,2022-01-31,TSS,12.160629625000002,,,,,,113.3,,,,,,,2022-01,AMERICAN KRAFT PAPER INDUSTRIES LLC
AR0001601,AR,paper_pulp,2022-02-28,BOD,8.498245449999999,,,,,,308.6,,,,,,,2022-02,AMERICAN KRAFT PAPER INDUSTRIES LLC
AR0001601,AR,paper_pulp,2022-02-28,TSS,8.498245449999999,,,,,,89.6,,,,,,,2022-02,AMERICAN KRAFT PAPER INDUSTRIES LLC
AR0001601,AR,paper_pulp,2022-03-31,BOD,13.1732268,,,,,,292.7,,,,,,,2022-03,AMERICAN KRAFT PAPER INDUSTRIES LLC
AR0001601,AR,paper_pulp,2022-03-31,TSS,13.1732268,,,,,,78.2,,,,,,,2022-03,AMERICAN KRAFT PAPER INDUSTRIES LLC
AR0001601,AR,paper_pulp,2022-04-30,BOD,12.85146695,,,,,,273.0,,,,,,,2022-04,AMERICAN KRAFT PAPER INDUSTRIES LLC
AR0001601,AR,paper_pulp,2022-04-30,TSS,12.85146695,,,,,,104.0,,,,,,,2022-04,AMERICAN KRAFT PAPER INDUSTRIES LLC
AR0001601,AR,paper_pulp,2022-05-31,BOD,11.649599275,,,,,,229.9,,,,,,,2022-05,AMERICAN KRAFT PAPER INDUSTRIES LLC
AR0001601,AR,paper_pulp,2022-05-31,TSS,11.649599275,,,,,,133.11,,,,,,,2022-05,AMERICAN KRAFT PAPER INDUSTRIES LLC
AR0001601,AR,paper_pulp,2022-06-30,BOD,11.9997497,,,,,,158.0,,,,,,,2022-06,AMERICAN KRAFT PAPER INDUSTRIES LLC
AR0001601,AR,paper_pulp,2022-06-30,TSS,11.9997497,,,,,,136.0,,,,,,,2022-06,AMERICAN KRAFT PAPER INDUSTRIES LLC
AR0001601,AR,paper_pulp,2022-07-31,BOD,10.0691906,,,,,,150.0,,,,,,,2022-07,AMERICAN KRAFT PAPER INDUSTRIES LLC
AR0001601,AR,paper_pulp,2022-07-31,TSS,10.0691906,,,,,,183.0,,,,,,,2022-07,AMERICAN KRAFT PAPER INDUSTRIES LLC
AR0001601,AR,paper_pulp,2022-08-31,BOD,9.927237725,,,,,,140.0,,,,,,,2022-08,AMERICAN KRAFT PAPER INDUSTRIES LLC
AR0001601,AR,paper_pulp,2022-08-31,TSS,9.927237725,,,,,,195.0,,,,,,,2022-08,AMERICAN KRAFT PAPER INDUSTRIES LLC
AR0001601,AR,paper_pulp,2022-09-30,BOD,8.961958175,,,,,,142.9,,,,,,,2022-09,AMERICAN KRAFT PAPER INDUSTRIES LLC
AR0001601,AR,paper_pulp,2022-09-30,TSS,8.961958175,,,,,,203.8,,,,,,,2022-09,AMERICAN KRAFT PAPER INDUSTRIES LLC
AR0001601,AR,paper_pulp,2022-10-31,BOD,8.640198325,,,,,,115.5,,,,,,,2022-10,AMERICAN KRAFT PAPER INDUSTRIES LLC
AR0001601,AR,paper_pulp,2022-10-31,TSS,8.640198325,,,,,,181.0,,,,,,,2022-10,AMERICAN KRAFT PAPER INDUSTRIES LLC
AR0001601,AR,paper_pulp,2022-11-30,BOD,10.722173825,,,,,,134.7,,,,,,,2022-11,AMERICAN KRAFT PAPER INDUSTRIES LLC
AR0001601,AR,paper_pulp,2022-11-30,TSS,10.722173825,,,,,,142.0,,,,,,,2022-11,AMERICAN KRAFT PAPER INDUSTRIES LLC
AR0001601,AR,paper_pulp,2022-12-31,BOD,10.230070525,,,,,,216.0,,,,,,,2022-12,AMERICAN KRAFT PAPER INDUSTRIES LLC
AR0001601,AR,paper_pulp,2022-12-31,TSS,10.230070525,,,,,,96.0,,,,,,,2022-12,AMERICAN KRAFT PAPER INDUSTRIES LLC
AR0001601,AR,paper_pulp,2023-01-31,BOD,12.293118975,,,,,,297.5,,,,,,,2023-01,AMERICAN KRAFT PAPER INDUSTRIES LLC
AR0001601,AR,paper_pulp,2023-01-31,TSS,12.293118975,,,,,,76.15,,,,,,,2023-01,AMERICAN KRAFT PAPER INDUSTRIES LLC
AR0001601,AR,paper_pulp,2023-02-28,BOD,13.636939525,,,,,,344.0,,,,,,,2023-02,AMERICAN KRAFT PAPER INDUSTRIES LLC
AR0001601,AR,paper_pulp,2023-02-28,TSS,13.636939525,,,,,,75.5,,,,,,,2023-02,AMERICAN KRAFT PAPER INDUSTRIES LLC
AR0001601,AR,paper_pulp,2023-03-31,BOD,10.646465625000001,,,,,,271.7,,,,,,,2023-03,AMERICAN KRAFT PAPER INDUSTRIES LLC
AR0001601,AR,paper_pulp,2023-03-31,TSS,10.646465625000001,,,,,,60.14,,,,,,,2023-03,AMERICAN KRAFT PAPER INDUSTRIES LLC
AR0001601,AR,paper_pulp,2023-04-30,BOD,11.025006625000001,,,,,,225.75,,,,,,,2023-04,AMERICAN KRAFT PAPER INDUSTRIES LLC
AR0001601,AR,paper_pulp,2023-04-30,TSS,11.025006625000001,,,,,,69.0,,,,,,,2023-04,AMERICAN KRAFT PAPER INDUSTRIES LLC
AR0001601,AR,paper_pulp,2024-01-31,BOD,15.368764600000002,,,,,,285.64,,,,,,,2024-01,AMERICAN KRAFT PAPER INDUSTRIES LLC
AR0001601,AR,paper_pulp,2024-01-31,TSS,15.368764600000002,,,,,,86.18,,,,,,,2024-01,AMERICAN KRAFT PAPER INDUSTRIES LLC
AR0001601,AR,paper_pulp,2024-02-29,BOD,15.1794941,,,,,,263.85,,,,,,,2024-02,AMERICAN KRAFT PAPER INDUSTRIES LLC
AR0001601,AR,paper_pulp,2024-02-29,TSS,15.1794941,,,,,,54.17,,,,,,,2024-02,AMERICAN KRAFT PAPER INDUSTRIES LLC
AR0001601,AR,paper_pulp,2024-03-31,BOD,11.744234525000001,,,,,,218.21,,,,,,,2024-03,AMERICAN KRAFT PAPER INDUSTRIES LLC
AR0001601,AR,paper_pulp,2024-03-31,TSS,11.744234525000001,,,,,,78.0,,,,,,,2024-03,AMERICAN KRAFT PAPER INDUSTRIES LLC
AR0001601,AR,paper_pulp,2024-04-30,BOD,12.435071850000002,,,,,,231.56,,,,,,,2024-04,AMERICAN KRAFT PAPER INDUSTRIES LLC
AR0001601,AR,paper_pulp,2024-04-30,TSS,12.435071850000002,,,,,,85.75,,,,,,,2024-04,AMERICAN KRAFT PAPER INDUSTRIES LLC
AR0001601,AR,paper_pulp,2024-05-31,BOD,13.873527650000002,,,,,,233.36,,,,,,,2024-05,AMERICAN KRAFT PAPER INDUSTRIES LLC
AR0001601,AR,paper_pulp,2024-05-31,TSS,13.873527650000002,,,,,,120.14,,,,,,,2024-05,AMERICAN KRAFT PAPER INDUSTRIES LLC
AR0001601,AR,paper_pulp,2024-06-30,BOD,10.419341025,,,,,,230.18,,,,,,,2024-06,AMERICAN KRAFT PAPER INDUSTRIES LLC
AR0001601,AR,paper_pulp,2024-06-30,TSS,10.419341025,,,,,,170.5,,,,,,,2024-06,AMERICAN KRAFT PAPER INDUSTRIES LLC
AR0001601,AR,paper_pulp,2024-07-31,BOD,8.2900479,,,,,,212.57,,,,,,,2024-07,AMERICAN KRAFT PAPER INDUSTRIES LLC
AR0001601,AR,paper_pulp,2024-07-31,TSS,8.2900479,,,,,,160.15,,,,,,,2024-07,AMERICAN KRAFT PAPER INDUSTRIES LLC
AR0001601,AR,paper_pulp,2024-08-31,BOD,9.3121086,,,,,,199.98,,,,,,,2024-08,AMERICAN KRAFT PAPER INDUSTRIES LLC
AR0001601,AR,paper_pulp,2024-08-31,TSS,9.3121086,,,,,,147.23,,,,,,,2024-08,AMERICAN KRAFT PAPER INDUSTRIES LLC
AR0001601,AR,paper_pulp,2024-09-30,BOD,9.141765150000001,,,,,,180.36,,,,,,,2024-09,AMERICAN KRAFT PAPER INDUSTRIES LLC
AR0001601,AR,paper_pulp,2024-09-30,TSS,9.141765150000001,,,,,,175.0,,,,,,,2024-09,AMERICAN KRAFT PAPER INDUSTRIES LLC
AR0001601,AR,paper_pulp,2024-10-31,BOD,11.554964025,,,,,,120.44,,,,,,,2024-10,AMERICAN KRAFT PAPER INDUSTRIES LLC
AR0001601,AR,paper_pulp,2024-10-31,TSS,11.554964025,,,,,,152.53,,,,,,,2024-10,AMERICAN KRAFT PAPER INDUSTRIES LLC
AR0001601,AR,paper_pulp,2024-11-30,BOD,11.48871935,,,,,,101.37,,,,,,,2024-11,AMERICAN KRAFT PAPER INDUSTRIES LLC
AR0001601,AR,paper_pulp,2024-11-30,TSS,11.48871935,,,,,,130.67,,,,,,,2024-11,AMERICAN KRAFT PAPER INDUSTRIES LLC
AR0001601,AR,paper_pulp,2024-12-31,BOD,12.974492775000002,,,,,,161.52,,,,,,,2024-12,AMERICAN KRAFT PAPER INDUSTRIES LLC
AR0001601,AR,paper_pulp,2024-12-31,TSS,12.974492775000002,,,,,,96.0,,,,,,,2024-12,AMERICAN KRAFT PAPER INDUSTRIES LLC
CT0000434,CT,paper_pulp,2019-01-31,BOD,,,,,,,3.1,,,,,,,2019-01,AHLSTROM NONWOVENS LLC
CT0000434,CT,paper_pulp,2019-01-31,Cu,,,,,,,0.026,,,,,,0.227,2019-01,AHLSTROM NONWOVENS LLC
CT0000434,CT,paper_pulp,2019-01-31,Fe,,,,,,,0.04,,,,,,,2019-01,AHLSTROM NONWOVENS LLC
CT0000434,CT,paper_pulp,2019-01-31,Ni,,,,,,,0.0,,,,,,,2019-01,AHLSTROM NONWOVENS LLC
CT0000434,CT,paper_pulp,2019-01-31,Pb,,,,,,,0.0,,,,,,,2019-01,AHLSTROM NONWOVENS LLC
CT0000434,CT,paper_pulp,2019-01-31,TSS,,,,,,,4.5,,,,,,,2019-01,AHLSTROM NONWOVENS LLC
CT0000434,CT,paper_pulp,2019-01-31,Zn,,,,,,,0.07,,,,,,,2019-01,AHLSTROM NONWOVENS LLC
CT0000434,CT,paper_pulp,2019-02-28,BOD,,,,,,,5.5,,,,,,,2019-02,AHLSTROM NONWOVENS LLC
CT0000434,CT,paper_pulp,2019-02-28,Cu,,,,,,,0.011,,,,,,0.227,2019-02,AHLSTROM NONWOVENS LLC
CT0000434,CT,paper_pulp,2019-02-28,Fe,,,,,,,0.0,,,,,,,2019-02,AHLSTROM NONWOVENS LLC
CT0000434,CT,paper_pulp,2019-02-28,Ni,,,,,,,0.0,,,,,,,2019-02,AHLSTROM NONWOVENS LLC
CT0000434,CT,paper_pulp,2019-02-28,Pb,,,,,,,0.0,,,,,,,2019-02,AHLSTROM NONWOVENS LLC
CT0000434,CT,paper_pulp,2019-02-28,TSS,,,,,,,0.0,,,,,,,2019-02,AHLSTROM NONWOVENS LLC
CT0000434,CT,paper_pulp,2019-02-28,Zn,,,,,,,0.05,,,,,,,2019-02,AHLSTROM NONWOVENS LLC
CT0000434,CT,paper_pulp,2019-03-31,BOD,,,,,,,4.9,,,,,,,2019-03,AHLSTROM NONWOVENS LLC
CT0000434,CT,paper_pulp,2019-03-31,Cu,,,,,,,0.012,,,,,,0.227,2019-03,AHLSTROM NONWOVENS LLC
CT0000434,CT,paper_pulp,2019-03-31,Fe,,,,,,,0.0,,,,,,,2019-03,AHLSTROM NONWOVENS LLC
CT0000434,CT,paper_pulp,2019-03-31,Ni,,,,,,,0.0,,,,,,,2019-03,AHLSTROM NONWOVENS LLC
CT0000434,CT,paper_pulp,2019-03-31,Pb,,,,,,,0.0,,,,,,,2019-03,AHLSTROM NONWOVENS LLC
CT0000434,CT,paper_pulp,2019-03-31,TDS,,,,,,,217.0,,,,,,600.0,2019-03,AHLSTROM NONWOVENS LLC
CT0000434,CT,paper_pulp,2019-03-31,TSS,,,,,,,10.3,,,,,,,2019-03,AHLSTROM NONWOVENS LLC
CT0000434,CT,paper_pulp,2019-03-31,Zn,,,,,,,0.04,,,,,,,2019-03,AHLSTROM NONWOVENS LLC
CT0000434,CT,paper_pulp,2019-04-30,BOD,,,,,,,1.5,,,,,,,2019-04,AHLSTROM NONWOVENS LLC
CT0000434,CT,paper_pulp,2019-04-30,Cu,,,,,,,0.009,,,,,,0.227,2019-04,AHLSTROM NONWOVENS LLC
CT0000434,CT,paper_pulp,2019-04-30,Fe,,,,,,,0.0,,,,,,,2019-04,AHLSTROM NONWOVENS LLC
CT0000434,CT,paper_pulp,2019-04-30,Ni,,,,,,,0.0,,,,,,,2019-04,AHLSTROM NONWOVENS LLC
CT0000434,CT,paper_pulp,2019-04-30,Pb,,,,,,,0.0,,,,,,,2019-04,AHLSTROM NONWOVENS LLC
CT0000434,CT,paper_pulp,2019-04-30,TSS,,,,,,,10.3,,,,,,,2019-04,AHLSTROM NONWOVENS LLC
CT0000434,CT,paper_pulp,2019-04-30,Zn,,,,,,,0.03,,,,,,,2019-04,AHLSTROM NONWOVENS LLC
CT0000434,CT,paper_pulp,2019-05-31,BOD,,,,,,,7.6,,,,,,,2019-05,AHLSTROM NONWOVENS LLC
CT0000434,CT,paper_pulp,2019-05-31,Cu,,,,,,,0.004,,,,,,0.227,2019-05,AHLSTROM NONWOVENS LLC
CT0000434,CT,paper_pulp,2019-05-31,Fe,,,,,,,0.0,,,,,,,2019-05,AHLSTROM NONWOVENS LLC
CT0000434,CT,paper_pulp,2019-05-31,Ni,,,,,,,0.0,,,,,,,2019-05,AHLSTROM NONWOVENS LLC
CT0000434,CT,paper_pulp,2019-05-31,Pb,,,,,,,0.0,,,,,,,2019-05,AHLSTROM NONWOVENS LLC
CT0000434,CT,paper_pulp,2019-05-31,TSS,,,,,,,6.5,,,,,,,2019-05,AHLSTROM NONWOVENS LLC
CT0000434,CT,paper_pulp,2019-05-31,Zn,,,,,,,0.03,,,,,,,2019-05,AHLSTROM NONWOVENS LLC
CT0000434,CT,paper_pulp,2019-06-30,BOD,,,,,,,5.6,,,,,,,2019-06,AHLSTROM NONWOVENS LLC
CT0000434,CT,paper_pulp,2019-06-30,Cu,,,,,,,0.03,,,,,,0.227,2019-06,AHLSTROM NONWOVENS LLC
CT0000434,CT,paper_pulp,2019-06-30,Fe,,,,,,,0.06,,,,,,,2019-06,AHLSTROM NONWOVENS LLC
CT0000434,CT,paper_pulp,2019-06-30,Ni,,,,,,,0.0,,,,,,,2019-06,AHLSTROM NONWOVENS LLC
CT0000434,CT,paper_pulp,2019-06-30,Pb,,,,,,,0.0,,,,,,,2019-06,AHLSTROM NONWOVENS LLC
CT0000434,CT,paper_pulp,2019-06-30,TDS,,,,,,,216.0,,,,,,600.0,2019-06,AHLSTROM NONWOVENS LLC
CT0000434,CT,paper_pulp,2019-06-30,TSS,,,,,,,10.7,,,,,,,2019-06,AHLSTROM NONWOVENS LLC
CT0000434,CT,paper_pulp,2019-06-30,Zn,,,,,,,0.04,,,,,,,2019-06,AHLSTROM NONWOVENS LLC
CT0000434,CT,paper_pulp,2019-07-31,BOD,,,,,,,6.4,,,,,,,2019-07,AHLSTROM NONWOVENS LLC
CT0000434,CT,paper_pulp,2019-07-31,Cu,,,,,,,0.011,,,,,,0.227,2019-07,AHLSTROM NONWOVENS LLC
CT0000434,CT,paper_pulp,2019-07-31,Fe,,,,,,,0.0,,,,,,,2019-07,AHLSTROM NONWOVENS LLC
CT0000434,CT,paper_pulp,2019-07-31,Ni,,,,,,,0.0,,,,,,,2019-07,AHLSTROM NONWOVENS LLC
CT0000434,CT,paper_pulp,2019-07-31,Pb,,,,,,,0.0,,,,,,,2019-07,AHLSTROM NONWOVENS LLC
CT0000434,CT,paper_pulp,2019-07-31,TSS,,,,,,,0.0,,,,,,,2019-07,AHLSTROM NONWOVENS LLC
CT0000434,CT,paper_pulp,2019-07-31,Zn,,,,,,,0.03,,,,,,,2019-07,AHLSTROM NONWOVENS LLC
CT0000434,CT,paper_pulp,2019-08-31,BOD,,,,,,,5.5,,,,,,,2019-08,AHLSTROM NONWOVENS LLC
CT0000434,CT,paper_pulp,2019-08-31,Cu,,,,,,,0.021,,,,,,0.227,2019-08,AHLSTROM NONWOVENS LLC
CT0000434,CT,paper_pulp,2019-08-31,Fe,,,,,,,0.0,,,,,,,2019-08,AHLSTROM NONWOVENS LLC
CT0000434,CT,paper_pulp,2019-08-31,Ni,,,,,,,0.0,,,,,,,2019-08,AHLSTROM NONWOVENS LLC
CT0000434,CT,paper_pulp,2019-08-31,Pb,,,,,,,0.0,,,,,,,2019-08,AHLSTROM NONWOVENS LLC
CT0000434,CT,paper_pulp,2019-08-31,TSS,,,,,,,9.0,,,,,,,2019-08,AHLSTROM NONWOVENS LLC
CT0000434,CT,paper_pulp,2019-08-31,Zn,,,,,,,0.09,,,,,,,2019-08,AHLSTROM NONWOVENS LLC
CT0000434,CT,paper_pulp,2019-09-30,BOD,,,,,,,4.2,,,,,,,2019-09,AHLSTROM NONWOVENS LLC
CT0000434,CT,paper_pulp,2019-09-30,Cu,,,,,,,0.008,,,,,,0.227,2019-09,AHLSTROM NONWOVENS LLC
CT0000434,CT,paper_pulp,2019-09-30,Fe,,,,,,,0.0,,,,,,,2019-09,AHLSTROM NONWOVENS LLC
CT0000434,CT,paper_pulp,2019-09-30,Ni,,,,,,,0.0,,,,,,,2019-09,AHLSTROM NONWOVENS LLC
CT0000434,CT,paper_pulp,2019-09-30,Pb,,,,,,,0.0,,,,,,,2019-09,AHLSTROM NONWOVENS LLC
CT0000434,CT,paper_pulp,2019-09-30,TDS,,,,,,,119.0,,,,,,600.0,2019-09,AHLSTROM NONWOVENS LLC
CT0000434,CT,paper_pulp,2019-09-30,TSS,,,,,,,1.3,,,,,,,2019-09,AHLSTROM NONWOVENS LLC
CT0000434,CT,paper_pulp,2019-09-30,Zn,,,,,,,0.05,,,,,,,2019-09,AHLSTROM NONWOVENS LLC
CT0000434,CT,paper_pulp,2019-10-31,BOD,,,,,,,12.8,,,,,,,2019-10,AHLSTROM NONWOVENS LLC
CT0000434,CT,paper_pulp,2019-10-31,Cu,,,,,,,0.017,,,,,,0.227,2019-10,AHLSTROM NONWOVENS LLC
CT0000434,CT,paper_pulp,2019-10-31,Fe,,,,,,,0.02,,,,,,,2019-10,AHLSTROM NONWOVENS LLC
CT0000434,CT,paper_pulp,2019-10-31,Ni,,,,,,,0.0,,,,,,,2019-10,AHLSTROM NONWOVENS LLC
CT0000434,CT,paper_pulp,2019-10-31,Pb,,,,,,,0.0,,,,,,,2019-10,AHLSTROM NONWOVENS LLC
CT0000434,CT,paper_pulp,2019-10-31,TSS,,,,,,,24.8,,,,,,,2019-10,AHLSTROM NONWOVENS LLC
CT0000434,CT,paper_pulp,2019-10-31,Zn,,,,,,,0.21,,,,,,,2019-10,AHLSTROM NONWOVENS LLC
CT0000434,CT,paper_pulp,2019-11-30,BOD,,,,,,,4.1,,,,,,,2019-11,AHLSTROM NONWOVENS LLC
CT0000434,CT,paper_pulp,2019-11-30,Cu,,,,,,,0.018,,,,,,0.227,2019-11,AHLSTROM NONWOVENS LLC
CT0000434,CT,paper_pulp,2019-11-30,Fe,,,,,,,0.0,,,,,,,2019-11,AHLSTROM NONWOVENS LLC
CT0000434,CT,paper_pulp,2019-11-30,Ni,,,,,,,0.0,,,,,,,2019-11,AHLSTROM NONWOVENS LLC
CT0000434,CT,paper_pulp,2019-11-30,Pb,,,,,,,0.0,,,,,,,2019-11,AHLSTROM NONWOVENS LLC
CT0000434,CT,paper_pulp,2019-11-30,TSS,,,,,,,0.0,,,,,,,2019-11,AHLSTROM NONWOVENS LLC
CT0000434,CT,paper_pulp,2019-11-30,Zn,,,,,,,0.15,,,,,,,2019-11,AHLSTROM NONWOVENS LLC
CT0000434,CT,paper_pulp,2019-12-31,BOD,,,,,,,3.6,,,,,,,2019-12,AHLSTROM NONWOVENS LLC
CT0000434,CT,paper_pulp,2019-12-31,Cu,,,,,,,0.021,,,,,,0.227,2019-12,AHLSTROM NONWOVENS LLC
CT0000434,CT,paper_pulp,2019-12-31,Fe,,,,,,,0.03,,,,,,,2019-12,AHLSTROM NONWOVENS LLC
CT0000434,CT,paper_pulp,2019-12-31,Ni,,,,,,,0.0,,,,,,,2019-12,AHLSTROM NONWOVENS LLC
CT0000434,CT,paper_pulp,2019-12-31,Pb,,,,,,,0.0,,,,,,,2019-12,AHLSTROM NONWOVENS LLC
CT0000434,CT,paper_pulp,2019-12-31,TDS,,,,,,,209.0,,,,,,600.0,2019-12,AHLSTROM NONWOVENS LLC
CT0000434,CT,paper_pulp,2019-12-31,TSS,,,,,,,2.3,,,,,,,2019-12,AHLSTROM NONWOVENS LLC
CT0000434,CT,paper_pulp,2019-12-31,Zn,,,,,,,0.26,,,,,,,2019-12,AHLSTROM NONWOVENS LLC
CT0000434,CT,paper_pulp,2020-01-31,BOD,,,,,,,4.4,,,,,,,2020-01,AHLSTROM NONWOVENS LLC
CT0000434,CT,paper_pulp,2020-01-31,Cu,,,,,,,0.011,,,,,,0.227,2020-01,AHLSTROM NONWOVENS LLC
CT0000434,CT,paper_pulp,2020-01-31,Fe,,,,,,,0.0,,,,,,,2020-01,AHLSTROM NONWOVENS LLC
CT0000434,CT,paper_pulp,2020-01-31,Ni,,,,,,,0.0,,,,,,,2020-01,AHLSTROM NONWOVENS LLC
CT0000434,CT,paper_pulp,2020-01-31,Pb,,,,,,,0.0,,,,,,,2020-01,AHLSTROM NONWOVENS LLC
CT0000434,CT,paper_pulp,2020-01-31,TSS,,,,,,,1.8,,,,,,,2020-01,AHLSTROM NONWOVENS LLC
CT0000434,CT,paper_pulp,2020-01-31,Zn,,,,,,,0.15,,,,,,,2020-01,AHLSTROM NONWOVENS LLC
CT0000434,CT,paper_pulp,2020-02-29,BOD,,,,,,,10.6,,,,,,,2020-02,AHLSTROM NONWOVENS LLC
CT0000434,CT,paper_pulp,2020-02-29,Cu,,,,,,,0.018,,,,,,0.227,2020-02,AHLSTROM NONWOVENS LLC
CT0000434,CT,paper_pulp,2020-02-29,Fe,,,,,,,0.0,,,,,,,2020-02,AHLSTROM NONWOVENS LLC
CT0000434,CT,paper_pulp,2020-02-29,Ni,,,,,,,0.0,,,,,,,2020-02,AHLSTROM NONWOVENS LLC
CT0000434,CT,paper_pulp,2020-02-29,Pb,,,,,,,0.0,,,,,,,2020-02,AHLSTROM NONWOVENS LLC
CT0000434,CT,paper_pulp,2020-02-29,TSS,,,,,,,6.5,,,,,,,2020-02,AHLSTROM NONWOVENS LLC
CT0000434,CT,paper_pulp,2020-02-29,Zn,,,,,,,0.07,,,,,,,2020-02,AHLSTROM NONWOVENS LLC
CT0000434,CT,paper_pulp,2020-03-31,BOD,,,,,,,4.8,,,,,,,2020-03,AHLSTROM NONWOVENS LLC
CT0000434,CT,paper_pulp,2020-03-31,Cu,,,,,,,0.009,,,,,,0.227,2020-03,AHLSTROM NONWOVENS LLC
CT0000434,CT,paper_pulp,2020-03-31,Fe,,,,,,,0.0,,,,,,,2020-03,AHLSTROM NONWOVENS LLC
CT0000434,CT,paper_pulp,2020-03-31,Ni,,,,,,,0.0,,,,,,,2020-03,AHLSTROM NONWOVENS LLC
CT0000434,CT,paper_pulp,2020-03-31,Pb,,,,,,,0.0,,,,,,,2020-03,AHLSTROM NONWOVENS LLC
CT0000434,CT,paper_pulp,2020-03-31,TDS,,,,,,,202.0,,,,,,600.0,2020-03,AHLSTROM NONWOVENS LLC
CT0000434,CT,paper_pulp,2020-03-31,TSS,,,,,,,4.5,,,,,,,2020-03,AHLSTROM NONWOVENS LLC
CT0000434,CT,paper_pulp,2020-03-31,Zn,,,,,,,0.04,,,,,,,2020-03,AHLSTROM NONWOVENS LLC
CT0000434,CT,paper_pulp,2020-04-30,BOD,,,,,,,3.7,,,,,,,2020-04,AHLSTROM NONWOVENS LLC
CT0000434,CT,paper_pulp,2020-04-30,Cu,,,,,,,0.052,,,,,,0.227,2020-04,AHLSTROM NONWOVENS LLC
CT0000434,CT,paper_pulp,2020-04-30,Fe,,,,,,,0.0,,,,,,,2020-04,AHLSTROM NONWOVENS LLC
CT0000434,CT,paper_pulp,2020-04-30,Ni,,,,,,,0.0,,,,,,,2020-04,AHLSTROM NONWOVENS LLC
CT0000434,CT,paper_pulp,2020-04-30,Pb,,,,,,,0.0,,,,,,,2020-04,AHLSTROM NONWOVENS LLC
CT0000434,CT,paper_pulp,2020-04-30,TSS,,,,,,,3.5,,,,,,,2020-04,AHLSTROM NONWOVENS LLC
CT0000434,CT,paper_pulp,2020-04-30,Zn,,,,,,,0.19,,,,,,,2020-04,AHLSTROM NONWOVENS LLC
CT0000434,CT,paper_pulp,2020-05-31,BOD,,,,,,,5.7,,,,,,,2020-05,AHLSTROM NONWOVENS LLC
CT0000434,CT,paper_pulp,2020-05-31,Cu,,,,,,,0.006,,,,,,0.227,2020-05,AHLSTROM NONWOVENS LLC
CT0000434,CT,paper_pulp,2020-05-31,Fe,,,,,,,0.0,,,,,,,2020-05,AHLSTROM NONWOVENS LLC
CT0000434,CT,paper_pulp,2020-05-31,Ni,,,,,,,0.0,,,,,,,2020-05,AHLSTROM NONWOVENS LLC
CT0000434,CT,paper_pulp,2020-05-31,Pb,,,,,,,0.0,,,,,,,2020-05,AHLSTROM NONWOVENS LLC
CT0000434,CT,paper_pulp,2020-05-31,TSS,,,,,,,3.3,,,,,,,2020-05,AHLSTROM NONWOVENS LLC
CT0000434,CT,paper_pulp,2020-05-31,Zn,,,,,,,0.12,,,,,,,2020-05,AHLSTROM NONWOVENS LLC
CT0000434,CT,paper_pulp,2020-06-30,BOD,,,,,,,6.3,,,,,,,2020-06,AHLSTROM NONWOVENS LLC
CT0000434,CT,paper_pulp,2020-06-30,Cu,,,,,,,0.03,,,,,,0.227,2020-06,AHLSTROM NONWOVENS LLC
CT0000434,CT,paper_pulp,2020-06-30,Fe,,,,,,,0.03,,,,,,,2020-06,AHLSTROM NONWOVENS LLC
CT0000434,CT,paper_pulp,2020-06-30,Ni,,,,,,,0.0,,,,,,,2020-06,AHLSTROM NONWOVENS LLC
CT0000434,CT,paper_pulp,2020-06-30,Pb,,,,,,,0.0,,,,,,,2020-06,AHLSTROM NONWOVENS LLC
CT0000434,CT,paper_pulp,2020-06-30,TDS,,,,,,,152.0,,,,,,600.0,2020-06,AHLSTROM NONWOVENS LLC
CT0000434,CT,paper_pulp,2020-06-30,TSS,,,,,,,10.8,,,,,,,2020-06,AHLSTROM NONWOVENS LLC
CT0000434,CT,paper_pulp,2020-06-30,Zn,,,,,,,0.15,,,,,,,2020-06,AHLSTROM NONWOVENS LLC
CT0000434,CT,paper_pulp,2020-07-31,BOD,,,,,,,4.0,,,,,,,2020-07,AHLSTROM NONWOVENS LLC
CT0000434,CT,paper_pulp,2020-07-31,Cu,,,,,,,0.011,,,,,,0.227,2020-07,AHLSTROM NONWOVENS LLC
CT0000434,CT,paper_pulp,2020-07-31,Fe,,,,,,,0.0,,,,,,,2020-07,AHLSTROM NONWOVENS LLC
CT0000434,CT,paper_pulp,2020-07-31,Ni,,,,,,,0.0,,,,,,,2020-07,AHLSTROM NONWOVENS LLC
CT0000434,CT,paper_pulp,2020-07-31,Pb,,,,,,,0.0,,,,,,,2020-07,AHLSTROM NONWOVENS LLC
CT0000434,CT,paper_pulp,2020-07-31,TSS,,,,,,,2.5,,,,,,,2020-07,AHLSTROM NONWOVENS LLC
CT0000434,CT,paper_pulp,2020-07-31,Zn,,,,,,,0.07,,,,,,,2020-07,AHLSTROM NONWOVENS LLC
CT0000434,CT,paper_pulp,2020-08-31,BOD,,,,,,,1.3,,,,,,,2020-08,AHLSTROM NONWOVENS LLC
CT0000434,CT,paper_pulp,2020-08-31,Cu,,,,,,,0.017,,,,,,0.227,2020-08,AHLSTROM NONWOVENS LLC
CT0000434,CT,paper_pulp,2020-08-31,Fe,,,,,,,0.0,,,,,,,2020-08,AHLSTROM NONWOVENS LLC
CT0000434,CT,paper_pulp,2020-08-31,Ni,,,,,,,0.0,,,,,,,2020-08,AHLSTROM NONWOVENS LLC
CT0000434,CT,paper_pulp,2020-08-31,Pb,,,,,,,0.0,,,,,,,2020-08,AHLSTROM NONWOVENS LLC
CT0000434,CT,paper_pulp,2020-08-31,TSS,,,,,,,0.0,,,,,,,2020-08,AHLSTROM NONWOVENS LLC
CT0000434,CT,paper_pulp,2020-08-31,Zn,,,,,,,0.15,,,,,,,2020-08,AHLSTROM NONWOVENS LLC
CT0000434,CT,paper_pulp,2020-09-30,BOD,,,,,,,4.5,,,,,,,2020-09,AHLSTROM NONWOVENS LLC
CT0000434,CT,paper_pulp,2020-09-30,Cu,,,,,,,0.015,,,,,,0.227,2020-09,AHLSTROM NONWOVENS LLC
CT0000434,CT,paper_pulp,2020-09-30,Fe,,,,,,,0.0,,,,,,,2020-09,AHLSTROM NONWOVENS LLC
CT0000434,CT,paper_pulp,2020-09-30,Ni,,,,,,,0.0,,,,,,,2020-09,AHLSTROM NONWOVENS LLC
CT0000434,CT,paper_pulp,2020-09-30,Pb,,,,,,,0.0,,,,,,,2020-09,AHLSTROM NONWOVENS LLC
CT0000434,CT,paper_pulp,2020-09-30,TDS,,,,,,,122.0,,,,,,600.0,2020-09,AHLSTROM NONWOVENS LLC
CT0000434,CT,paper_pulp,2020-09-30,TSS,,,,,,,0.0,,,,,,,2020-09,AHLSTROM NONWOVENS LLC
CT0000434,CT,paper_pulp,2020-09-30,Zn,,,,,,,0.07,,,,,,,2020-09,AHLSTROM NONWOVENS LLC
CT0000434,CT,paper_pulp,2020-10-31,BOD,,,,,,,4.6,,,,,,,2020-10,AHLSTROM NONWOVENS LLC
CT0000434,CT,paper_pulp,2020-10-31,Cu,,,,,,,0.01,,,,,,0.227,2020-10,AHLSTROM NONWOVENS LLC
CT0000434,CT,paper_pulp,2020-10-31,Fe,,,,,,,0.0,,,,,,,2020-10,AHLSTROM NONWOVENS LLC
CT0000434,CT,paper_pulp,2020-10-31,Ni,,,,,,,0.0,,,,,,,2020-10,AHLSTROM NONWOVENS LLC
CT0000434,CT,paper_pulp,2020-10-31,Pb,,,,,,,0.0,,,,,,,2020-10,AHLSTROM NONWOVENS LLC
CT0000434,CT,paper_pulp,2020-10-31,TSS,,,,,,,1.3,,,,,,,2020-10,AHLSTROM NONWOVENS LLC
CT0000434,CT,paper_pulp,2020-10-31,Zn,,,,,,,0.11,,,,,,,2020-10,AHLSTROM NONWOVENS LLC
CT0000434,CT,paper_pulp,2020-11-30,BOD,,,,,,,4.8,,,,,,,2020-11,AHLSTROM NONWOVENS LLC
CT0000434,CT,paper_pulp,2020-11-30,Cu,,,,,,,0.016,,,,,,0.227,2020-11,AHLSTROM NONWOVENS LLC
CT0000434,CT,paper_pulp,2020-11-30,Fe,,,,,,,0.0,,,,,,,2020-11,AHLSTROM NONWOVENS LLC
CT0000434,CT,paper_pulp,2020-11-30,Ni,,,,,,,0.0,,,,,,,2020-11,AHLSTROM NONWOVENS LLC
CT0000434,CT,paper_pulp,2020-11-30,Pb,,,,,,,0.0,,,,,,,2020-11,AHLSTROM NONWOVENS LLC
CT0000434,CT,paper_pulp,2020-11-30,TSS,,,,,,,1.0,,,,,,,2020-11,AHLSTROM NONWOVENS LLC
CT0000434,CT,paper_pulp,2020-11-30,Zn,,,,,,,0.09,,,,,,,2020-11,AHLSTROM NONWOVENS LLC
CT0000434,CT,paper_pulp,2020-12-31,BOD,,,,,,,6.1,,,,,,,2020-12,AHLSTROM NONWOVENS LLC
CT0000434,CT,paper_pulp,2020-12-31,Cu,,,,,,,0.016,,,,,,0.227,2020-12,AHLSTROM NONWOVENS LLC
CT0000434,CT,paper_pulp,2020-12-31,Fe,,,,,,,0.0,,,,,,,2020-12,AHLSTROM NONWOVENS LLC
CT0000434,CT,paper_pulp,2020-12-31,Ni,,,,,,,0.0,,,,,,,2020-12,AHLSTROM NONWOVENS LLC
CT0000434,CT,paper_pulp,2020-12-31,Pb,,,,,,,0.0,,,,,,,2020-12,AHLSTROM NONWOVENS LLC
CT0000434,CT,paper_pulp,2020-12-31,TDS,,,,,,,247.0,,,,,,600.0,2020-12,AHLSTROM NONWOVENS LLC
CT0000434,CT,paper_pulp,2020-12-31,TSS,,,,,,,9.0,,,,,,,2020-12,AHLSTROM NONWOVENS LLC
CT0000434,CT,paper_pulp,2020-12-31,Zn,,,,,,,0.13,,,,,,,2020-12,AHLSTROM NONWOVENS LLC
CT0000434,CT,paper_pulp,2021-01-31,BOD,,,,,,,2.7,,,,,,,2021-01,AHLSTROM NONWOVENS LLC
CT0000434,CT,paper_pulp,2021-01-31,Cu,,,,,,,0.005,,,,,,0.227,2021-01,AHLSTROM NONWOVENS LLC
CT0000434,CT,paper_pulp,2021-01-31,Fe,,,,,,,0.0,,,,,,,2021-01,AHLSTROM NONWOVENS LLC
CT0000434,CT,paper_pulp,2021-01-31,Ni,,,,,,,0.0,,,,,,,2021-01,AHLSTROM NONWOVENS LLC
CT0000434,CT,paper_pulp,2021-01-31,Pb,,,,,,,0.0,,,,,,,2021-01,AHLSTROM NONWOVENS LLC
CT0000434,CT,paper_pulp,2021-01-31,TSS,,,,,,,0.0,,,,,,,2021-01,AHLSTROM NONWOVENS LLC
CT0000434,CT,paper_pulp,2021-01-31,Zn,,,,,,,0.06,,,,,,,2021-01,AHLSTROM NONWOVENS LLC
CT0000434,CT,paper_pulp,2021-02-28,BOD,,,,,,,4.6,,,,,,,2021-02,AHLSTROM NONWOVENS LLC
CT0000434,CT,paper_pulp,2021-02-28,Cu,,,,,,,0.014,,,,,,0.227,2021-02,AHLSTROM NONWOVENS LLC
CT0000434,CT,paper_pulp,2021-02-28,Fe,,,,,,,0.0,,,,,,,2021-02,AHLSTROM NONWOVENS LLC
CT0000434,CT,paper_pulp,2021-02-28,Ni,,,,,,,0.0,,,,,,,2021-02,AHLSTROM NONWOVENS LLC
CT0000434,CT,paper_pulp,2021-02-28,Pb,,,,,,,0.0,,,,,,,2021-02,AHLSTROM NONWOVENS LLC
CT0000434,CT,paper_pulp,2021-02-28,TSS,,,,,,,4.3,,,,,,,2021-02,AHLSTROM NONWOVENS LLC
CT0000434,CT,paper_pulp,2021-02-28,Zn,,,,,,,0.08,,,,,,,2021-02,AHLSTROM NONWOVENS LLC
CT0000434,CT,paper_pulp,2021-03-31,BOD,,,,,,,4.0,,,,,,,2021-03,AHLSTROM NONWOVENS LLC
CT0000434,CT,paper_pulp,2021-03-31,Cu,,,,,,,0.009,,,,,,0.227,2021-03,AHLSTROM NONWOVENS LLC
CT0000434,CT,paper_pulp,2021-03-31,Fe,,,,,,,0.0,,,,,,,2021-03,AHLSTROM NONWOVENS LLC
CT0000434,CT,paper_pulp,2021-03-31,Ni,,,,,,,0.0,,,,,,,2021-03,AHLSTROM NONWOVENS LLC
CT0000434,CT,paper_pulp,2021-03-31,Pb,,,,,,,0.0,,,,,,,2021-03,AHLSTROM NONWOVENS LLC
CT0000434,CT,paper_pulp,2021-03-31,TDS,,,,,,,251.0,,,,,,600.0,2021-03,AHLSTROM NONWOVENS LLC
CT0000434,CT,paper_pulp,2021-03-31,TSS,,,,,,,3.5,,,,,,,2021-03,AHLSTROM NONWOVENS LLC
CT0000434,CT,paper_pulp,2021-03-31,Zn,,,,,,,0.05,,,,,,,2021-03,AHLSTROM NONWOVENS LLC
CT0000434,CT,paper_pulp,2021-04-30,BOD,,,,,,,2.7,,,,,,,2021-04,AHLSTROM NONWOVENS LLC
CT0000434,CT,paper_pulp,2021-04-30,Cu,,,,,,,0.015,,,,,,0.227,2021-04,AHLSTROM NONWOVENS LLC
CT0000434,CT,paper_pulp,2021-04-30,Fe,,,,,,,0.0,,,,,,,2021-04,AHLSTROM NONWOVENS LLC
CT0000434,CT,paper_pulp,2021-04-30,Ni,,,,,,,0.0,,,,,,,2021-04,AHLSTROM NONWOVENS LLC
CT0000434,CT,paper_pulp,2021-04-30,Pb,,,,,,,0.0,,,,,,,2021-04,AHLSTROM NONWOVENS LLC
CT0000434,CT,paper_pulp,2021-04-30,TSS,,,,,,,0.5,,,,,,,2021-04,AHLSTROM NONWOVENS LLC
CT0000434,CT,paper_pulp,2021-04-30,Zn,,,,,,,0.06,,,,,,,2021-04,AHLSTROM NONWOVENS LLC
CT0000434,CT,paper_pulp,2021-05-31,BOD,,,,,,,3.7,,,,,,,2021-05,AHLSTROM NONWOVENS LLC
CT0000434,CT,paper_pulp,2021-05-31,Cu,,,,,,,0.031,,,,,,0.227,2021-05,AHLSTROM NONWOVENS LLC
CT0000434,CT,paper_pulp,2021-05-31,Fe,,,,,,,0.0,,,,,,,2021-05,AHLSTROM NONWOVENS LLC
CT0000434,CT,paper_pulp,2021-05-31,Ni,,,,,,,0.0,,,,,,,2021-05,AHLSTROM NONWOVENS LLC
CT0000434,CT,paper_pulp,2021-05-31,Pb,,,,,,,0.0,,,,,,,2021-05,AHLSTROM NONWOVENS LLC
CT0000434,CT,paper_pulp,2021-05-31,TSS,,,,,,,0.8,,,,,,,2021-05,AHLSTROM NONWOVENS LLC
CT0000434,CT,paper_pulp,2021-05-31,Zn,,,,,,,0.16,,,,,,,2021-05,AHLSTROM NONWOVENS LLC
CT0000434,CT,paper_pulp,2021-06-30,BOD,,,,,,,4.1,,,,,,,2021-06,AHLSTROM NONWOVENS LLC
CT0000434,CT,paper_pulp,2021-06-30,Cu,,,,,,,0.03,,,,,,0.227,2021-06,AHLSTROM NONWOVENS LLC
CT0000434,CT,paper_pulp,2021-06-30,Fe,,,,,,,0.105,,,,,,,2021-06,AHLSTROM NONWOVENS LLC
CT0000434,CT,paper_pulp,2021-06-30,Ni,,,,,,,0.0,,,,,,,2021-06,AHLSTROM NONWOVENS LLC
CT0000434,CT,paper_pulp,2021-06-30,Pb,,,,,,,0.0,,,,,,,2021-06,AHLSTROM NONWOVENS LLC
CT0000434,CT,paper_pulp,2021-06-30,TDS,,,,,,,156.0,,,,,,600.0,2021-06,AHLSTROM NONWOVENS LLC
CT0000434,CT,paper_pulp,2021-06-30,TSS,,,,,,,0.0,,,,,,,2021-06,AHLSTROM NONWOVENS LLC
CT0000434,CT,paper_pulp,2021-06-30,Zn,,,,,,,0.06,,,,,,,2021-06,AHLSTROM NONWOVENS LLC
CT0000434,CT,paper_pulp,2021-07-31,BOD,,,,,,,3.4,,,,,,,2021-07,AHLSTROM NONWOVENS LLC
CT0000434,CT,paper_pulp,2021-07-31,Cu,,,,,,,0.037,,,,,,0.227,2021-07,AHLSTROM NONWOVENS LLC
CT0000434,CT,paper_pulp,2021-07-31,Fe,,,,,,,0.0,,,,,,,2021-07,AHLSTROM NONWOVENS LLC
CT0000434,CT,paper_pulp,2021-07-31,Ni,,,,,,,0.0,,,,,,,2021-07,AHLSTROM NONWOVENS LLC
CT0000434,CT,paper_pulp,2021-07-31,Pb,,,,,,,0.0,,,,,,,2021-07,AHLSTROM NONWOVENS LLC
CT0000434,CT,paper_pulp,2021-07-31,TSS,,,,,,,0.5,,,,,,,2021-07,AHLSTROM NONWOVENS LLC
CT0000434,CT,paper_pulp,2021-07-31,Zn,,,,,,,0.1,,,,,,,2021-07,AHLSTROM NONWOVENS LLC
CT0000434,CT,paper_pulp,2021-08-31,BOD,,,,,,,5.3,,,,,,,2021-08,AHLSTROM NONWOVENS LLC
CT0000434,CT,paper_pulp,2021-08-31,Cu,,,,,,,0.019,,,,,,0.227,2021-08,AHLSTROM NONWOVENS LLC
CT0000434,CT,paper_pulp,2021-08-31,Fe,,,,,,,0.0,,,,,,,2021-08,AHLSTROM NONWOVENS LLC
CT0000434,CT,paper_pulp,2021-08-31,Ni,,,,,,,0.0,,,,,,,2021-08,AHLSTROM NONWOVENS LLC
CT0000434,CT,paper_pulp,2021-08-31,Pb,,,,,,,0.0,,,,,,,2021-08,AHLSTROM NONWOVENS LLC
CT0000434,CT,paper_pulp,2021-08-31,TSS,,,,,,,3.3,,,,,,,2021-08,AHLSTROM NONWOVENS LLC
CT0000434,CT,paper_pulp,2021-08-31,Zn,,,,,,,0.12,,,,,,,2021-08,AHLSTROM NONWOVENS LLC
CT0000434,CT,paper_pulp,2021-09-30,BOD,,,,,,,4.9,,,,,,,2021-09,AHLSTROM NONWOVENS LLC
CT0000434,CT,paper_pulp,2021-09-30,Cu,,,,,,,0.027,,,,,,0.227,2021-09,AHLSTROM NONWOVENS LLC
CT0000434,CT,paper_pulp,2021-09-30,Fe,,,,,,,0.0,,,,,,,2021-09,AHLSTROM NONWOVENS LLC
CT0000434,CT,paper_pulp,2021-09-30,Ni,,,,,,,0.0,,,,,,,2021-09,AHLSTROM NONWOVENS LLC
CT0000434,CT,paper_pulp,2021-09-30,Pb,,,,,,,0.0,,,,,,,2021-09,AHLSTROM NONWOVENS LLC
CT0000434,CT,paper_pulp,2021-09-30,TDS,,,,,,,98.0,,,,,,600.0,2021-09,AHLSTROM NONWOVENS LLC
CT0000434,CT,paper_pulp,2021-09-30,TSS,,,,,,,1.3,,,,,,,2021-09,AHLSTROM NONWOVENS LLC
CT0000434,CT,paper_pulp,2021-09-30,Zn,,,,,,,0.11,,,,,,,2021-09,AHLSTROM NONWOVENS LLC
CT0000434,CT,paper_pulp,2021-10-31,BOD,,,,,,,7.9,,,,,,,2021-10,AHLSTROM NONWOVENS LLC
CT0000434,CT,paper_pulp,2021-10-31,Cu,,,,,,,0.009,,,,,,0.227,2021-10,AHLSTROM NONWOVENS LLC
CT0000434,CT,paper_pulp,2021-10-31,Fe,,,,,,,0.02,,,,,,,2021-10,AHLSTROM NONWOVENS LLC
CT0000434,CT,paper_pulp,2021-10-31,Ni,,,,,,,0.0,,,,,,,2021-10,AHLSTROM NONWOVENS LLC
CT0000434,CT,paper_pulp,2021-10-31,Pb,,,,,,,0.0,,,,,,,2021-10,AHLSTROM NONWOVENS LLC
CT0000434,CT,paper_pulp,2021-10-31,TSS,,,,,,,4.5,,,,,,,2021-10,AHLSTROM NONWOVENS LLC
CT0000434,CT,paper_pulp,2021-10-31,Zn,,,,,,,0.05,,,,,,,2021-10,AHLSTROM NONWOVENS LLC
CT0000434,CT,paper_pulp,2021-11-30,BOD,,,,,,,4.0,,,,,,,2021-11,AHLSTROM NONWOVENS LLC
CT0000434,CT,paper_pulp,2021-11-30,Cu,,,,,,,0.029,,,,,,0.227,2021-11,AHLSTROM NONWOVENS LLC
CT0000434,CT,paper_pulp,2021-11-30,Fe,,,,,,,0.03,,,,,,,2021-11,AHLSTROM NONWOVENS LLC
CT0000434,CT,paper_pulp,2021-11-30,Ni,,,,,,,0.0,,,,,,,2021-11,AHLSTROM NONWOVENS LLC
CT0000434,CT,paper_pulp,2021-11-30,Pb,,,,,,,0.0,,,,,,,2021-11,AHLSTROM NONWOVENS LLC
CT0000434,CT,paper_pulp,2021-11-30,TSS,,,,,,,2.0,,,,,,,2021-11,AHLSTROM NONWOVENS LLC
CT0000434,CT,paper_pulp,2021-11-30,Zn,,,,,,,0.11,,,,,,,2021-11,AHLSTROM NONWOVENS LLC
CT0000434,CT,paper_pulp,2021-12-31,BOD,,,,,,,5.4,,,,,,,2021-12,AHLSTROM NONWOVENS LLC
CT0000434,CT,paper_pulp,2021-12-31,Cu,,,,,,,0.01,,,,,,0.227,2021-12,AHLSTROM NONWOVENS LLC
CT0000434,CT,paper_pulp,2021-12-31,Fe,,,,,,,0.0,,,,,,,2021-12,AHLSTROM NONWOVENS LLC
CT0000434,CT,paper_pulp,2021-12-31,Ni,,,,,,,0.0,,,,,,,2021-12,AHLSTROM NONWOVENS LLC
CT0000434,CT,paper_pulp,2021-12-31,Pb,,,,,,,0.0,,,,,,,2021-12,AHLSTROM NONWOVENS LLC
CT0000434,CT,paper_pulp,2021-12-31,TDS,,,,,,,249.0,,,,,,600.0,2021-12,AHLSTROM NONWOVENS LLC
CT0000434,CT,paper_pulp,2021-12-31,TSS,,,,,,,6.3,,,,,,,2021-12,AHLSTROM NONWOVENS LLC
CT0000434,CT,paper_pulp,2021-12-31,Zn,,,,,,,0.07,,,,,,,2021-12,AHLSTROM NONWOVENS LLC
CT0000434,CT,paper_pulp,2022-01-31,BOD,,,,,,,3.4,,,,,,,2022-01,AHLSTROM NONWOVENS LLC
CT0000434,CT,paper_pulp,2022-01-31,Cu,,,,,,,0.005,,,,,,0.227,2022-01,AHLSTROM NONWOVENS LLC
CT0000434,CT,paper_pulp,2022-01-31,Fe,,,,,,,0.0,,,,,,,2022-01,AHLSTROM NONWOVENS LLC
CT0000434,CT,paper_pulp,2022-01-31,Ni,,,,,,,0.0,,,,,,,2022-01,AHLSTROM NONWOVENS LLC
CT0000434,CT,paper_pulp,2022-01-31,Pb,,,,,,,0.0,,,,,,,2022-01,AHLSTROM NONWOVENS LLC
CT0000434,CT,paper_pulp,2022-01-31,TSS,,,,,,,8.0,,,,,,,2022-01,AHLSTROM NONWOVENS LLC
CT0000434,CT,paper_pulp,2022-01-31,Zn,,,,,,,0.03,,,,,,,2022-01,AHLSTROM NONWOVENS LLC
CT0000434,CT,paper_pulp,2022-02-28,BOD,,,,,,,4.7,,,,,,,2022-02,AHLSTROM NONWOVENS LLC
CT0000434,CT,paper_pulp,2022-02-28,Cu,,,,,,,0.004,,,,,,0.227,2022-02,AHLSTROM NONWOVENS LLC
CT0000434,CT,paper_pulp,2022-02-28,Fe,,,,,,,0.0,,,,,,,2022-02,AHLSTROM NONWOVENS LLC
CT0000434,CT,paper_pulp,2022-02-28,Ni,,,,,,,0.0,,,,,,,2022-02,AHLSTROM NONWOVENS LLC
CT0000434,CT,paper_pulp,2022-02-28,Pb,,,,,,,0.0,,,,,,,2022-02,AHLSTROM NONWOVENS LLC
CT0000434,CT,paper_pulp,2022-02-28,TSS,,,,,,,4.8,,,,,,,2022-02,AHLSTROM NONWOVENS LLC
CT0000434,CT,paper_pulp,2022-02-28,Zn,,,,,,,0.04,,,,,,,2022-02,AHLSTROM NONWOVENS LLC
CT0000434,CT,paper_pulp,2022-03-31,BOD,,,,,,,11.6,,,,,,,2022-03,AHLSTROM NONWOVENS LLC
CT0000434,CT,paper_pulp,2022-03-31,Cu,,,,,,,0.024,,,,,,0.227,2022-03,AHLSTROM NONWOVENS LLC
CT0000434,CT,paper_pulp,2022-03-31,Fe,,,,,,,0.03,,,,,,,2022-03,AHLSTROM NONWOVENS LLC
CT0000434,CT,paper_pulp,2022-03-31,Ni,,,,,,,0.0,,,,,,,2022-03,AHLSTROM NONWOVENS LLC
CT0000434,CT,paper_pulp,2022-03-31,Pb,,,,,,,0.0,,,,,,,2022-03,AHLSTROM NONWOVENS LLC
CT0000434,CT,paper_pulp,2022-03-31,TDS,,,,,,,172.0,,,,,,600.0,2022-03,AHLSTROM NONWOVENS LLC
CT0000434,CT,paper_pulp,2022-03-31,TSS,,,,,,,28.5,,,,,,,2022-03,AHLSTROM NONWOVENS LLC
CT0000434,CT,paper_pulp,2022-03-31,Zn,,,,,,,0.08,,,,,,,2022-03,AHLSTROM NONWOVENS LLC
CT0000434,CT,paper_pulp,2022-04-30,BOD,,,,,,,4.9,,,,,,,2022-04,AHLSTROM NONWOVENS LLC
CT0000434,CT,paper_pulp,2022-04-30,Cu,,,,,,,0.034,,,,,,0.227,2022-04,AHLSTROM NONWOVENS LLC
CT0000434,CT,paper_pulp,2022-04-30,Fe,,,,,,,0.0,,,,,,,2022-04,AHLSTROM NONWOVENS LLC
CT0000434,CT,paper_pulp,2022-04-30,Ni,,,,,,,0.0,,,,,,,2022-04,AHLSTROM NONWOVENS LLC
CT0000434,CT,paper_pulp,2022-04-30,Pb,,,,,,,0.0,,,,,,,2022-04,AHLSTROM NONWOVENS LLC
CT0000434,CT,paper_pulp,2022-04-30,TSS,,,,,,,5.5,,,,,,,2022-04,AHLSTROM NONWOVENS LLC
CT0000434,CT,paper_pulp,2022-04-30,Zn,,,,,,,0.16,,,,,,,2022-04,AHLSTROM NONWOVENS LLC
CT0000434,CT,paper_pulp,2022-05-31,BOD,,,,,,,7.3,,,,,,,2022-05,AHLSTROM NONWOVENS LLC
CT0000434,CT,paper_pulp,2022-05-31,Cu,,,,,,,0.01,,,,,,0.227,2022-05,AHLSTROM NONWOVENS LLC
CT0000434,CT,paper_pulp,2022-05-31,Fe,,,,,,,0.02,,,,,,,2022-05,AHLSTROM NONWOVENS LLC
CT0000434,CT,paper_pulp,2022-05-31,Ni,,,,,,,0.0,,,,,,,2022-05,AHLSTROM NONWOVENS LLC
CT0000434,CT,paper_pulp,2022-05-31,Pb,,,,,,,0.0,,,,,,,2022-05,AHLSTROM NONWOVENS LLC
CT0000434,CT,paper_pulp,2022-05-31,TSS,,,,,,,0.0,,,,,,,2022-05,AHLSTROM NONWOVENS LLC
CT0000434,CT,paper_pulp,2022-05-31,Zn,,,,,,,0.12,,,,,,,2022-05,AHLSTROM NONWOVENS LLC
CT0000434,CT,paper_pulp,2022-06-30,BOD,,,,,,,2.4,,,,,,,2022-06,AHLSTROM NONWOVENS LLC
CT0000434,CT,paper_pulp,2022-06-30,Cu,,,,,,,0.02,,,,,,0.227,2022-06,AHLSTROM NONWOVENS LLC
CT0000434,CT,paper_pulp,2022-06-30,Fe,,,,,,,0.0,,,,,,,2022-06,AHLSTROM NONWOVENS LLC
CT0000434,CT,paper_pulp,2022-06-30,Ni,,,,,,,0.0,,,,,,,2022-06,AHLSTROM NONWOVENS LLC
CT0000434,CT,paper_pulp,2022-06-30,Pb,,,,,,,0.0,,,,,,,2022-06,AHLSTROM NONWOVENS LLC
CT0000434,CT,paper_pulp,2022-06-30,TDS,,,,,,,200.0,,,,,,600.0,2022-06,AHLSTROM NONWOVENS LLC
CT0000434,CT,paper_pulp,2022-06-30,TSS,,,,,,,0.5,,,,,,,2022-06,AHLSTROM NONWOVENS LLC
CT0000434,CT,paper_pulp,2022-06-30,Zn,,,,,,,0.12,,,,,,,2022-06,AHLSTROM NONWOVENS LLC
CT0000434,CT,paper_pulp,2022-07-31,BOD,,,,,,,6.0,,,,,,,2022-07,AHLSTROM NONWOVENS LLC
CT0000434,CT,paper_pulp,2022-07-31,Cu,,,,,,,0.043,,,,,,0.227,2022-07,AHLSTROM NONWOVENS LLC
CT0000434,CT,paper_pulp,2022-07-31,Fe,,,,,,,0.0,,,,,,,2022-07,AHLSTROM NONWOVENS LLC
CT0000434,CT,paper_pulp,2022-07-31,Ni,,,,,,,0.0,,,,,,,2022-07,AHLSTROM NONWOVENS LLC
CT0000434,CT,paper_pulp,2022-07-31,Pb,,,,,,,0.0,,,,,,,2022-07,AHLSTROM NONWOVENS LLC
CT0000434,CT,paper_pulp,2022-07-31,TSS,,,,,,,1.8,,,,,,,2022-07,AHLSTROM NONWOVENS LLC
CT0000434,CT,paper_pulp,2022-07-31,Zn,,,,,,,0.15,,,,,,,2022-07,AHLSTROM NONWOVENS LLC
CT0000434,CT,paper_pulp,2022-08-31,BOD,,,,,,,8.4,,,,,,,2022-08,AHLSTROM NONWOVENS LLC
CT0000434,CT,paper_pulp,2022-08-31,Cu,,,,,,,0.032,,,,,,0.227,2022-08,AHLSTROM NONWOVENS LLC
CT0000434,CT,paper_pulp,2022-08-31,Fe,,,,,,,0.0,,,,,,,2022-08,AHLSTROM NONWOVENS LLC
CT0000434,CT,paper_pulp,2022-08-31,Ni,,,,,,,0.0,,,,,,,2022-08,AHLSTROM NONWOVENS LLC
CT0000434,CT,paper_pulp,2022-08-31,Pb,,,,,,,0.0,,,,,,,2022-08,AHLSTROM NONWOVENS LLC
CT0000434,CT,paper_pulp,2022-08-31,TSS,,,,,,,1.5,,,,,,,2022-08,AHLSTROM NONWOVENS LLC
CT0000434,CT,paper_pulp,2022-08-31,Zn,,,,,,,0.19,,,,,,,2022-08,AHLSTROM NONWOVENS LLC
CT0000434,CT,paper_pulp,2022-09-30,BOD,,,,,,,3.9,,,,,,,2022-09,AHLSTROM NONWOVENS LLC
CT0000434,CT,paper_pulp,2022-09-30,Cu,,,,,,,0.03,,,,,,0.227,2022-09,AHLSTROM NONWOVENS LLC
CT0000434,CT,paper_pulp,2022-09-30,Fe,,,,,,,0.0,,,,,,,2022-09,AHLSTROM NONWOVENS LLC
CT0000434,CT,paper_pulp,2022-09-30,Ni,,,,,,,0.01,,,,,,,2022-09,AHLSTROM NONWOVENS LLC
CT0000434,CT,paper_pulp,2022-09-30,Pb,,,,,,,0.0,,,,,,,2022-09,AHLSTROM NONWOVENS LLC
CT0000434,CT,paper_pulp,2022-09-30,TDS,,,,,,,201.0,,,,,,600.0,2022-09,AHLSTROM NONWOVENS LLC
CT0000434,CT,paper_pulp,2022-09-30,TSS,,,,,,,0.0,,,,,,,2022-09,AHLSTROM NONWOVENS LLC
CT0000434,CT,paper_pulp,2022-09-30,Zn,,,,,,,0.12,,,,,,,2022-09,AHLSTROM NONWOVENS LLC
CT0000434,CT,paper_pulp,2022-10-31,BOD,,,,,,,4.8,,,,,,,2022-10,AHLSTROM NONWOVENS LLC
CT0000434,CT,paper_pulp,2022-10-31,Cu,,,,,,,0.015,,,,,,0.227,2022-10,AHLSTROM NONWOVENS LLC
CT0000434,CT,paper_pulp,2022-10-31,Fe,,,,,,,0.07,,,,,,,2022-10,AHLSTROM NONWOVENS LLC
CT0000434,CT,paper_pulp,2022-10-31,Ni,,,,,,,0.0,,,,,,,2022-10,AHLSTROM NONWOVENS LLC
CT0000434,CT,paper_pulp,2022-10-31,Pb,,,,,,,0.0,,,,,,,2022-10,AHLSTROM NONWOVENS LLC
CT0000434,CT,paper_pulp,2022-10-31,TSS,,,,,,,4.0,,,,,,,2022-10,AHLSTROM NONWOVENS LLC
CT0000434,CT,paper_pulp,2022-10-31,Zn,,,,,,,0.01,,,,,,,2022-10,AHLSTROM NONWOVENS LLC
CT0000434,CT,paper_pulp,2022-11-30,BOD,,,,,,,4.0,,,,,,,2022-11,AHLSTROM NONWOVENS LLC
CT0000434,CT,paper_pulp,2022-11-30,Cu,,,,,,,0.009,,,,,,0.227,2022-11,AHLSTROM NONWOVENS LLC
CT0000434,CT,paper_pulp,2022-11-30,Fe,,,,,,,0.0,,,,,,,2022-11,AHLSTROM NONWOVENS LLC
CT0000434,CT,paper_pulp,2022-11-30,Ni,,,,,,,0.0,,,,,,,2022-11,AHLSTROM NONWOVENS LLC
CT0000434,CT,paper_pulp,2022-11-30,Pb,,,,,,,0.0,,,,,,,2022-11,AHLSTROM NONWOVENS LLC
CT0000434,CT,paper_pulp,2022-11-30,TSS,,,,,,,0.0,,,,,,,2022-11,AHLSTROM NONWOVENS LLC
CT0000434,CT,paper_pulp,2022-11-30,Zn,,,,,,,0.07,,,,,,,2022-11,AHLSTROM NONWOVENS LLC
CT0000434,CT,paper_pulp,2022-12-31,BOD,,,,,,,3.2,,,,,,,2022-12,AHLSTROM NONWOVENS LLC
CT0000434,CT,paper_pulp,2022-12-31,Cu,,,,,,,0.016,,,,,,0.227,2022-12,AHLSTROM NONWOVENS LLC
CT0000434,CT,paper_pulp,2022-12-31,Fe,,,,,,,0.0,,,,,,,2022-12,AHLSTROM NONWOVENS LLC
CT0000434,CT,paper_pulp,2022-12-31,Ni,,,,,,,0.0,,,,,,,2022-12,AHLSTROM NONWOVENS LLC
CT0000434,CT,paper_pulp,2022-12-31,Pb,,,,,,,0.017,,,,,,,2022-12,AHLSTROM NONWOVENS LLC
CT0000434,CT,paper_pulp,2022-12-31,TDS,,,,,,,350.0,,,,,,600.0,2022-12,AHLSTROM NONWOVENS LLC
CT0000434,CT,paper_pulp,2022-12-31,TSS,,,,,,,3.8,,,,,,,2022-12,AHLSTROM NONWOVENS LLC
CT0000434,CT,paper_pulp,2022-12-31,Zn,,,,,,,0.18,,,,,,,2022-12,AHLSTROM NONWOVENS LLC
CT0000434,CT,paper_pulp,2023-01-31,BOD,,,,,,,6.0,,,,,,,2023-01,AHLSTROM NONWOVENS LLC
CT0000434,CT,paper_pulp,2023-01-31,Cu,,,,,,,0.009,,,,,,0.227,2023-01,AHLSTROM NONWOVENS LLC
CT0000434,CT,paper_pulp,2023-01-31,Fe,,,,,,,0.0,,,,,,,2023-01,AHLSTROM NONWOVENS LLC
CT0000434,CT,paper_pulp,2023-01-31,Ni,,,,,,,0.0,,,,,,,2023-01,AHLSTROM NONWOVENS LLC
CT0000434,CT,paper_pulp,2023-01-31,Pb,,,,,,,0.0,,,,,,,2023-01,AHLSTROM NONWOVENS LLC
CT0000434,CT,paper_pulp,2023-01-31,TSS,,,,,,,6.3,,,,,,,2023-01,AHLSTROM NONWOVENS LLC
CT0000434,CT,paper_pulp,2023-01-31,Zn,,,,,,,0.12,,,,,,,2023-01,AHLSTROM NONWOVENS LLC
CT0000434,CT,paper_pulp,2023-02-28,BOD,,,,,,,2.1,,,,,,,2023-02,AHLSTROM NONWOVENS LLC
CT0000434,CT,paper_pulp,2023-02-28,Cu,,,,,,,0.046,,,,,,0.227,2023-02,AHLSTROM NONWOVENS LLC
CT0000434,CT,paper_pulp,2023-02-28,Fe,,,,,,,0.0,,,,,,,2023-02,AHLSTROM NONWOVENS LLC
CT0000434,CT,paper_pulp,2023-02-28,Ni,,,,,,,0.0,,,,,,,2023-02,AHLSTROM NONWOVENS LLC
CT0000434,CT,paper_pulp,2023-02-28,Pb,,,,,,,0.007,,,,,,,2023-02,AHLSTROM NONWOVENS LLC
CT0000434,CT,paper_pulp,2023-02-28,TSS,,,,,,,4.3,,,,,,,2023-02,AHLSTROM NONWOVENS LLC
CT0000434,CT,paper_pulp,2023-02-28,Zn,,,,,,,0.58,,,,,,,2023-02,AHLSTROM NONWOVENS LLC
CT0000434,CT,paper_pulp,2023-03-31,BOD,,,,,,,5.2,,,,,,,2023-03,AHLSTROM NONWOVENS LLC
CT0000434,CT,paper_pulp,2023-03-31,Cu,,,,,,,0.004,,,,,,0.227,2023-03,AHLSTROM NONWOVENS LLC
CT0000434,CT,paper_pulp,2023-03-31,Fe,,,,,,,0.0,,,,,,,2023-03,AHLSTROM NONWOVENS LLC
CT0000434,CT,paper_pulp,2023-03-31,Ni,,,,,,,0.0,,,,,,,2023-03,AHLSTROM NONWOVENS LLC
CT0000434,CT,paper_pulp,2023-03-31,Pb,,,,,,,0.0,,,,,,,2023-03,AHLSTROM NONWOVENS LLC
CT0000434,CT,paper_pulp,2023-03-31,TDS,,,,,,,170.0,,,,,,600.0,2023-03,AHLSTROM NONWOVENS LLC
CT0000434,CT,paper_pulp,2023-03-31,TSS,,,,,,,5.5,,,,,,,2023-03,AHLSTROM NONWOVENS LLC
CT0000434,CT,paper_pulp,2023-03-31,Zn,,,,,,,0.04,,,,,,,2023-03,AHLSTROM NONWOVENS LLC
CT0000434,CT,paper_pulp,2023-04-30,BOD,,,,,,,5.5,,,,,,,2023-04,AHLSTROM NONWOVENS LLC
CT0000434,CT,paper_pulp,2023-04-30,Cu,,,,,,,0.006,,,,,,0.227,2023-04,AHLSTROM NONWOVENS LLC
CT0000434,CT,paper_pulp,2023-04-30,Fe,,,,,,,0.0,,,,,,,2023-04,AHLSTROM NONWOVENS LLC
CT0000434,CT,paper_pulp,2023-04-30,Ni,,,,,,,0.0,,,,,,,2023-04,AHLSTROM NONWOVENS LLC
CT0000434,CT,paper_pulp,2023-04-30,Pb,,,,,,,0.0,,,,,,,2023-04,AHLSTROM NONWOVENS LLC
CT0000434,CT,paper_pulp,2023-04-30,TSS,,,,,,,2.8,,,,,,,2023-04,AHLSTROM NONWOVENS LLC
CT0000434,CT,paper_pulp,2023-04-30,Zn,,,,,,,0.08,,,,,,,2023-04,AHLSTROM NONWOVENS LLC
CT0000434,CT,paper_pulp,2023-05-31,BOD,,,,,,,9.0,,,,,,,2023-05,AHLSTROM NONWOVENS LLC
CT0000434,CT,paper_pulp,2023-05-31,Cu,,,,,,,0.0,,,,,,0.227,2023-05,AHLSTROM NONWOVENS LLC
CT0000434,CT,paper_pulp,2023-05-31,Fe,,,,,,,0.0,,,,,,,2023-05,AHLSTROM NONWOVENS LLC
CT0000434,CT,paper_pulp,2023-05-31,Ni,,,,,,,0.0,,,,,,,2023-05,AHLSTROM NONWOVENS LLC
CT0000434,CT,paper_pulp,2023-05-31,Pb,,,,,,,0.0,,,,,,,2023-05,AHLSTROM NONWOVENS LLC
CT0000434,CT,paper_pulp,2023-05-31,TSS,,,,,,,2.3,,,,,,,2023-05,AHLSTROM NONWOVENS LLC
CT0000434,CT,paper_pulp,2023-05-31,Zn,,,,,,,0.12,,,,,,,2023-05,AHLSTROM NONWOVENS LLC
CT0000434,CT,paper_pulp,2023-06-30,BOD,,,,,,,5.7,,,,,,,2023-06,AHLSTROM NONWOVENS LLC
CT0000434,CT,paper_pulp,2023-06-30,Cu,,,,,,,0.02,,,,,,0.227,2023-06,AHLSTROM NONWOVENS LLC
CT0000434,CT,paper_pulp,2023-06-30,Fe,,,,,,,0.0,,,,,,,2023-06,AHLSTROM NONWOVENS LLC
CT0000434,CT,paper_pulp,2023-06-30,Ni,,,,,,,0.0,,,,,,,2023-06,AHLSTROM NONWOVENS LLC
CT0000434,CT,paper_pulp,2023-06-30,Pb,,,,,,,0.0,,,,,,,2023-06,AHLSTROM NONWOVENS LLC
CT0000434,CT,paper_pulp,2023-06-30,TDS,,,,,,,226.0,,,,,,600.0,2023-06,AHLSTROM NONWOVENS LLC
CT0000434,CT,paper_pulp,2023-06-30,TSS,,,,,,,3.0,,,,,,,2023-06,AHLSTROM NONWOVENS LLC
CT0000434,CT,paper_pulp,2023-06-30,Zn,,,,,,,0.21,,,,,,,2023-06,AHLSTROM NONWOVENS LLC
CT0000434,CT,paper_pulp,2023-07-31,BOD,,,,,,,4.2,,,,,,,2023-07,AHLSTROM NONWOVENS LLC
CT0000434,CT,paper_pulp,2023-07-31,Cu,,,,,,,0.028,,,,,,0.227,2023-07,AHLSTROM NONWOVENS LLC
CT0000434,CT,paper_pulp,2023-07-31,Fe,,,,,,,0.04,,,,,,,2023-07,AHLSTROM NONWOVENS LLC
CT0000434,CT,paper_pulp,2023-07-31,Ni,,,,,,,0.0,,,,,,,2023-07,AHLSTROM NONWOVENS LLC
CT0000434,CT,paper_pulp,2023-07-31,Pb,,,,,,,0.0,,,,,,,2023-07,AHLSTROM NONWOVENS LLC
CT0000434,CT,paper_pulp,2023-07-31,TSS,,,,,,,5.5,,,,,,,2023-07,AHLSTROM NONWOVENS LLC
CT0000434,CT,paper_pulp,2023-07-31,Zn,,,,,,,0.16,,,,,,,2023-07,AHLSTROM NONWOVENS LLC
CT0000434,CT,paper_pulp,2023-08-31,BOD,,,,,,,1.7,,,,,,,2023-08,AHLSTROM NONWOVENS LLC
CT0000434,CT,paper_pulp,2023-08-31,Cu,,,,,,,0.054,,,,,,0.227,2023-08,AHLSTROM NONWOVENS LLC
CT0000434,CT,paper_pulp,2023-08-31,Fe,,,,,,,0.0,,,,,,,2023-08,AHLSTROM NONWOVENS LLC
CT0000434,CT,paper_pulp,2023-08-31,Ni,,,,,,,0.0,,,,,,,2023-08,AHLSTROM NONWOVENS LLC
CT0000434,CT,paper_pulp,2023-08-31,Pb,,,,,,,0.0,,,,,,,2023-08,AHLSTROM NONWOVENS LLC
CT0000434,CT,paper_pulp,2023-08-31,TSS,,,,,,,1.8,,,,,,,2023-08,AHLSTROM NONWOVENS LLC
CT0000434,CT,paper_pulp,2023-08-31,Zn,,,,,,,0.37,,,,,,,2023-08,AHLSTROM NONWOVENS LLC
CT0000434,CT,paper_pulp,2023-09-30,BOD,,,,,,,5.3,,,,,,,2023-09,AHLSTROM NONWOVENS LLC
CT0000434,CT,paper_pulp,2023-09-30,Cu,,,,,,,0.014,,,,,,0.227,2023-09,AHLSTROM NONWOVENS LLC
CT0000434,CT,paper_pulp,2023-09-30,Fe,,,,,,,0.0,,,,,,,2023-09,AHLSTROM NONWOVENS LLC
CT0000434,CT,paper_pulp,2023-09-30,Ni,,,,,,,0.0,,,,,,,2023-09,AHLSTROM NONWOVENS LLC
CT0000434,CT,paper_pulp,2023-09-30,Pb,,,,,,,0.0,,,,,,,2023-09,AHLSTROM NONWOVENS LLC
CT0000434,CT,paper_pulp,2023-09-30,TDS,,,,,,,172.0,,,,,,600.0,2023-09,AHLSTROM NONWOVENS LLC
CT0000434,CT,paper_pulp,2023-09-30,TSS,,,,,,,8.3,,,,,,,2023-09,AHLSTROM NONWOVENS LLC
CT0000434,CT,paper_pulp,2023-09-30,Zn,,,,,,,0.06,,,,,,,2023-09,AHLSTROM NONWOVENS LLC
CT0000434,CT,paper_pulp,2023-10-31,BOD,,,,,,,2.5,,,,,,,2023-10,AHLSTROM NONWOVENS LLC
CT0000434,CT,paper_pulp,2023-10-31,Cu,,,,,,,0.013,,,,,,0.227,2023-10,AHLSTROM NONWOVENS LLC
CT0000434,CT,paper_pulp,2023-10-31,Fe,,,,,,,0.2,,,,,,,2023-10,AHLSTROM NONWOVENS LLC
CT0000434,CT,paper_pulp,2023-10-31,Ni,,,,,,,0.0,,,,,,,2023-10,AHLSTROM NONWOVENS LLC
CT0000434,CT,paper_pulp,2023-10-31,Pb,,,,,,,0.0,,,,,,,2023-10,AHLSTROM NONWOVENS LLC
CT0000434,CT,paper_pulp,2023-10-31,TSS,,,,,,,4.0,,,,,,,2023-10,AHLSTROM NONWOVENS LLC
CT0000434,CT,paper_pulp,2023-10-31,Zn,,,,,,,0.05,,,,,,,2023-10,AHLSTROM NONWOVENS LLC
CT0000434,CT,paper_pulp,2023-11-30,BOD,,,,,,,2.0,,,,,,,2023-11,AHLSTROM NONWOVENS LLC
CT0000434,CT,paper_pulp,2023-11-30,Cu,,,,,,,0.018,,,,,,0.227,2023-11,AHLSTROM NONWOVENS LLC
CT0000434,CT,paper_pulp,2023-11-30,Fe,,,,,,,0.0,,,,,,,2023-11,AHLSTROM NONWOVENS LLC
CT0000434,CT,paper_pulp,2023-11-30,Ni,,,,,,,0.0,,,,,,,2023-11,AHLSTROM NONWOVENS LLC
CT0000434,CT,paper_pulp,2023-11-30,Pb,,,,,,,0.0,,,,,,,2023-11,AHLSTROM NONWOVENS LLC
CT0000434,CT,paper_pulp,2023-11-30,TSS,,,,,,,1.5,,,,,,,2023-11,AHLSTROM NONWOVENS LLC
CT0000434,CT,paper_pulp,2023-11-30,Zn,,,,,,,0.21,,,,,,,2023-11,AHLSTROM NONWOVENS LLC
CT0000434,CT,paper_pulp,2023-12-31,BOD,,,,,,,6.4,,,,,,,2023-12,AHLSTROM NONWOVENS LLC
CT0000434,CT,paper_pulp,2023-12-31,Cu,,,,,,,0.013,,,,,,0.227,2023-12,AHLSTROM NONWOVENS LLC
CT0000434,CT,paper_pulp,2023-12-31,Fe,,,,,,,0.0,,,,,,,2023-12,AHLSTROM NONWOVENS LLC
CT0000434,CT,paper_pulp,2023-12-31,Ni,,,,,,,0.0,,,,,,,2023-12,AHLSTROM NONWOVENS LLC
CT0000434,CT,paper_pulp,2023-12-31,Pb,,,,,,,0.0,,,,,,,2023-12,AHLSTROM NONWOVENS LLC
CT0000434,CT,paper_pulp,2023-12-31,TDS,,,,,,,126.0,,,,,,600.0,2023-12,AHLSTROM NONWOVENS LLC
CT0000434,CT,paper_pulp,2023-12-31,TSS,,,,,,,1.3,,,,,,,2023-12,AHLSTROM NONWOVENS LLC
CT0000434,CT,paper_pulp,2023-12-31,Zn,,,,,,,0.12,,,,,,,2023-12,AHLSTROM NONWOVENS LLC
CT0000434,CT,paper_pulp,2024-01-31,BOD,,,,,,,2.6,,,,,,,2024-01,AHLSTROM NONWOVENS LLC
CT0000434,CT,paper_pulp,2024-01-31,Cu,,,,,,,0.03,,,,,,0.227,2024-01,AHLSTROM NONWOVENS LLC
CT0000434,CT,paper_pulp,2024-01-31,Fe,,,,,,,0.22,,,,,,,2024-01,AHLSTROM NONWOVENS LLC
CT0000434,CT,paper_pulp,2024-01-31,Ni,,,,,,,0.0,,,,,,,2024-01,AHLSTROM NONWOVENS LLC
CT0000434,CT,paper_pulp,2024-01-31,Pb,,,,,,,0.0,,,,,,,2024-01,AHLSTROM NONWOVENS LLC
CT0000434,CT,paper_pulp,2024-01-31,TSS,,,,,,,6.8,,,,,,,2024-01,AHLSTROM NONWOVENS LLC
CT0000434,CT,paper_pulp,2024-01-31,Zn,,,,,,,0.38,,,,,,,2024-01,AHLSTROM NONWOVENS LLC
CT0000434,CT,paper_pulp,2024-02-29,BOD,,,,,,,5.7,,,,,,,2024-02,AHLSTROM NONWOVENS LLC
CT0000434,CT,paper_pulp,2024-02-29,Fe,,,,,,,0.0,,,,,,,2024-02,AHLSTROM NONWOVENS LLC
CT0000434,CT,paper_pulp,2024-02-29,Ni,,,,,,,0.0,,,,,,,2024-02,AHLSTROM NONWOVENS LLC
CT0000434,CT,paper_pulp,2024-02-29,Pb,,,,,,,0.0,,,,,,,2024-02,AHLSTROM NONWOVENS LLC
CT0000434,CT,paper_pulp,2024-02-29,TSS,,,,,,,6.8,,,,,,,2024-02,AHLSTROM NONWOVENS LLC
CT0000434,CT,paper_pulp,2024-02-29,Zn,,,,,,,0.32,,,,,,,2024-02,AHLSTROM NONWOVENS LLC
CT0000434,CT,paper_pulp,2024-03-31,BOD,,,,,,,6.5,,,,,,,2024-03,AHLSTROM NONWOVENS LLC
CT0000434,CT,paper_pulp,2024-03-31,Fe,,,,,,,0.0,,,,,,,2024-03,AHLSTROM NONWOVENS LLC
CT0000434,CT,paper_pulp,2024-03-31,Ni,,,,,,,0.0,,,,,,,2024-03,AHLSTROM NONWOVENS LLC
CT0000434,CT,paper_pulp,2024-03-31,Pb,,,,,,,0.0,,,,,,,2024-03,AHLSTROM NONWOVENS LLC
CT0000434,CT,paper_pulp,2024-03-31,TSS,,,,,,,11.0,,,,,,,2024-03,AHLSTROM NONWOVENS LLC
CT0000434,CT,paper_pulp,2024-03-31,Zn,,,,,,,0.08,,,,,,,2024-03,AHLSTROM NONWOVENS LLC
CT0000434,CT,paper_pulp,2024-04-30,BOD,,,,,,,5.6,,,,,,,2024-04,AHLSTROM NONWOVENS LLC
CT0000434,CT,paper_pulp,2024-04-30,Fe,,,,,,,0.07,,,,,,,2024-04,AHLSTROM NONWOVENS LLC
CT0000434,CT,paper_pulp,2024-04-30,Ni,,,,,,,0.0,,,,,,,2024-04,AHLSTROM NONWOVENS LLC
CT0000434,CT,paper_pulp,2024-04-30,Pb,,,,,,,0.0,,,,,,,2024-04,AHLSTROM NONWOVENS LLC
CT0000434,CT,paper_pulp,2024-04-30,TSS,,,,,,,1.75,,,,,,,2024-04,AHLSTROM NONWOVENS LLC
CT0000434,CT,paper_pulp,2024-04-30,Zn,,,,,,,0.21,,,,,,,2024-04,AHLSTROM NONWOVENS LLC
CT0000434,CT,paper_pulp,2024-05-31,BOD,,,,,,,4.9,,,,,,,2024-05,AHLSTROM NONWOVENS LLC
CT0000434,CT,paper_pulp,2024-05-31,Fe,,,,,,,0.0,,,,,,,2024-05,AHLSTROM NONWOVENS LLC
CT0000434,CT,paper_pulp,2024-05-31,Ni,,,,,,,0.0,,,,,,,2024-05,AHLSTROM NONWOVENS LLC
CT0000434,CT,paper_pulp,2024-05-31,Pb,,,,,,,0.0,,,,,,,2024-05,AHLSTROM NONWOVENS LLC
CT0000434,CT,paper_pulp,2024-05-31,TSS,,,,,,,6.3,,,,,,,2024-05,AHLSTROM NONWOVENS LLC
CT0000434,CT,paper_pulp,2024-05-31,Zn,,,,,,,0.47,,,,,,,2024-05,AHLSTROM NONWOVENS LLC
CT0000434,CT,paper_pulp,2024-06-30,BOD,,,,,,,5.6,,,,,,,2024-06,AHLSTROM NONWOVENS LLC
CT0000434,CT,paper_pulp,2024-06-30,Fe,,,,,,,0.0,,,,,,,2024-06,AHLSTROM NONWOVENS LLC
CT0000434,CT,paper_pulp,2024-06-30,Ni,,,,,,,0.0,,,,,,,2024-06,AHLSTROM NONWOVENS LLC
CT0000434,CT,paper_pulp,2024-06-30,Pb,,,,,,,0.0,,,,,,,2024-06,AHLSTROM NONWOVENS LLC
CT0000434,CT,paper_pulp,2024-06-30,TSS,,,,,,,1.0,,,,,,,2024-06,AHLSTROM NONWOVENS LLC
CT0000434,CT,paper_pulp,2024-06-30,Zn,,,,,,,0.11,,,,,,,2024-06,AHLSTROM NONWOVENS LLC
CT0000434,CT,paper_pulp,2024-07-31,BOD,,,,,,,0.0,,,,,,,2024-07,AHLSTROM NONWOVENS LLC
CT0000434,CT,paper_pulp,2024-07-31,Fe,,,,,,,0.0,,,,,,,2024-07,AHLSTROM NONWOVENS LLC
CT0000434,CT,paper_pulp,2024-07-31,Ni,,,,,,,0.0,,,,,,,2024-07,AHLSTROM NONWOVENS LLC
CT0000434,CT,paper_pulp,2024-07-31,Pb,,,,,,,0.0,,,,,,,2024-07,AHLSTROM NONWOVENS LLC
CT0000434,CT,paper_pulp,2024-07-31,TSS,,,,,,,7.25,,,,,,,2024-07,AHLSTROM NONWOVENS LLC
CT0000434,CT,paper_pulp,2024-07-31,Zn,,,,,,,0.19,,,,,,,2024-07,AHLSTROM NONWOVENS LLC
CT0000434,CT,paper_pulp,2024-08-31,BOD,,,,,,,7.1,,,,,,,2024-08,AHLSTROM NONWOVENS LLC
CT0000434,CT,paper_pulp,2024-08-31,Fe,,,,,,,0.0,,,,,,,2024-08,AHLSTROM NONWOVENS LLC
CT0000434,CT,paper_pulp,2024-08-31,Ni,,,,,,,0.0,,,,,,,2024-08,AHLSTROM NONWOVENS LLC
CT0000434,CT,paper_pulp,2024-08-31,Pb,,,,,,,0.0,,,,,,,2024-08,AHLSTROM NONWOVENS LLC
CT0000434,CT,paper_pulp,2024-08-31,TSS,,,,,,,4.5,,,,,,,2024-08,AHLSTROM NONWOVENS LLC
CT0000434,CT,paper_pulp,2024-08-31,Zn,,,,,,,0.15,,,,,,,2024-08,AHLSTROM NONWOVENS LLC
CT0000434,CT,paper_pulp,2024-09-30,BOD,,,,,,,2.4,,,,,,,2024-09,AHLSTROM NONWOVENS LLC
CT0000434,CT,paper_pulp,2024-09-30,Fe,,,,,,,0.0,,,,,,,2024-09,AHLSTROM NONWOVENS LLC
CT0000434,CT,paper_pulp,2024-09-30,Ni,,,,,,,0.0,,,,,,,2024-09,AHLSTROM NONWOVENS LLC
CT0000434,CT,paper_pulp,2024-09-30,Pb,,,,,,,0.0,,,,,,,2024-09,AHLSTROM NONWOVENS LLC
CT0000434,CT,paper_pulp,2024-09-30,TSS,,,,,,,4.0,,,,,,,2024-09,AHLSTROM NONWOVENS LLC
CT0000434,CT,paper_pulp,2024-09-30,Zn,,,,,,,0.14,,,,,,,2024-09,AHLSTROM NONWOVENS LLC
CT0000434,CT,paper_pulp,2024-10-31,BOD,,,,,,,7.2,,,,,,,2024-10,AHLSTROM NONWOVENS LLC
CT0000434,CT,paper_pulp,2024-10-31,Fe,,,,,,,0.0,,,,,,,2024-10,AHLSTROM NONWOVENS LLC
CT0000434,CT,paper_pulp,2024-10-31,Ni,,,,,,,0.0,,,,,,,2024-10,AHLSTROM NONWOVENS LLC
CT0000434,CT,paper_pulp,2024-10-31,Pb,,,,,,,0.0,,,,,,,2024-10,AHLSTROM NONWOVENS LLC
CT0000434,CT,paper_pulp,2024-10-31,TSS,,,,,,,1.0,,,,,,,2024-10,AHLSTROM NONWOVENS LLC
CT0000434,CT,paper_pulp,2024-10-31,Zn,,,,,,,0.1,,,,,,,2024-10,AHLSTROM NONWOVENS LLC
CT0000434,CT,paper_pulp,2024-11-30,BOD,,,,,,,4.5,,,,,,,2024-11,AHLSTROM NONWOVENS LLC
CT0000434,CT,paper_pulp,2024-11-30,Fe,,,,,,,0.0,,,,,,,2024-11,AHLSTROM NONWOVENS LLC
CT0000434,CT,paper_pulp,2024-11-30,Ni,,,,,,,0.0,,,,,,,2024-11,AHLSTROM NONWOVENS LLC
CT0000434,CT,paper_pulp,2024-11-30,Pb,,,,,,,0.0,,,,,,,2024-11,AHLSTROM NONWOVENS LLC
CT0000434,CT,paper_pulp,2024-11-30,TSS,,,,,,,12.3,,,,,,,2024-11,AHLSTROM NONWOVENS LLC
CT0000434,CT,paper_pulp,2024-11-30,Zn,,,,,,,0.09,,,,,,,2024-11,AHLSTROM NONWOVENS LLC
CT0000434,CT,paper_pulp,2024-12-31,BOD,,,,,,,4.8,,,,,,,2024-12,AHLSTROM NONWOVENS LLC
CT0000434,CT,paper_pulp,2024-12-31,Fe,,,,,,,0.0,,,,,,,2024-12,AHLSTROM NONWOVENS LLC
CT0000434,CT,paper_pulp,2024-12-31,Ni,,,,,,,0.0,,,,,,,2024-12,AHLSTROM NONWOVENS LLC
CT0000434,CT,paper_pulp,2024-12-31,Pb,,,,,,,0.0,,,,,,,2024-12,AHLSTROM NONWOVENS LLC
CT0000434,CT,paper_pulp,2024-12-31,TSS,,,,,,,6.8,,,,,,,2024-12,AHLSTROM NONWOVENS LLC
CT0000434,CT,paper_pulp,2024-12-31,Zn,,,,,,,0.13,,,,,,,2024-12,AHLSTROM NONWOVENS LLC
CT0026476,CT,paper_pulp,2019-01-31,Cr,,,,,,,0.004,,,,,,,2019-01,"AHLSTROM POWER WINDSOR LOCKS, LLC"
CT0026476,CT,paper_pulp,2019-01-31,Cu,,,,,,,0.068,,,,,,,2019-01,"AHLSTROM POWER WINDSOR LOCKS, LLC"
CT0026476,CT,paper_pulp,2019-01-31,Ni,,,,,,,0.003,,,,,,,2019-01,"AHLSTROM POWER WINDSOR LOCKS, LLC"
CT0026476,CT,paper_pulp,2019-01-31,Pb,,,,,,,0.023,,,,,,,2019-01,"AHLSTROM POWER WINDSOR LOCKS, LLC"
CT0026476,CT,paper_pulp,2019-01-31,TSS,,,,,,,84.0,,,,,,,2019-01,"AHLSTROM POWER WINDSOR LOCKS, LLC"
CT0026476,CT,paper_pulp,2019-01-31,Zn,,,,,,,0.12700001,,,,,,,2019-01,"AHLSTROM POWER WINDSOR LOCKS, LLC"
CT0026476,CT,paper_pulp,2019-02-28,Cr,,,,,,,0.001,,,,,,,2019-02,"AHLSTROM POWER WINDSOR LOCKS, LLC"
CT0026476,CT,paper_pulp,2019-02-28,Cu,,,,,,,0.025,,,,,,,2019-02,"AHLSTROM POWER WINDSOR LOCKS, LLC"
CT0026476,CT,paper_pulp,2019-02-28,Ni,,,,,,,0.002,,,,,,,2019-02,"AHLSTROM POWER WINDSOR LOCKS, LLC"
CT0026476,CT,paper_pulp,2019-02-28,Pb,,,,,,,0.003,,,,,,,2019-02,"AHLSTROM POWER WINDSOR LOCKS, LLC"
CT0026476,CT,paper_pulp,2019-02-28,TSS,,,,,,,6.0,,,,,,,2019-02,"AHLSTROM POWER WINDSOR LOCKS, LLC"
CT0026476,CT,paper_pulp,2019-02-28,Zn,,,,,,,0.085,,,,,,,2019-02,"AHLSTROM POWER WINDSOR LOCKS, LLC"
CT0026476,CT,paper_pulp,2019-03-31,Cr,,,,,,,0.0,,,,,,,2019-03,"AHLSTROM POWER WINDSOR LOCKS, LLC"
CT0026476,CT,paper_pulp,2019-03-31,Cu,,,,,,,0.015,,,,,,,2019-03,"AHLSTROM POWER WINDSOR LOCKS, LLC"
CT0026476,CT,paper_pulp,2019-03-31,Ni,,,,,,,0.001,,,,,,,2019-03,"AHLSTROM POWER WINDSOR LOCKS, LLC"
CT0026476,CT,paper_pulp,2019-03-31,Pb,,,,,,,0.0,,,,,,,2019-03,"AHLSTROM POWER WINDSOR LOCKS, LLC"
CT0026476,CT,paper_pulp,2019-03-31,TSS,,,,,,,6.0,,,,,,,2019-03,"AHLSTROM POWER WINDSOR LOCKS, LLC"
CT0026476,CT,paper_pulp,2019-03-31,Zn,,,,,,,0.14600001,,,,,,,2019-03,"AHLSTROM POWER WINDSOR LOCKS, LLC"
CT0026476,CT,paper_pulp,2019-04-30,Cr,,,,,,,0.001,,,,,,,2019-04,"AHLSTROM POWER WINDSOR LOCKS, LLC"
CT0026476,CT,paper_pulp,2019-04-30,Cu,,,,,,,0.014,,,,,,,2019-04,"AHLSTROM POWER WINDSOR LOCKS, LLC"
CT0026476,CT,paper_pulp,2019-04-30,Ni,,,,,,,0.003,,,,,,,2019-04,"AHLSTROM POWER WINDSOR LOCKS, LLC"
CT0026476,CT,paper_pulp,2019-04-30,Pb,,,,,,,0.003,,,,,,,2019-04,"AHLSTROM POWER WINDSOR LOCKS, LLC"
CT0026476,CT,paper_pulp,2019-04-30,TSS,,,,,,,22.0,,,,,,,2019-04,"AHLSTROM POWER WINDSOR LOCKS, LLC"
CT0026476,CT,paper_pulp,2019-04-30,Zn,,,,,,,0.14100001,,,,,,,2019-04,"AHLSTROM POWER WINDSOR LOCKS, LLC"
CT0026476,CT,paper_pulp,2019-05-31,Cr,,,,,,,0.002,,,,,,,2019-05,"AHLSTROM POWER WINDSOR LOCKS, LLC"
CT0026476,CT,paper_pulp,2019-05-31,Cu,,,,,,,0.019,,,,,,,2019-05,"AHLSTROM POWER WINDSOR LOCKS, LLC"
CT0026476,CT,paper_pulp,2019-05-31,Ni,,,,,,,0.003,,,,,,,2019-05,"AHLSTROM POWER WINDSOR LOCKS, LLC"
CT0026476,CT,paper_pulp,2019-05-31,Pb,,,,,,,0.004,,,,,,,2019-05,"AHLSTROM POWER WINDSOR LOCKS, LLC"
CT0026476,CT,paper_pulp,2019-05-31,TSS,,,,,,,20.0,,,,,,,2019-05,"AHLSTROM POWER WINDSOR LOCKS, LLC"
CT0026476,CT,paper_pulp,2019-05-31,Zn,,,,,,,0.075,,,,,,,2019-05,"AHLSTROM POWER WINDSOR LOCKS, LLC"
CT0026476,CT,paper_pulp,2019-06-30,Cr,,,,,,,0.001,,,,,,,2019-06,"AHLSTROM POWER WINDSOR LOCKS, LLC"
CT0026476,CT,paper_pulp,2019-06-30,Cu,,,,,,,0.01,,,,,,,2019-06,"AHLSTROM POWER WINDSOR LOCKS, LLC"
CT0026476,CT,paper_pulp,2019-06-30,Fe,,,,,,,0.808,,,,,,,2019-06,"AHLSTROM POWER WINDSOR LOCKS, LLC"
CT0026476,CT,paper_pulp,2019-06-30,Ni,,,,,,,0.002,,,,,,,2019-06,"AHLSTROM POWER WINDSOR LOCKS, LLC"
CT0026476,CT,paper_pulp,2019-06-30,Pb,,,,,,,0.001,,,,,,,2019-06,"AHLSTROM POWER WINDSOR LOCKS, LLC"
CT0026476,CT,paper_pulp,2019-06-30,TSS,,,,,,,10.0,,,,,,,2019-06,"AHLSTROM POWER WINDSOR LOCKS, LLC"
CT0026476,CT,paper_pulp,2019-06-30,Zn,,,,,,,0.032,,,,,,,2019-06,"AHLSTROM POWER WINDSOR LOCKS, LLC"
CT0026476,CT,paper_pulp,2019-07-31,Cr,,,,,,,0.009,,,,,,,2019-07,"AHLSTROM POWER WINDSOR LOCKS, LLC"
CT0026476,CT,paper_pulp,2019-07-31,Cu,,,,,,,0.016,,,,,,,2019-07,"AHLSTROM POWER WINDSOR LOCKS, LLC"
CT0026476,CT,paper_pulp,2019-07-31,Ni,,,,,,,0.002,,,,,,,2019-07,"AHLSTROM POWER WINDSOR LOCKS, LLC"
CT0026476,CT,paper_pulp,2019-07-31,Pb,,,,,,,0.002,,,,,,,2019-07,"AHLSTROM POWER WINDSOR LOCKS, LLC"
CT0026476,CT,paper_pulp,2019-07-31,TSS,,,,,,,9.0,,,,,,,2019-07,"AHLSTROM POWER WINDSOR LOCKS, LLC"
CT0026476,CT,paper_pulp,2019-07-31,Zn,,,,,,,0.031,,,,,,,2019-07,"AHLSTROM POWER WINDSOR LOCKS, LLC"
CT0026476,CT,paper_pulp,2019-08-31,Cr,,,,,,,0.0,,,,,,,2019-08,"AHLSTROM POWER WINDSOR LOCKS, LLC"
CT0026476,CT,paper_pulp,2019-08-31,Cu,,,,,,,0.019,,,,,,,2019-08,"AHLSTROM POWER WINDSOR LOCKS, LLC"
CT0026476,CT,paper_pulp,2019-08-31,Ni,,,,,,,0.002,,,,,,,2019-08,"AHLSTROM POWER WINDSOR LOCKS, LLC"
CT0026476,CT,paper_pulp,2019-08-31,Pb,,,,,,,0.003,,,,,,,2019-08,"AHLSTROM POWER WINDSOR LOCKS, LLC"
CT0026476,CT,paper_pulp,2019-08-31,TSS,,,,,,,10.0,,,,,,,2019-08,"AHLSTROM POWER WINDSOR LOCKS, LLC"
CT0026476,CT,paper_pulp,2019-08-31,Zn,,,,,,,0.046,,,,,,,2019-08,"AHLSTROM POWER WINDSOR LOCKS, LLC"
CT0026476,CT,paper_pulp,2019-09-30,Cr,,,,,,,0.0,,,,,,,2019-09,"AHLSTROM POWER WINDSOR LOCKS, LLC"
CT0026476,CT,paper_pulp,2019-09-30,Cu,,,,,,,9.0,,,,,,,2019-09,"AHLSTROM POWER WINDSOR LOCKS, LLC"
CT0026476,CT,paper_pulp,2019-09-30,Fe,,,,,,,0.27,,,,,,,2019-09,"AHLSTROM POWER WINDSOR LOCKS, LLC"
CT0026476,CT,paper_pulp,2019-09-30,Ni,,,,,,,1.0,,,,,,,2019-09,"AHLSTROM POWER WINDSOR LOCKS, LLC"
CT0026476,CT,paper_pulp,2019-09-30,Pb,,,,,,,0.0,,,,,,,2019-09,"AHLSTROM POWER WINDSOR LOCKS, LLC"
CT0026476,CT,paper_pulp,2019-09-30,TSS,,,,,,,0.0,,,,,,,2019-09,"AHLSTROM POWER WINDSOR LOCKS, LLC"
CT0026476,CT,paper_pulp,2019-09-30,Zn,,,,,,,23.0,,,,,,,2019-09,"AHLSTROM POWER WINDSOR LOCKS, LLC"
CT0026476,CT,paper_pulp,2019-10-31,Cr,,,,,,,0.0,,,,,,,2019-10,"AHLSTROM POWER WINDSOR LOCKS, LLC"
CT0026476,CT,paper_pulp,2019-10-31,Cu,,,,,,,0.007,,,,,,,2019-10,"AHLSTROM POWER WINDSOR LOCKS, LLC"
CT0026476,CT,paper_pulp,2019-10-31,Ni,,,,,,,0.002,,,,,,,2019-10,"AHLSTROM POWER WINDSOR LOCKS, LLC"
CT0026476,CT,paper_pulp,2019-10-31,Pb,,,,,,,0.0,,,,,,,2019-10,"AHLSTROM POWER WINDSOR LOCKS, LLC"
CT0026476,CT,paper_pulp,2019-10-31,TSS,,,,,,,0.0,,,,,,,2019-10,"AHLSTROM POWER WINDSOR LOCKS, LLC"
CT0026476,CT,paper_pulp,2019-10-31,Zn,,,,,,,0.029,,,,,,,2019-10,"AHLSTROM POWER WINDSOR LOCKS, LLC"
CT0026476,CT,paper_pulp,2019-11-30,Cr,,,,,,,0.0,,,,,,,2019-11,"AHLSTROM POWER WINDSOR LOCKS, LLC"
CT0026476,CT,paper_pulp,2019-11-30,Cu,,,,,,,0.012,,,,,,,2019-11,"AHLSTROM POWER WINDSOR LOCKS, LLC"
CT0026476,CT,paper_pulp,2019-11-30,Ni,,,,,,,0.002,,,,,,,2019-11,"AHLSTROM POWER WINDSOR LOCKS, LLC"
CT0026476,CT,paper_pulp,2019-11-30,Pb,,,,,,,0.0,,,,,,,2019-11,"AHLSTROM POWER WINDSOR LOCKS, LLC"
CT0026476,CT,paper_pulp,2019-11-30,TSS,,,,,,,6.0,,,,,,,2019-11,"AHLSTROM POWER WINDSOR LOCKS, LLC"
CT0026476,CT,paper_pulp,2019-11-30,Zn,,,,,,,0.056,,,,,,,2019-11,"AHLSTROM POWER WINDSOR LOCKS, LLC"
CT0026476,CT,paper_pulp,2019-12-31,Cr,,,,,,,0.0,,,,,,,2019-12,"AHLSTROM POWER WINDSOR LOCKS, LLC"
CT0026476,CT,paper_pulp,2019-12-31,Cu,,,,,,,0.012,,,,,,,2019-12,"AHLSTROM POWER WINDSOR LOCKS, LLC"
CT0026476,CT,paper_pulp,2019-12-31,Ni,,,,,,,0.002,,,,,,,2019-12,"AHLSTROM POWER WINDSOR LOCKS, LLC"
CT0026476,CT,paper_pulp,2019-12-31,Pb,,,,,,,0.002,,,,,,,2019-12,"AHLSTROM POWER WINDSOR LOCKS, LLC"
CT0026476,CT,paper_pulp,2019-12-31,TSS,,,,,,,5.3,,,,,,,2019-12,"AHLSTROM POWER WINDSOR LOCKS, LLC"
CT0026476,CT,paper_pulp,2019-12-31,Zn,,,,,,,0.069,,,,,,,2019-12,"AHLSTROM POWER WINDSOR LOCKS, LLC"
CT0026476,CT,paper_pulp,2020-01-31,Cr,,,,,,,0.002,,,,,,,2020-01,"AHLSTROM POWER WINDSOR LOCKS, LLC"
CT0026476,CT,paper_pulp,2020-01-31,Cu,,,,,,,0.015,,,,,,,2020-01,"AHLSTROM POWER WINDSOR LOCKS, LLC"
CT0026476,CT,paper_pulp,2020-01-31,Ni,,,,,,,0.002,,,,,,,2020-01,"AHLSTROM POWER WINDSOR LOCKS, LLC"
CT0026476,CT,paper_pulp,2020-01-31,Pb,,,,,,,0.0,,,,,,,2020-01,"AHLSTROM POWER WINDSOR LOCKS, LLC"
CT0026476,CT,paper_pulp,2020-01-31,TSS,,,,,,,2.5,,,,,,,2020-01,"AHLSTROM POWER WINDSOR LOCKS, LLC"
CT0026476,CT,paper_pulp,2020-01-31,Zn,,,,,,,0.059,,,,,,,2020-01,"AHLSTROM POWER WINDSOR LOCKS, LLC"
CT0026476,CT,paper_pulp,2020-02-29,Cr,,,,,,,0.0,,,,,,,2020-02,"AHLSTROM POWER WINDSOR LOCKS, LLC"
CT0026476,CT,paper_pulp,2020-02-29,Cu,,,,,,,0.014,,,,,,,2020-02,"AHLSTROM POWER WINDSOR LOCKS, LLC"
CT0026476,CT,paper_pulp,2020-02-29,Ni,,,,,,,0.002,,,,,,,2020-02,"AHLSTROM POWER WINDSOR LOCKS, LLC"
CT0026476,CT,paper_pulp,2020-02-29,Pb,,,,,,,0.0,,,,,,,2020-02,"AHLSTROM POWER WINDSOR LOCKS, LLC"
CT0026476,CT,paper_pulp,2020-02-29,TSS,,,,,,,14.0,,,,,,,2020-02,"AHLSTROM POWER WINDSOR LOCKS, LLC"
CT0026476,CT,paper_pulp,2020-02-29,Zn,,,,,,,0.055,,,,,,,2020-02,"AHLSTROM POWER WINDSOR LOCKS, LLC"
CT0026476,CT,paper_pulp,2020-03-31,Cr,,,,,,,0.0,,,,,,,2020-03,"AHLSTROM POWER WINDSOR LOCKS, LLC"
CT0026476,CT,paper_pulp,2020-03-31,Cu,,,,,,,0.013,,,,,,,2020-03,"AHLSTROM POWER WINDSOR LOCKS, LLC"
CT0026476,CT,paper_pulp,2020-03-31,Ni,,,,,,,0.0,,,,,,,2020-03,"AHLSTROM POWER WINDSOR LOCKS, LLC"
CT0026476,CT,paper_pulp,2020-03-31,Pb,,,,,,,0.0,,,,,,,2020-03,"AHLSTROM POWER WINDSOR LOCKS, LLC"
CT0026476,CT,paper_pulp,2020-03-31,TSS,,,,,,,6.0,,,,,,,2020-03,"AHLSTROM POWER WINDSOR LOCKS, LLC"
CT0026476,CT,paper_pulp,2020-03-31,Zn,,,,,,,0.04,,,,,,,2020-03,"AHLSTROM POWER WINDSOR LOCKS, LLC"
CT0026476,CT,paper_pulp,2020-04-30,Cr,,,,,,,0.001,,,,,,,2020-04,"AHLSTROM POWER WINDSOR LOCKS, LLC"
CT0026476,CT,paper_pulp,2020-04-30,Cu,,,,,,,0.0,,,,,,,2020-04,"AHLSTROM POWER WINDSOR LOCKS, LLC"
CT0026476,CT,paper_pulp,2020-04-30,Ni,,,,,,,0.0,,,,,,,2020-04,"AHLSTROM POWER WINDSOR LOCKS, LLC"
CT0026476,CT,paper_pulp,2020-04-30,Pb,,,,,,,0.0,,,,,,,2020-04,"AHLSTROM POWER WINDSOR LOCKS, LLC"
CT0026476,CT,paper_pulp,2020-04-30,TSS,,,,,,,17.0,,,,,,,2020-04,"AHLSTROM POWER WINDSOR LOCKS, LLC"
CT0026476,CT,paper_pulp,2020-04-30,Zn,,,,,,,0.008,,,,,,,2020-04,"AHLSTROM POWER WINDSOR LOCKS, LLC"
CT0026476,CT,paper_pulp,2020-05-31,Cr,,,,,,,0.0,,,,,,,2020-05,"AHLSTROM POWER WINDSOR LOCKS, LLC"
CT0026476,CT,paper_pulp,2020-05-31,Cu,,,,,,,0.019,,,,,,,2020-05,"AHLSTROM POWER WINDSOR LOCKS, LLC"
CT0026476,CT,paper_pulp,2020-05-31,Ni,,,,,,,0.002,,,,,,,2020-05,"AHLSTROM POWER WINDSOR LOCKS, LLC"
CT0026476,CT,paper_pulp,2020-05-31,Pb,,,,,,,0.001,,,,,,,2020-05,"AHLSTROM POWER WINDSOR LOCKS, LLC"
CT0026476,CT,paper_pulp,2020-05-31,TSS,,,,,,,6.0,,,,,,,2020-05,"AHLSTROM POWER WINDSOR LOCKS, LLC"
CT0026476,CT,paper_pulp,2020-05-31,Zn,,,,,,,0.05,,,,,,,2020-05,"AHLSTROM POWER WINDSOR LOCKS, LLC"
CT0026476,CT,paper_pulp,2020-06-30,Cr,,,,,,,0.0,,,,,,,2020-06,"AHLSTROM POWER WINDSOR LOCKS, LLC"
CT0026476,CT,paper_pulp,2020-06-30,Cu,,,,,,,0.02,,,,,,,2020-06,"AHLSTROM POWER WINDSOR LOCKS, LLC"
CT0026476,CT,paper_pulp,2020-06-30,Fe,,,,,,,0.346,,,,,,,2020-06,"AHLSTROM POWER WINDSOR LOCKS, LLC"
CT0026476,CT,paper_pulp,2020-06-30,Ni,,,,,,,0.002,,,,,,,2020-06,"AHLSTROM POWER WINDSOR LOCKS, LLC"
CT0026476,CT,paper_pulp,2020-06-30,Pb,,,,,,,0.0,,,,,,,2020-06,"AHLSTROM POWER WINDSOR LOCKS, LLC"
CT0026476,CT,paper_pulp,2020-06-30,TSS,,,,,,,4.0,,,,,,,2020-06,"AHLSTROM POWER WINDSOR LOCKS, LLC"
CT0026476,CT,paper_pulp,2020-06-30,Zn,,,,,,,0.028,,,,,,,2020-06,"AHLSTROM POWER WINDSOR LOCKS, LLC"
CT0026476,CT,paper_pulp,2020-07-31,Cr,,,,,,,0.0,,,,,,,2020-07,"AHLSTROM POWER WINDSOR LOCKS, LLC"
CT0026476,CT,paper_pulp,2020-07-31,Cu,,,,,,,0.027,,,,,,,2020-07,"AHLSTROM POWER WINDSOR LOCKS, LLC"
CT0026476,CT,paper_pulp,2020-07-31,Ni,,,,,,,0.01,,,,,,,2020-07,"AHLSTROM POWER WINDSOR LOCKS, LLC"
CT0026476,CT,paper_pulp,2020-07-31,Pb,,,,,,,0.0,,,,,,,2020-07,"AHLSTROM POWER WINDSOR LOCKS, LLC"
CT0026476,CT,paper_pulp,2020-07-31,TSS,,,,,,,5.3,,,,,,,2020-07,"AHLSTROM POWER WINDSOR LOCKS, LLC"
CT0026476,CT,paper_pulp,2020-07-31,Zn,,,,,,,0.033,,,,,,,2020-07,"AHLSTROM POWER WINDSOR LOCKS, LLC"
CT0026476,CT,paper_pulp,2020-09-30,Cr,,,,,,,0.0,,,,,,,2020-09,"AHLSTROM POWER WINDSOR LOCKS, LLC"
CT0026476,CT,paper_pulp,2020-09-30,Cu,,,,,,,0.012,,,,,,,2020-09,"AHLSTROM POWER WINDSOR LOCKS, LLC"
CT0026476,CT,paper_pulp,2020-09-30,Fe,,,,,,,0.392,,,,,,,2020-09,"AHLSTROM POWER WINDSOR LOCKS, LLC"
CT0026476,CT,paper_pulp,2020-09-30,Ni,,,,,,,0.0,,,,,,,2020-09,"AHLSTROM POWER WINDSOR LOCKS, LLC"
CT0026476,CT,paper_pulp,2020-09-30,Pb,,,,,,,0.0,,,,,,,2020-09,"AHLSTROM POWER WINDSOR LOCKS, LLC"
CT0026476,CT,paper_pulp,2020-09-30,TSS,,,,,,,3.3,,,,,,,2020-09,"AHLSTROM POWER WINDSOR LOCKS, LLC"
CT0026476,CT,paper_pulp,2020-09-30,Zn,,,,,,,0.022,,,,,,,2020-09,"AHLSTROM POWER WINDSOR LOCKS, LLC"
CT0026476,CT,paper_pulp,2020-10-31,Cr,,,,,,,0.0,,,,,,,2020-10,"AHLSTROM POWER WINDSOR LOCKS, LLC"
CT0026476,CT,paper_pulp,2020-10-31,Cu,,,,,,,0.017,,,,,,,2020-10,"AHLSTROM POWER WINDSOR LOCKS, LLC"
CT0026476,CT,paper_pulp,2020-10-31,Ni,,,,,,,0.0,,,,,,,2020-10,"AHLSTROM POWER WINDSOR LOCKS, LLC"
CT0026476,CT,paper_pulp,2020-10-31,Pb,,,,,,,0.0,,,,,,,2020-10,"AHLSTROM POWER WINDSOR LOCKS, LLC"
CT0026476,CT,paper_pulp,2020-10-31,TSS,,,,,,,7.0,,,,,,,2020-10,"AHLSTROM POWER WINDSOR LOCKS, LLC"
CT0026476,CT,paper_pulp,2020-10-31,Zn,,,,,,,0.034,,,,,,,2020-10,"AHLSTROM POWER WINDSOR LOCKS, LLC"
CT0026476,CT,paper_pulp,2020-11-30,Cr,,,,,,,0.057,,,,,,,2020-11,"AHLSTROM POWER WINDSOR LOCKS, LLC"
CT0026476,CT,paper_pulp,2020-11-30,Cu,,,,,,,0.015,,,,,,,2020-11,"AHLSTROM POWER WINDSOR LOCKS, LLC"
CT0026476,CT,paper_pulp,2020-11-30,Ni,,,,,,,0.094,,,,,,,2020-11,"AHLSTROM POWER WINDSOR LOCKS, LLC"
CT0026476,CT,paper_pulp,2020-11-30,Pb,,,,,,,0.002,,,,,,,2020-11,"AHLSTROM POWER WINDSOR LOCKS, LLC"
CT0026476,CT,paper_pulp,2020-11-30,TSS,,,,,,,20.0,,,,,,,2020-11,"AHLSTROM POWER WINDSOR LOCKS, LLC"
CT0026476,CT,paper_pulp,2020-11-30,Zn,,,,,,,0.32800002,,,,,,,2020-11,"AHLSTROM POWER WINDSOR LOCKS, LLC"
CT0026476,CT,paper_pulp,2020-12-31,Cr,,,,,,,0.001,,,,,,,2020-12,"AHLSTROM POWER WINDSOR LOCKS, LLC"
CT0026476,CT,paper_pulp,2020-12-31,Cu,,,,,,,0.016,,,,,,,2020-12,"AHLSTROM POWER WINDSOR LOCKS, LLC"
CT0026476,CT,paper_pulp,2020-12-31,Ni,,,,,,,0.005,,,,,,,2020-12,"AHLSTROM POWER WINDSOR LOCKS, LLC"
CT0026476,CT,paper_pulp,2020-12-31,Pb,,,,,,,0.0,,,,,,,2020-12,"AHLSTROM POWER WINDSOR LOCKS, LLC"
CT0026476,CT,paper_pulp,2020-12-31,TSS,,,,,,,0.0,,,,,,,2020-12,"AHLSTROM POWER WINDSOR LOCKS, LLC"
CT0026476,CT,paper_pulp,2020-12-31,Zn,,,,,,,0.039,,,,,,,2020-12,"AHLSTROM POWER WINDSOR LOCKS, LLC"
CT0026476,CT,paper_pulp,2021-01-31,Cr,,,,,,,0.0,,,,,,,2021-01,"AHLSTROM POWER WINDSOR LOCKS, LLC"
CT0026476,CT,paper_pulp,2021-01-31,Cu,,,,,,,0.014,,,,,,,2021-01,"AHLSTROM POWER WINDSOR LOCKS, LLC"
CT0026476,CT,paper_pulp,2021-01-31,Ni,,,,,,,0.002,,,,,,,2021-01,"AHLSTROM POWER WINDSOR LOCKS, LLC"
CT0026476,CT,paper_pulp,2021-01-31,Pb,,,,,,,0.0,,,,,,,2021-01,"AHLSTROM POWER WINDSOR LOCKS, LLC"
CT0026476,CT,paper_pulp,2021-01-31,TSS,,,,,,,4.0,,,,,,,2021-01,"AHLSTROM POWER WINDSOR LOCKS, LLC"
CT0026476,CT,paper_pulp,2021-01-31,Zn,,,,,,,0.046,,,,,,,2021-01,"AHLSTROM POWER WINDSOR LOCKS, LLC"
CT0026476,CT,paper_pulp,2021-02-28,Cr,,,,,,,0.007,,,,,,,2021-02,"AHLSTROM POWER WINDSOR LOCKS, LLC"
CT0026476,CT,paper_pulp,2021-02-28,Cu,,,,,,,0.017,,,,,,,2021-02,"AHLSTROM POWER WINDSOR LOCKS, LLC"
CT0026476,CT,paper_pulp,2021-02-28,Ni,,,,,,,0.005,,,,,,,2021-02,"AHLSTROM POWER WINDSOR LOCKS, LLC"
CT0026476,CT,paper_pulp,2021-02-28,Pb,,,,,,,0.001,,,,,,,2021-02,"AHLSTROM POWER WINDSOR LOCKS, LLC"
CT0026476,CT,paper_pulp,2021-02-28,TSS,,,,,,,4.0,,,,,,,2021-02,"AHLSTROM POWER WINDSOR LOCKS, LLC"
CT0026476,CT,paper_pulp,2021-02-28,Zn,,,,,,,0.046,,,,,,,2021-02,"AHLSTROM POWER WINDSOR LOCKS, LLC"
CT0026476,CT,paper_pulp,2021-03-31,Cr,,,,,,,0.004,,,,,,,2021-03,"AHLSTROM POWER WINDSOR LOCKS, LLC"
CT0026476,CT,paper_pulp,2021-03-31,Cu,,,,,,,0.02,,,,,,,2021-03,"AHLSTROM POWER WINDSOR LOCKS, LLC"
CT0026476,CT,paper_pulp,2021-03-31,Ni,,,,,,,0.008,,,,,,,2021-03,"AHLSTROM POWER WINDSOR LOCKS, LLC"
CT0026476,CT,paper_pulp,2021-03-31,Pb,,,,,,,0.001,,,,,,,2021-03,"AHLSTROM POWER WINDSOR LOCKS, LLC"
CT0026476,CT,paper_pulp,2021-03-31,TSS,,,,,,,0.0,,,,,,,2021-03,"AHLSTROM POWER WINDSOR LOCKS, LLC"
CT0026476,CT,paper_pulp,2021-03-31,Zn,,,,,,,0.066,,,,,,,2021-03,"AHLSTROM POWER WINDSOR LOCKS, LLC"
CT0026476,CT,paper_pulp,2021-04-30,Cr,,,,,,,0.002,,,,,,,2021-04,"AHLSTROM POWER WINDSOR LOCKS, LLC"
CT0026476,CT,paper_pulp,2021-04-30,Cu,,,,,,,0.015,,,,,,,2021-04,"AHLSTROM POWER WINDSOR LOCKS, LLC"
CT0026476,CT,paper_pulp,2021-04-30,Ni,,,,,,,0.008,,,,,,,2021-04,"AHLSTROM POWER WINDSOR LOCKS, LLC"
CT0026476,CT,paper_pulp,2021-04-30,Pb,,,,,,,0.0,,,,,,,2021-04,"AHLSTROM POWER WINDSOR LOCKS, LLC"
CT0026476,CT,paper_pulp,2021-04-30,TSS,,,,,,,4.0,,,,,,,2021-04,"AHLSTROM POWER WINDSOR LOCKS, LLC"
CT0026476,CT,paper_pulp,2021-04-30,Zn,,,,,,,0.036,,,,,,,2021-04,"AHLSTROM POWER WINDSOR LOCKS, LLC"
CT0026476,CT,paper_pulp,2021-05-31,Cr,,,,,,,0.002,,,,,,,2021-05,"AHLSTROM POWER WINDSOR LOCKS, LLC"
CT0026476,CT,paper_pulp,2021-05-31,Cu,,,,,,,0.028,,,,,,,2021-05,"AHLSTROM POWER WINDSOR LOCKS, LLC"
CT0026476,CT,paper_pulp,2021-05-31,Ni,,,,,,,0.01,,,,,,,2021-05,"AHLSTROM POWER WINDSOR LOCKS, LLC"
CT0026476,CT,paper_pulp,2021-05-31,Pb,,,,,,,0.0,,,,,,,2021-05,"AHLSTROM POWER WINDSOR LOCKS, LLC"
CT0026476,CT,paper_pulp,2021-05-31,TSS,,,,,,,0.0,,,,,,,2021-05,"AHLSTROM POWER WINDSOR LOCKS, LLC"
CT0026476,CT,paper_pulp,2021-05-31,Zn,,,,,,,0.05,,,,,,,2021-05,"AHLSTROM POWER WINDSOR LOCKS, LLC"
CT0026476,CT,paper_pulp,2021-06-30,Cr,,,,,,,0.0,,,,,,,2021-06,"AHLSTROM POWER WINDSOR LOCKS, LLC"
CT0026476,CT,paper_pulp,2021-06-30,Cu,,,,,,,0.019,,,,,,,2021-06,"AHLSTROM POWER WINDSOR LOCKS, LLC"
CT0026476,CT,paper_pulp,2021-06-30,Fe,,,,,,,0.985,,,,,,,2021-06,"AHLSTROM POWER WINDSOR LOCKS, LLC"
CT0026476,CT,paper_pulp,2021-06-30,Ni,,,,,,,0.005,,,,,,,2021-06,"AHLSTROM POWER WINDSOR LOCKS, LLC"
CT0026476,CT,paper_pulp,2021-06-30,Pb,,,,,,,0.001,,,,,,,2021-06,"AHLSTROM POWER WINDSOR LOCKS, LLC"
CT0026476,CT,paper_pulp,2021-06-30,TSS,,,,,,,4.0,,,,,,,2021-06,"AHLSTROM POWER WINDSOR LOCKS, LLC"
CT0026476,CT,paper_pulp,2021-06-30,Zn,,,,,,,0.034,,,,,,,2021-06,"AHLSTROM POWER WINDSOR LOCKS, LLC"
CT0026476,CT,paper_pulp,2021-07-31,Cr,,,,,,,0.0,,,,,,,2021-07,"AHLSTROM POWER WINDSOR LOCKS, LLC"
CT0026476,CT,paper_pulp,2021-07-31,Cu,,,,,,,0.033,,,,,,,2021-07,"AHLSTROM POWER WINDSOR LOCKS, LLC"
CT0026476,CT,paper_pulp,2021-07-31,Ni,,,,,,,0.004,,,,,,,2021-07,"AHLSTROM POWER WINDSOR LOCKS, LLC"
CT0026476,CT,paper_pulp,2021-07-31,Pb,,,,,,,0.005,,,,,,,2021-07,"AHLSTROM POWER WINDSOR LOCKS, LLC"
CT0026476,CT,paper_pulp,2021-07-31,TSS,,,,,,,8.0,,,,,,,2021-07,"AHLSTROM POWER WINDSOR LOCKS, LLC"
CT0026476,CT,paper_pulp,2021-07-31,Zn,,,,,,,0.037,,,,,,,2021-07,"AHLSTROM POWER WINDSOR LOCKS, LLC"
CT0026476,CT,paper_pulp,2021-08-31,Cr,,,,,,,0.0,,,,,,,2021-08,"AHLSTROM POWER WINDSOR LOCKS, LLC"
CT0026476,CT,paper_pulp,2021-08-31,Cu,,,,,,,0.032,,,,,,,2021-08,"AHLSTROM POWER WINDSOR LOCKS, LLC"
CT0026476,CT,paper_pulp,2021-08-31,Ni,,,,,,,0.005,,,,,,,2021-08,"AHLSTROM POWER WINDSOR LOCKS, LLC"
CT0026476,CT,paper_pulp,2021-08-31,Pb,,,,,,,0.001,,,,,,,2021-08,"AHLSTROM POWER WINDSOR LOCKS, LLC"
CT0026476,CT,paper_pulp,2021-08-31,TSS,,,,,,,8.7,,,,,,,2021-08,"AHLSTROM POWER WINDSOR LOCKS, LLC"
CT0026476,CT,paper_pulp,2021-08-31,Zn,,,,,,,0.065,,,,,,,2021-08,"AHLSTROM POWER WINDSOR LOCKS, LLC"
CT0026476,CT,paper_pulp,2021-09-30,Cr,,,,,,,0.0,,,,,,,2021-09,"AHLSTROM POWER WINDSOR LOCKS, LLC"
CT0026476,CT,paper_pulp,2021-09-30,Cu,,,,,,,0.017,,,,,,,2021-09,"AHLSTROM POWER WINDSOR LOCKS, LLC"
CT0026476,CT,paper_pulp,2021-09-30,Fe,,,,,,,0.629,,,,,,,2021-09,"AHLSTROM POWER WINDSOR LOCKS, LLC"
CT0026476,CT,paper_pulp,2021-09-30,Ni,,,,,,,0.002,,,,,,,2021-09,"AHLSTROM POWER WINDSOR LOCKS, LLC"
CT0026476,CT,paper_pulp,2021-09-30,Pb,,,,,,,0.0,,,,,,,2021-09,"AHLSTROM POWER WINDSOR LOCKS, LLC"
CT0026476,CT,paper_pulp,2021-09-30,TSS,,,,,,,4.0,,,,,,,2021-09,"AHLSTROM POWER WINDSOR LOCKS, LLC"
CT0026476,CT,paper_pulp,2021-09-30,Zn,,,,,,,0.025,,,,,,,2021-09,"AHLSTROM POWER WINDSOR LOCKS, LLC"
CT0026476,CT,paper_pulp,2021-10-31,Cr,,,,,,,0.0,,,,,,,2021-10,"AHLSTROM POWER WINDSOR LOCKS, LLC"
CT0026476,CT,paper_pulp,2021-10-31,Cu,,,,,,,0.022,,,,,,,2021-10,"AHLSTROM POWER WINDSOR LOCKS, LLC"
CT0026476,CT,paper_pulp,2021-10-31,Ni,,,,,,,0.003,,,,,,,2021-10,"AHLSTROM POWER WINDSOR LOCKS, LLC"
CT0026476,CT,paper_pulp,2021-10-31,Pb,,,,,,,0.0,,,,,,,2021-10,"AHLSTROM POWER WINDSOR LOCKS, LLC"
CT0026476,CT,paper_pulp,2021-10-31,TSS,,,,,,,9.3,,,,,,,2021-10,"AHLSTROM POWER WINDSOR LOCKS, LLC"
CT0026476,CT,paper_pulp,2021-10-31,Zn,,,,,,,0.05,,,,,,,2021-10,"AHLSTROM POWER WINDSOR LOCKS, LLC"
CT0026476,CT,paper_pulp,2021-11-30,Cr,,,,,,,0.0,,,,,,,2021-11,"AHLSTROM POWER WINDSOR LOCKS, LLC"
CT0026476,CT,paper_pulp,2021-11-30,Cu,,,,,,,0.014,,,,,,,2021-11,"AHLSTROM POWER WINDSOR LOCKS, LLC"
CT0026476,CT,paper_pulp,2021-11-30,Ni,,,,,,,0.003,,,,,,,2021-11,"AHLSTROM POWER WINDSOR LOCKS, LLC"
CT0026476,CT,paper_pulp,2021-11-30,Pb,,,,,,,0.0,,,,,,,2021-11,"AHLSTROM POWER WINDSOR LOCKS, LLC"
CT0026476,CT,paper_pulp,2021-11-30,TSS,,,,,,,0.0,,,,,,,2021-11,"AHLSTROM POWER WINDSOR LOCKS, LLC"
CT0026476,CT,paper_pulp,2021-11-30,Zn,,,,,,,0.057,,,,,,,2021-11,"AHLSTROM POWER WINDSOR LOCKS, LLC"
CT0026476,CT,paper_pulp,2021-12-31,Cr,,,,,,,0.0,,,,,,,2021-12,"AHLSTROM POWER WINDSOR LOCKS, LLC"
CT0026476,CT,paper_pulp,2021-12-31,Cu,,,,,,,0.016,,,,,,,2021-12,"AHLSTROM POWER WINDSOR LOCKS, LLC"
CT0026476,CT,paper_pulp,2021-12-31,Ni,,,,,,,0.006,,,,,,,2021-12,"AHLSTROM POWER WINDSOR LOCKS, LLC"
CT0026476,CT,paper_pulp,2021-12-31,Pb,,,,,,,0.0,,,,,,,2021-12,"AHLSTROM POWER WINDSOR LOCKS, LLC"
CT0026476,CT,paper_pulp,2021-12-31,TSS,,,,,,,0.0,,,,,,,2021-12,"AHLSTROM POWER WINDSOR LOCKS, LLC"
CT0026476,CT,paper_pulp,2021-12-31,Zn,,,,,,,0.07,,,,,,,2021-12,"AHLSTROM POWER WINDSOR LOCKS, LLC"
CT0026476,CT,paper_pulp,2022-01-31,Cr,,,,,,,0.0,,,,,,,2022-01,"AHLSTROM POWER WINDSOR LOCKS, LLC"
CT0026476,CT,paper_pulp,2022-01-31,Cu,,,,,,,0.01,,,,,,,2022-01,"AHLSTROM POWER WINDSOR LOCKS, LLC"
CT0026476,CT,paper_pulp,2022-01-31,Ni,,,,,,,0.003,,,,,,,2022-01,"AHLSTROM POWER WINDSOR LOCKS, LLC"
CT0026476,CT,paper_pulp,2022-01-31,Pb,,,,,,,0.0,,,,,,,2022-01,"AHLSTROM POWER WINDSOR LOCKS, LLC"
CT0026476,CT,paper_pulp,2022-01-31,TSS,,,,,,,0.0,,,,,,,2022-01,"AHLSTROM POWER WINDSOR LOCKS, LLC"
CT0026476,CT,paper_pulp,2022-01-31,Zn,,,,,,,0.21700001,,,,,,,2022-01,"AHLSTROM POWER WINDSOR LOCKS, LLC"
CT0026476,CT,paper_pulp,2022-02-28,Cr,,,,,,,0.0,,,,,,,2022-02,"AHLSTROM POWER WINDSOR LOCKS, LLC"
CT0026476,CT,paper_pulp,2022-02-28,Cu,,,,,,,0.017,,,,,,,2022-02,"AHLSTROM POWER WINDSOR LOCKS, LLC"
CT0026476,CT,paper_pulp,2022-02-28,Ni,,,,,,,0.002,,,,,,,2022-02,"AHLSTROM POWER WINDSOR LOCKS, LLC"
CT0026476,CT,paper_pulp,2022-02-28,Pb,,,,,,,0.0,,,,,,,2022-02,"AHLSTROM POWER WINDSOR LOCKS, LLC"
CT0026476,CT,paper_pulp,2022-02-28,TSS,,,,,,,4.0,,,,,,,2022-02,"AHLSTROM POWER WINDSOR LOCKS, LLC"
CT0026476,CT,paper_pulp,2022-02-28,Zn,,,,,,,0.065,,,,,,,2022-02,"AHLSTROM POWER WINDSOR LOCKS, LLC"
CT0026476,CT,paper_pulp,2022-03-31,Cr,,,,,,,0.004,,,,,,,2022-03,"AHLSTROM POWER WINDSOR LOCKS, LLC"
CT0026476,CT,paper_pulp,2022-03-31,Cu,,,,,,,0.021,,,,,,,2022-03,"AHLSTROM POWER WINDSOR LOCKS, LLC"
CT0026476,CT,paper_pulp,2022-03-31,Ni,,,,,,,0.006,,,,,,,2022-03,"AHLSTROM POWER WINDSOR LOCKS, LLC"
CT0026476,CT,paper_pulp,2022-03-31,Pb,,,,,,,0.002,,,,,,,2022-03,"AHLSTROM POWER WINDSOR LOCKS, LLC"
CT0026476,CT,paper_pulp,2022-03-31,TSS,,,,,,,19.0,,,,,,,2022-03,"AHLSTROM POWER WINDSOR LOCKS, LLC"
CT0026476,CT,paper_pulp,2022-03-31,Zn,,,,,,,0.052,,,,,,,2022-03,"AHLSTROM POWER WINDSOR LOCKS, LLC"
CT0026476,CT,paper_pulp,2022-04-30,Cr,,,,,,,0.0,,,,,,,2022-04,"AHLSTROM POWER WINDSOR LOCKS, LLC"
CT0026476,CT,paper_pulp,2022-04-30,Cu,,,,,,,0.016,,,,,,,2022-04,"AHLSTROM POWER WINDSOR LOCKS, LLC"
CT0026476,CT,paper_pulp,2022-04-30,Ni,,,,,,,0.002,,,,,,,2022-04,"AHLSTROM POWER WINDSOR LOCKS, LLC"
CT0026476,CT,paper_pulp,2022-04-30,Pb,,,,,,,0.003,,,,,,,2022-04,"AHLSTROM POWER WINDSOR LOCKS, LLC"
CT0026476,CT,paper_pulp,2022-04-30,TSS,,,,,,,8.0,,,,,,,2022-04,"AHLSTROM POWER WINDSOR LOCKS, LLC"
CT0026476,CT,paper_pulp,2022-04-30,Zn,,,,,,,0.064,,,,,,,2022-04,"AHLSTROM POWER WINDSOR LOCKS, LLC"
CT0026476,CT,paper_pulp,2022-05-31,Cr,,,,,,,0.004,,,,,,,2022-05,"AHLSTROM POWER WINDSOR LOCKS, LLC"
CT0026476,CT,paper_pulp,2022-05-31,Cu,,,,,,,0.02,,,,,,,2022-05,"AHLSTROM POWER WINDSOR LOCKS, LLC"
CT0026476,CT,paper_pulp,2022-05-31,Ni,,,,,,,0.004,,,,,,,2022-05,"AHLSTROM POWER WINDSOR LOCKS, LLC"
CT0026476,CT,paper_pulp,2022-05-31,Pb,,,,,,,0.007,,,,,,,2022-05,"AHLSTROM POWER WINDSOR LOCKS, LLC"
CT0026476,CT,paper_pulp,2022-05-31,TSS,,,,,,,17.0,,,,,,,2022-05,"AHLSTROM POWER WINDSOR LOCKS, LLC"
CT0026476,CT,paper_pulp,2022-05-31,Zn,,,,,,,0.29900001,,,,,,,2022-05,"AHLSTROM POWER WINDSOR LOCKS, LLC"
CT0026476,CT,paper_pulp,2022-06-30,Cr,,,,,,,0.0,,,,,,,2022-06,"AHLSTROM POWER WINDSOR LOCKS, LLC"
CT0026476,CT,paper_pulp,2022-06-30,Cu,,,,,,,0.007,,,,,,,2022-06,"AHLSTROM POWER WINDSOR LOCKS, LLC"
CT0026476,CT,paper_pulp,2022-06-30,Fe,,,,,,,0.985,,,,,,,2022-06,"AHLSTROM POWER WINDSOR LOCKS, LLC"
CT0026476,CT,paper_pulp,2022-06-30,Ni,,,,,,,0.0,,,,,,,2022-06,"AHLSTROM POWER WINDSOR LOCKS, LLC"
CT0026476,CT,paper_pulp,2022-06-30,Pb,,,,,,,0.0,,,,,,,2022-06,"AHLSTROM POWER WINDSOR LOCKS, LLC"
CT0026476,CT,paper_pulp,2022-06-30,TSS,,,,,,,8.7,,,,,,,2022-06,"AHLSTROM POWER WINDSOR LOCKS, LLC"
CT0026476,CT,paper_pulp,2022-06-30,Zn,,,,,,,0.02,,,,,,,2022-06,"AHLSTROM POWER WINDSOR LOCKS, LLC"
CT0026476,CT,paper_pulp,2022-07-31,Cr,,,,,,,0.0,,,,,,,2022-07,"AHLSTROM POWER WINDSOR LOCKS, LLC"
CT0026476,CT,paper_pulp,2022-07-31,Cu,,,,,,,0.018,,,,,,,2022-07,"AHLSTROM POWER WINDSOR LOCKS, LLC"
CT0026476,CT,paper_pulp,2022-07-31,Ni,,,,,,,0.0,,,,,,,2022-07,"AHLSTROM POWER WINDSOR LOCKS, LLC"
CT0026476,CT,paper_pulp,2022-07-31,Pb,,,,,,,0.003,,,,,,,2022-07,"AHLSTROM POWER WINDSOR LOCKS, LLC"
CT0026476,CT,paper_pulp,2022-07-31,TSS,,,,,,,4.7,,,,,,,2022-07,"AHLSTROM POWER WINDSOR LOCKS, LLC"
CT0026476,CT,paper_pulp,2022-07-31,Zn,,,,,,,0.06,,,,,,,2022-07,"AHLSTROM POWER WINDSOR LOCKS, LLC"
CT0026476,CT,paper_pulp,2022-08-31,Cr,,,,,,,0.0,,,,,,,2022-08,"AHLSTROM POWER WINDSOR LOCKS, LLC"
CT0026476,CT,paper_pulp,2022-08-31,Cu,,,,,,,0.017,,,,,,,2022-08,"AHLSTROM POWER WINDSOR LOCKS, LLC"
CT0026476,CT,paper_pulp,2022-08-31,Ni,,,,,,,0.004,,,,,,,2022-08,"AHLSTROM POWER WINDSOR LOCKS, LLC"
CT0026476,CT,paper_pulp,2022-08-31,Pb,,,,,,,0.003,,,,,,,2022-08,"AHLSTROM POWER WINDSOR LOCKS, LLC"
CT0026476,CT,paper_pulp,2022-08-31,TSS,,,,,,,5.3,,,,,,,2022-08,"AHLSTROM POWER WINDSOR LOCKS, LLC"
CT0026476,CT,paper_pulp,2022-08-31,Zn,,,,,,,0.049,,,,,,,2022-08,"AHLSTROM POWER WINDSOR LOCKS, LLC"
CT0026476,CT,paper_pulp,2022-09-30,Cr,,,,,,,0.0,,,,,,,2022-09,"AHLSTROM POWER WINDSOR LOCKS, LLC"
CT0026476,CT,paper_pulp,2022-09-30,Cu,,,,,,,0.032,,,,,,,2022-09,"AHLSTROM POWER WINDSOR LOCKS, LLC"
CT0026476,CT,paper_pulp,2022-09-30,Fe,,,,,,,0.564,,,,,,,2022-09,"AHLSTROM POWER WINDSOR LOCKS, LLC"
CT0026476,CT,paper_pulp,2022-09-30,Ni,,,,,,,0.001,,,,,,,2022-09,"AHLSTROM POWER WINDSOR LOCKS, LLC"
CT0026476,CT,paper_pulp,2022-09-30,Pb,,,,,,,0.002,,,,,,,2022-09,"AHLSTROM POWER WINDSOR LOCKS, LLC"
CT0026476,CT,paper_pulp,2022-09-30,TSS,,,,,,,0.0,,,,,,,2022-09,"AHLSTROM POWER WINDSOR LOCKS, LLC"
CT0026476,CT,paper_pulp,2022-09-30,Zn,,,,,,,0.05,,,,,,,2022-09,"AHLSTROM POWER WINDSOR LOCKS, LLC"
CT0026476,CT,paper_pulp,2022-10-31,Cr,,,,,,,0.0,,,,,,,2022-10,"AHLSTROM POWER WINDSOR LOCKS, LLC"
CT0026476,CT,paper_pulp,2022-10-31,Cu,,,,,,,0.036,,,,,,,2022-10,"AHLSTROM POWER WINDSOR LOCKS, LLC"
CT0026476,CT,paper_pulp,2022-10-31,Ni,,,,,,,0.002,,,,,,,2022-10,"AHLSTROM POWER WINDSOR LOCKS, LLC"
CT0026476,CT,paper_pulp,2022-10-31,Pb,,,,,,,0.003,,,,,,,2022-10,"AHLSTROM POWER WINDSOR LOCKS, LLC"
CT0026476,CT,paper_pulp,2022-10-31,TSS,,,,,,,6.0,,,,,,,2022-10,"AHLSTROM POWER WINDSOR LOCKS, LLC"
CT0026476,CT,paper_pulp,2022-10-31,Zn,,,,,,,0.053,,,,,,,2022-10,"AHLSTROM POWER WINDSOR LOCKS, LLC"
CT0026476,CT,paper_pulp,2022-11-30,Cr,,,,,,,0.0,,,,,,,2022-11,"AHLSTROM POWER WINDSOR LOCKS, LLC"
CT0026476,CT,paper_pulp,2022-11-30,Cu,,,,,,,0.01,,,,,,,2022-11,"AHLSTROM POWER WINDSOR LOCKS, LLC"
CT0026476,CT,paper_pulp,2022-11-30,Ni,,,,,,,0.0,,,,,,,2022-11,"AHLSTROM POWER WINDSOR LOCKS, LLC"
CT0026476,CT,paper_pulp,2022-11-30,Pb,,,,,,,0.0,,,,,,,2022-11,"AHLSTROM POWER WINDSOR LOCKS, LLC"
CT0026476,CT,paper_pulp,2022-11-30,TSS,,,,,,,0.0,,,,,,,2022-11,"AHLSTROM POWER WINDSOR LOCKS, LLC"
CT0026476,CT,paper_pulp,2022-11-30,Zn,,,,,,,0.015,,,,,,,2022-11,"AHLSTROM POWER WINDSOR LOCKS, LLC"
CT0026476,CT,paper_pulp,2022-12-31,Cr,,,,,,,0.0,,,,,,,2022-12,"AHLSTROM POWER WINDSOR LOCKS, LLC"
CT0026476,CT,paper_pulp,2022-12-31,Cu,,,,,,,0.012,,,,,,,2022-12,"AHLSTROM POWER WINDSOR LOCKS, LLC"
CT0026476,CT,paper_pulp,2022-12-31,Ni,,,,,,,0.0,,,,,,,2022-12,"AHLSTROM POWER WINDSOR LOCKS, LLC"
CT0026476,CT,paper_pulp,2022-12-31,Pb,,,,,,,0.002,,,,,,,2022-12,"AHLSTROM POWER WINDSOR LOCKS, LLC"
CT0026476,CT,paper_pulp,2022-12-31,TSS,,,,,,,6.0,,,,,,,2022-12,"AHLSTROM POWER WINDSOR LOCKS, LLC"
CT0026476,CT,paper_pulp,2022-12-31,Zn,,,,,,,0.069,,,,,,,2022-12,"AHLSTROM POWER WINDSOR LOCKS, LLC"
CT0026476,CT,paper_pulp,2023-01-31,Cr,,,,,,,0.0,,,,,,,2023-01,"AHLSTROM POWER WINDSOR LOCKS, LLC"
CT0026476,CT,paper_pulp,2023-01-31,Cu,,,,,,,0.014,,,,,,,2023-01,"AHLSTROM POWER WINDSOR LOCKS, LLC"
CT0026476,CT,paper_pulp,2023-01-31,Ni,,,,,,,0.002,,,,,,,2023-01,"AHLSTROM POWER WINDSOR LOCKS, LLC"
CT0026476,CT,paper_pulp,2023-01-31,Pb,,,,,,,0.002,,,,,,,2023-01,"AHLSTROM POWER WINDSOR LOCKS, LLC"
CT0026476,CT,paper_pulp,2023-01-31,TSS,,,,,,,0.0,,,,,,,2023-01,"AHLSTROM POWER WINDSOR LOCKS, LLC"
CT0026476,CT,paper_pulp,2023-01-31,Zn,,,,,,,0.052,,,,,,,2023-01,"AHLSTROM POWER WINDSOR LOCKS, LLC"
CT0026476,CT,paper_pulp,2023-02-28,Cr,,,,,,,0.0,,,,,,,2023-02,"AHLSTROM POWER WINDSOR LOCKS, LLC"
CT0026476,CT,paper_pulp,2023-02-28,Cu,,,,,,,0.016,,,,,,,2023-02,"AHLSTROM POWER WINDSOR LOCKS, LLC"
CT0026476,CT,paper_pulp,2023-02-28,Ni,,,,,,,0.002,,,,,,,2023-02,"AHLSTROM POWER WINDSOR LOCKS, LLC"
CT0026476,CT,paper_pulp,2023-02-28,Pb,,,,,,,0.001,,,,,,,2023-02,"AHLSTROM POWER WINDSOR LOCKS, LLC"
CT0026476,CT,paper_pulp,2023-02-28,TSS,,,,,,,0.0,,,,,,,2023-02,"AHLSTROM POWER WINDSOR LOCKS, LLC"
CT0026476,CT,paper_pulp,2023-02-28,Zn,,,,,,,0.07,,,,,,,2023-02,"AHLSTROM POWER WINDSOR LOCKS, LLC"
CT0026476,CT,paper_pulp,2023-03-31,Cr,,,,,,,0.0,,,,,,,2023-03,"AHLSTROM POWER WINDSOR LOCKS, LLC"
CT0026476,CT,paper_pulp,2023-03-31,Cu,,,,,,,0.017,,,,,,,2023-03,"AHLSTROM POWER WINDSOR LOCKS, LLC"
CT0026476,CT,paper_pulp,2023-03-31,Ni,,,,,,,0.002,,,,,,,2023-03,"AHLSTROM POWER WINDSOR LOCKS, LLC"
CT0026476,CT,paper_pulp,2023-03-31,Pb,,,,,,,0.002,,,,,,,2023-03,"AHLSTROM POWER WINDSOR LOCKS, LLC"
CT0026476,CT,paper_pulp,2023-03-31,TSS,,,,,,,4.5,,,,,,,2023-03,"AHLSTROM POWER WINDSOR LOCKS, LLC"
CT0026476,CT,paper_pulp,2023-03-31,Zn,,,,,,,0.061,,,,,,,2023-03,"AHLSTROM POWER WINDSOR LOCKS, LLC"
CT0026476,CT,paper_pulp,2023-04-30,Cr,,,,,,,0.001,,,,,,,2023-04,"AHLSTROM POWER WINDSOR LOCKS, LLC"
CT0026476,CT,paper_pulp,2023-04-30,Cu,,,,,,,0.017,,,,,,,2023-04,"AHLSTROM POWER WINDSOR LOCKS, LLC"
CT0026476,CT,paper_pulp,2023-04-30,Ni,,,,,,,0.002,,,,,,,2023-04,"AHLSTROM POWER WINDSOR LOCKS, LLC"
CT0026476,CT,paper_pulp,2023-04-30,Pb,,,,,,,0.002,,,,,,,2023-04,"AHLSTROM POWER WINDSOR LOCKS, LLC"
CT0026476,CT,paper_pulp,2023-04-30,TSS,,,,,,,11.0,,,,,,,2023-04,"AHLSTROM POWER WINDSOR LOCKS, LLC"
CT0026476,CT,paper_pulp,2023-04-30,Zn,,,,,,,0.081,,,,,,,2023-04,"AHLSTROM POWER WINDSOR LOCKS, LLC"
CT0026476,CT,paper_pulp,2023-05-31,Cr,,,,,,,0.0,,,,,,,2023-05,"AHLSTROM POWER WINDSOR LOCKS, LLC"
CT0026476,CT,paper_pulp,2023-05-31,Cu,,,,,,,0.019,,,,,,,2023-05,"AHLSTROM POWER WINDSOR LOCKS, LLC"
CT0026476,CT,paper_pulp,2023-05-31,Ni,,,,,,,0.002,,,,,,,2023-05,"AHLSTROM POWER WINDSOR LOCKS, LLC"
CT0026476,CT,paper_pulp,2023-05-31,Pb,,,,,,,0.002,,,,,,,2023-05,"AHLSTROM POWER WINDSOR LOCKS, LLC"
CT0026476,CT,paper_pulp,2023-05-31,TSS,,,,,,,5.0,,,,,,,2023-05,"AHLSTROM POWER WINDSOR LOCKS, LLC"
CT0026476,CT,paper_pulp,2023-05-31,Zn,,,,,,,0.085,,,,,,,2023-05,"AHLSTROM POWER WINDSOR LOCKS, LLC"
CT0026476,CT,paper_pulp,2023-06-30,Cr,,,,,,,0.001,,,,,,,2023-06,"AHLSTROM POWER WINDSOR LOCKS, LLC"
CT0026476,CT,paper_pulp,2023-06-30,Cu,,,,,,,0.024,,,,,,,2023-06,"AHLSTROM POWER WINDSOR LOCKS, LLC"
CT0026476,CT,paper_pulp,2023-06-30,Fe,,,,,,,0.753,,,,,,,2023-06,"AHLSTROM POWER WINDSOR LOCKS, LLC"
CT0026476,CT,paper_pulp,2023-06-30,Ni,,,,,,,0.0,,,,,,,2023-06,"AHLSTROM POWER WINDSOR LOCKS, LLC"
CT0026476,CT,paper_pulp,2023-06-30,Pb,,,,,,,0.002,,,,,,,2023-06,"AHLSTROM POWER WINDSOR LOCKS, LLC"
CT0026476,CT,paper_pulp,2023-06-30,TSS,,,,,,,5.2,,,,,,,2023-06,"AHLSTROM POWER WINDSOR LOCKS, LLC"
CT0026476,CT,paper_pulp,2023-06-30,Zn,,,,,,,0.07,,,,,,,2023-06,"AHLSTROM POWER WINDSOR LOCKS, LLC"
CT0026476,CT,paper_pulp,2023-07-31,Cr,,,,,,,0.0,,,,,,,2023-07,"AHLSTROM POWER WINDSOR LOCKS, LLC"
CT0026476,CT,paper_pulp,2023-07-31,Cu,,,,,,,0.043,,,,,,,2023-07,"AHLSTROM POWER WINDSOR LOCKS, LLC"
CT0026476,CT,paper_pulp,2023-07-31,Ni,,,,,,,0.002,,,,,,,2023-07,"AHLSTROM POWER WINDSOR LOCKS, LLC"
CT0026476,CT,paper_pulp,2023-07-31,Pb,,,,,,,0.002,,,,,,,2023-07,"AHLSTROM POWER WINDSOR LOCKS, LLC"
CT0026476,CT,paper_pulp,2023-07-31,TSS,,,,,,,9.0,,,,,,,2023-07,"AHLSTROM POWER WINDSOR LOCKS, LLC"
CT0026476,CT,paper_pulp,2023-07-31,Zn,,,,,,,0.072,,,,,,,2023-07,"AHLSTROM POWER WINDSOR LOCKS, LLC"
CT0026476,CT,paper_pulp,2023-08-31,Cr,,,,,,,0.0,,,,,,,2023-08,"AHLSTROM POWER WINDSOR LOCKS, LLC"
CT0026476,CT,paper_pulp,2023-08-31,Cu,,,,,,,0.0,,,,,,,2023-08,"AHLSTROM POWER WINDSOR LOCKS, LLC"
CT0026476,CT,paper_pulp,2023-08-31,Ni,,,,,,,0.0,,,,,,,2023-08,"AHLSTROM POWER WINDSOR LOCKS, LLC"
CT0026476,CT,paper_pulp,2023-08-31,Pb,,,,,,,0.012,,,,,,,2023-08,"AHLSTROM POWER WINDSOR LOCKS, LLC"
CT0026476,CT,paper_pulp,2023-08-31,TSS,,,,,,,4.0,,,,,,,2023-08,"AHLSTROM POWER WINDSOR LOCKS, LLC"
CT0026476,CT,paper_pulp,2023-08-31,Zn,,,,,,,0.073,,,,,,,2023-08,"AHLSTROM POWER WINDSOR LOCKS, LLC"
CT0026476,CT,paper_pulp,2023-09-30,Cr,,,,,,,0.0,,,,,,,2023-09,"AHLSTROM POWER WINDSOR LOCKS, LLC"
CT0026476,CT,paper_pulp,2023-09-30,Cu,,,,,,,0.027,,,,,,,2023-09,"AHLSTROM POWER WINDSOR LOCKS, LLC"
CT0026476,CT,paper_pulp,2023-09-30,Fe,,,,,,,0.564,,,,,,,2023-09,"AHLSTROM POWER WINDSOR LOCKS, LLC"
CT0026476,CT,paper_pulp,2023-09-30,Ni,,,,,,,0.001,,,,,,,2023-09,"AHLSTROM POWER WINDSOR LOCKS, LLC"
CT0026476,CT,paper_pulp,2023-09-30,Pb,,,,,,,0.003,,,,,,,2023-09,"AHLSTROM POWER WINDSOR LOCKS, LLC"
CT0026476,CT,paper_pulp,2023-09-30,TSS,,,,,,,8.0,,,,,,,2023-09,"AHLSTROM POWER WINDSOR LOCKS, LLC"
CT0026476,CT,paper_pulp,2023-09-30,Zn,,,,,,,0.084,,,,,,,2023-09,"AHLSTROM POWER WINDSOR LOCKS, LLC"
CT0026476,CT,paper_pulp,2023-10-31,Cr,,,,,,,0.0,,,,,,,2023-10,"AHLSTROM POWER WINDSOR LOCKS, LLC"
CT0026476,CT,paper_pulp,2023-10-31,Cu,,,,,,,0.019,,,,,,,2023-10,"AHLSTROM POWER WINDSOR LOCKS, LLC"
CT0026476,CT,paper_pulp,2023-10-31,Ni,,,,,,,0.002,,,,,,,2023-10,"AHLSTROM POWER WINDSOR LOCKS, LLC"
CT0026476,CT,paper_pulp,2023-10-31,Pb,,,,,,,0.002,,,,,,,2023-10,"AHLSTROM POWER WINDSOR LOCKS, LLC"
CT0026476,CT,paper_pulp,2023-10-31,TSS,,,,,,,6.8,,,,,,,2023-10,"AHLSTROM POWER WINDSOR LOCKS, LLC"
CT0026476,CT,paper_pulp,2023-10-31,Zn,,,,,,,0.061,,,,,,,2023-10,"AHLSTROM POWER WINDSOR LOCKS, LLC"
CT0026476,CT,paper_pulp,2023-11-30,Cr,,,,,,,0.009,,,,,,,2023-11,"AHLSTROM POWER WINDSOR LOCKS, LLC"
CT0026476,CT,paper_pulp,2023-11-30,Cu,,,,,,,0.014,,,,,,,2023-11,"AHLSTROM POWER WINDSOR LOCKS, LLC"
CT0026476,CT,paper_pulp,2023-11-30,Ni,,,,,,,0.0,,,,,,,2023-11,"AHLSTROM POWER WINDSOR LOCKS, LLC"
CT0026476,CT,paper_pulp,2023-11-30,Pb,,,,,,,0.0,,,,,,,2023-11,"AHLSTROM POWER WINDSOR LOCKS, LLC"
CT0026476,CT,paper_pulp,2023-11-30,TSS,,,,,,,4.4,,,,,,,2023-11,"AHLSTROM POWER WINDSOR LOCKS, LLC"
CT0026476,CT,paper_pulp,2023-11-30,Zn,,,,,,,0.052,,,,,,,2023-11,"AHLSTROM POWER WINDSOR LOCKS, LLC"
CT0026476,CT,paper_pulp,2023-12-31,Cr,,,,,,,0.0,,,,,,,2023-12,"AHLSTROM POWER WINDSOR LOCKS, LLC"
CT0026476,CT,paper_pulp,2023-12-31,Cu,,,,,,,0.0,,,,,,,2023-12,"AHLSTROM POWER WINDSOR LOCKS, LLC"
CT0026476,CT,paper_pulp,2023-12-31,Ni,,,,,,,0.001,,,,,,,2023-12,"AHLSTROM POWER WINDSOR LOCKS, LLC"
CT0026476,CT,paper_pulp,2023-12-31,Pb,,,,,,,0.0,,,,,,,2023-12,"AHLSTROM POWER WINDSOR LOCKS, LLC"
CT0026476,CT,paper_pulp,2023-12-31,TSS,,,,,,,2.8,,,,,,,2023-12,"AHLSTROM POWER WINDSOR LOCKS, LLC"
CT0026476,CT,paper_pulp,2023-12-31,Zn,,,,,,,0.01,,,,,,,2023-12,"AHLSTROM POWER WINDSOR LOCKS, LLC"
CT0026476,CT,paper_pulp,2024-01-31,Cr,,,,,,,0.0,,,,,,,2024-01,"AHLSTROM POWER WINDSOR LOCKS, LLC"
CT0026476,CT,paper_pulp,2024-01-31,Cu,,,,,,,0.0,,,,,,,2024-01,"AHLSTROM POWER WINDSOR LOCKS, LLC"
CT0026476,CT,paper_pulp,2024-01-31,Ni,,,,,,,0.001,,,,,,,2024-01,"AHLSTROM POWER WINDSOR LOCKS, LLC"
CT0026476,CT,paper_pulp,2024-01-31,Pb,,,,,,,0.002,,,,,,,2024-01,"AHLSTROM POWER WINDSOR LOCKS, LLC"
CT0026476,CT,paper_pulp,2024-01-31,TSS,,,,,,,2.0,,,,,,,2024-01,"AHLSTROM POWER WINDSOR LOCKS, LLC"
CT0026476,CT,paper_pulp,2024-01-31,Zn,,,,,,,0.009,,,,,,,2024-01,"AHLSTROM POWER WINDSOR LOCKS, LLC"
CT0026476,CT,paper_pulp,2024-02-29,Cr,,,,,,,0.0,,,,,,,2024-02,"AHLSTROM POWER WINDSOR LOCKS, LLC"
CT0026476,CT,paper_pulp,2024-02-29,Cu,,,,,,,0.006,,,,,,,2024-02,"AHLSTROM POWER WINDSOR LOCKS, LLC"
CT0026476,CT,paper_pulp,2024-02-29,Ni,,,,,,,0.002,,,,,,,2024-02,"AHLSTROM POWER WINDSOR LOCKS, LLC"
CT0026476,CT,paper_pulp,2024-02-29,Pb,,,,,,,0.002,,,,,,,2024-02,"AHLSTROM POWER WINDSOR LOCKS, LLC"
CT0026476,CT,paper_pulp,2024-02-29,TSS,,,,,,,2.2,,,,,,,2024-02,"AHLSTROM POWER WINDSOR LOCKS, LLC"
CT0026476,CT,paper_pulp,2024-02-29,Zn,,,,,,,0.009,,,,,,,2024-02,"AHLSTROM POWER WINDSOR LOCKS, LLC"
CT0026476,CT,paper_pulp,2024-03-31,Cr,,,,,,,0.0,,,,,,,2024-03,"AHLSTROM POWER WINDSOR LOCKS, LLC"
CT0026476,CT,paper_pulp,2024-03-31,Cu,,,,,,,0.005,,,,,,,2024-03,"AHLSTROM POWER WINDSOR LOCKS, LLC"
CT0026476,CT,paper_pulp,2024-03-31,Ni,,,,,,,0.0,,,,,,,2024-03,"AHLSTROM POWER WINDSOR LOCKS, LLC"
CT0026476,CT,paper_pulp,2024-03-31,Pb,,,,,,,0.002,,,,,,,2024-03,"AHLSTROM POWER WINDSOR LOCKS, LLC"
CT0026476,CT,paper_pulp,2024-03-31,TSS,,,,,,,5.6,,,,,,,2024-03,"AHLSTROM POWER WINDSOR LOCKS, LLC"
CT0026476,CT,paper_pulp,2024-03-31,Zn,,,,,,,0.012,,,,,,,2024-03,"AHLSTROM POWER WINDSOR LOCKS, LLC"
CT0026476,CT,paper_pulp,2024-04-30,Cr,,,,,,,0.002,,,,,,,2024-04,"AHLSTROM POWER WINDSOR LOCKS, LLC"
CT0026476,CT,paper_pulp,2024-04-30,Cu,,,,,,,0.007,,,,,,,2024-04,"AHLSTROM POWER WINDSOR LOCKS, LLC"
CT0026476,CT,paper_pulp,2024-04-30,Ni,,,,,,,0.004,,,,,,,2024-04,"AHLSTROM POWER WINDSOR LOCKS, LLC"
CT0026476,CT,paper_pulp,2024-04-30,Pb,,,,,,,0.003,,,,,,,2024-04,"AHLSTROM POWER WINDSOR LOCKS, LLC"
CT0026476,CT,paper_pulp,2024-04-30,TSS,,,,,,,15.0,,,,,,,2024-04,"AHLSTROM POWER WINDSOR LOCKS, LLC"
CT0026476,CT,paper_pulp,2024-04-30,Zn,,,,,,,0.018,,,,,,,2024-04,"AHLSTROM POWER WINDSOR LOCKS, LLC"
CT0026476,CT,paper_pulp,2024-05-31,Cr,,,,,,,0.0,,,,,,,2024-05,"AHLSTROM POWER WINDSOR LOCKS, LLC"
CT0026476,CT,paper_pulp,2024-05-31,Cu,,,,,,,0.006,,,,,,,2024-05,"AHLSTROM POWER WINDSOR LOCKS, LLC"
CT0026476,CT,paper_pulp,2024-05-31,Ni,,,,,,,0.002,,,,,,,2024-05,"AHLSTROM POWER WINDSOR LOCKS, LLC"
CT0026476,CT,paper_pulp,2024-05-31,Pb,,,,,,,0.003,,,,,,,2024-05,"AHLSTROM POWER WINDSOR LOCKS, LLC"
CT0026476,CT,paper_pulp,2024-05-31,TSS,,,,,,,10.0,,,,,,,2024-05,"AHLSTROM POWER WINDSOR LOCKS, LLC"
CT0026476,CT,paper_pulp,2024-05-31,Zn,,,,,,,0.021,,,,,,,2024-05,"AHLSTROM POWER WINDSOR LOCKS, LLC"
CT0026476,CT,paper_pulp,2024-06-30,Cr,,,,,,,0.002,,,,,,,2024-06,"AHLSTROM POWER WINDSOR LOCKS, LLC"
CT0026476,CT,paper_pulp,2024-06-30,Cu,,,,,,,0.009,,,,,,,2024-06,"AHLSTROM POWER WINDSOR LOCKS, LLC"
CT0026476,CT,paper_pulp,2024-06-30,Fe,,,,,,,0.572,,,,,,,2024-06,"AHLSTROM POWER WINDSOR LOCKS, LLC"
CT0026476,CT,paper_pulp,2024-06-30,Ni,,,,,,,0.002,,,,,,,2024-06,"AHLSTROM POWER WINDSOR LOCKS, LLC"
CT0026476,CT,paper_pulp,2024-06-30,Pb,,,,,,,0.005,,,,,,,2024-06,"AHLSTROM POWER WINDSOR LOCKS, LLC"
CT0026476,CT,paper_pulp,2024-06-30,TSS,,,,,,,6.7,,,,,,,2024-06,"AHLSTROM POWER WINDSOR LOCKS, LLC"
CT0026476,CT,paper_pulp,2024-06-30,Zn,,,,,,,0.023,,,,,,,2024-06,"AHLSTROM POWER WINDSOR LOCKS, LLC"
CT0026476,CT,paper_pulp,2024-07-31,Cr,,,,,,,0.0,,,,,,,2024-07,"AHLSTROM POWER WINDSOR LOCKS, LLC"
CT0026476,CT,paper_pulp,2024-07-31,Cu,,,,,,,0.018,,,,,,,2024-07,"AHLSTROM POWER WINDSOR LOCKS, LLC"
CT0026476,CT,paper_pulp,2024-07-31,Ni,,,,,,,0.016,,,,,,,2024-07,"AHLSTROM POWER WINDSOR LOCKS, LLC"
CT0026476,CT,paper_pulp,2024-07-31,Pb,,,,,,,0.002,,,,,,,2024-07,"AHLSTROM POWER WINDSOR LOCKS, LLC"
CT0026476,CT,paper_pulp,2024-07-31,TSS,,,,,,,4.0,,,,,,,2024-07,"AHLSTROM POWER WINDSOR LOCKS, LLC"
CT0026476,CT,paper_pulp,2024-07-31,Zn,,,,,,,0.012,,,,,,,2024-07,"AHLSTROM POWER WINDSOR LOCKS, LLC"
CT0026476,CT,paper_pulp,2024-08-31,Cr,,,,,,,0.001,,,,,,,2024-08,"AHLSTROM POWER WINDSOR LOCKS, LLC"
CT0026476,CT,paper_pulp,2024-08-31,Cu,,,,,,,0.013,,,,,,,2024-08,"AHLSTROM POWER WINDSOR LOCKS, LLC"
CT0026476,CT,paper_pulp,2024-08-31,Ni,,,,,,,0.003,,,,,,,2024-08,"AHLSTROM POWER WINDSOR LOCKS, LLC"
CT0026476,CT,paper_pulp,2024-08-31,Pb,,,,,,,0.004,,,,,,,2024-08,"AHLSTROM POWER WINDSOR LOCKS, LLC"
CT0026476,CT,paper_pulp,2024-08-31,TSS,,,,,,,8.5,,,,,,,2024-08,"AHLSTROM POWER WINDSOR LOCKS, LLC"
CT0026476,CT,paper_pulp,2024-08-31,Zn,,,,,,,0.019,,,,,,,2024-08,"AHLSTROM POWER WINDSOR LOCKS, LLC"
CT0026476,CT,paper_pulp,2024-09-30,Cr,,,,,,,0.0,,,,,,,2024-09,"AHLSTROM POWER WINDSOR LOCKS, LLC"
CT0026476,CT,paper_pulp,2024-09-30,Cu,,,,,,,0.008,,,,,,,2024-09,"AHLSTROM POWER WINDSOR LOCKS, LLC"
CT0026476,CT,paper_pulp,2024-09-30,Fe,,,,,,,0.435,,,,,,,2024-09,"AHLSTROM POWER WINDSOR LOCKS, LLC"
CT0026476,CT,paper_pulp,2024-09-30,Ni,,,,,,,0.002,,,,,,,2024-09,"AHLSTROM POWER WINDSOR LOCKS, LLC"
CT0026476,CT,paper_pulp,2024-09-30,Pb,,,,,,,0.002,,,,,,,2024-09,"AHLSTROM POWER WINDSOR LOCKS, LLC"
CT0026476,CT,paper_pulp,2024-09-30,TSS,,,,,,,6.0,,,,,,,2024-09,"AHLSTROM POWER WINDSOR LOCKS, LLC"
CT0026476,CT,paper_pulp,2024-09-30,Zn,,,,,,,0.023,,,,,,,2024-09,"AHLSTROM POWER WINDSOR LOCKS, LLC"
CT0026476,CT,paper_pulp,2024-10-31,Cr,,,,,,,0.0,,,,,,,2024-10,"AHLSTROM POWER WINDSOR LOCKS, LLC"
CT0026476,CT,paper_pulp,2024-10-31,Cu,,,,,,,0.013,,,,,,,2024-10,"AHLSTROM POWER WINDSOR LOCKS, LLC"
CT0026476,CT,paper_pulp,2024-10-31,Ni,,,,,,,0.003,,,,,,,2024-10,"AHLSTROM POWER WINDSOR LOCKS, LLC"
CT0026476,CT,paper_pulp,2024-10-31,Pb,,,,,,,0.002,,,,,,,2024-10,"AHLSTROM POWER WINDSOR LOCKS, LLC"
CT0026476,CT,paper_pulp,2024-10-31,TSS,,,,,,,2.4,,,,,,,2024-10,"AHLSTROM POWER WINDSOR LOCKS, LLC"
CT0026476,CT,paper_pulp,2024-10-31,Zn,,,,,,,0.048,,,,,,,2024-10,"AHLSTROM POWER WINDSOR LOCKS, LLC"
CT0026476,CT,paper_pulp,2024-11-30,Cr,,,,,,,0.0,,,,,,,2024-11,"AHLSTROM POWER WINDSOR LOCKS, LLC"
CT0026476,CT,paper_pulp,2024-11-30,Cu,,,,,,,0.014,,,,,,,2024-11,"AHLSTROM POWER WINDSOR LOCKS, LLC"
CT0026476,CT,paper_pulp,2024-11-30,Ni,,,,,,,0.002,,,,,,,2024-11,"AHLSTROM POWER WINDSOR LOCKS, LLC"
CT0026476,CT,paper_pulp,2024-11-30,Pb,,,,,,,0.002,,,,,,,2024-11,"AHLSTROM POWER WINDSOR LOCKS, LLC"
CT0026476,CT,paper_pulp,2024-11-30,TSS,,,,,,,0.0,,,,,,,2024-11,"AHLSTROM POWER WINDSOR LOCKS, LLC"
CT0026476,CT,paper_pulp,2024-11-30,Zn,,,,,,,0.052,,,,,,,2024-11,"AHLSTROM POWER WINDSOR LOCKS, LLC"
CT0026476,CT,paper_pulp,2024-12-31,Cr,,,,,,,0.0,,,,,,,2024-12,"AHLSTROM POWER WINDSOR LOCKS, LLC"
CT0026476,CT,paper_pulp,2024-12-31,Cu,,,,,,,0.012,,,,,,,2024-12,"AHLSTROM POWER WINDSOR LOCKS, LLC"
CT0026476,CT,paper_pulp,2024-12-31,Ni,,,,,,,0.002,,,,,,,2024-12,"AHLSTROM POWER WINDSOR LOCKS, LLC"
CT0026476,CT,paper_pulp,2024-12-31,Pb,,,,,,,0.002,,,,,,,2024-12,"AHLSTROM POWER WINDSOR LOCKS, LLC"
CT0026476,CT,paper_pulp,2024-12-31,TSS,,,,,,,2.0,,,,,,,2024-12,"AHLSTROM POWER WINDSOR LOCKS, LLC"
CT0026476,CT,paper_pulp,2024-12-31,Zn,,,,,,,0.042,,,,,,,2024-12,"AHLSTROM POWER WINDSOR LOCKS, LLC"
GA0001422,GA,textile,2019-01-31,EC,1.3816746500000001,,,,,,186.0,,,,,,,2019-01,"MOUNT VERNON MILLS, INC."
GA0001422,GA,textile,2019-02-28,EC,1.62015548,,,,,,177.7,,,,,,,2019-02,"MOUNT VERNON MILLS, INC."
GA0001422,GA,textile,2019-03-31,EC,1.64665335,,,,,,184.0,,,,,,,2019-03,"MOUNT VERNON MILLS, INC."
GA0001422,GA,textile,2019-04-30,EC,3.14946112,,,,,,219.0,,,,,,,2019-04,"MOUNT VERNON MILLS, INC."
GA0001422,GA,textile,2019-05-31,EC,9.5770873,,,,,,229.5,,,,,,,2019-05,"MOUNT VERNON MILLS, INC."
GA0001422,GA,textile,2019-06-30,EC,9.5770873,,,,,,269.3,,,,,,,2019-06,"MOUNT VERNON MILLS, INC."
GA0001422,GA,textile,2019-07-31,EC,13.7410383,,,,,,254.3,,,,,,,2019-07,"MOUNT VERNON MILLS, INC."
GA0001422,GA,textile,2019-08-31,EC,13.7410383,,,,,,268.0,,,,,,,2019-08,"MOUNT VERNON MILLS, INC."
GA0001422,GA,textile,2019-09-30,EC,13.7410383,,,,,,286.8,,,,,,,2019-09,"MOUNT VERNON MILLS, INC."
GA0001422,GA,textile,2019-10-31,EC,7.0096329675,,,,,,282.0,,,,,,,2019-10,"MOUNT VERNON MILLS, INC."
GA0001422,GA,textile,2019-11-30,EC,1.0873590225,,,,,,259.3,,,,,,,2019-11,"MOUNT VERNON MILLS, INC."
GA0001422,GA,textile,2019-12-31,EC,1.0968225475,,,,,,203.3,,,,,,,2019-12,"MOUNT VERNON MILLS, INC."
GA0001422,GA,textile,2020-01-31,EC,1.1043933675000002,,,,,,197.3,,,,,,,2020-01,"MOUNT VERNON MILLS, INC."
GA0001422,GA,textile,2020-02-29,EC,1.417636045,,,,,,182.0,,,,,,,2020-02,"MOUNT VERNON MILLS, INC."
GA0001422,GA,textile,2020-03-31,EC,2.0062673,,,,,,177.0,,,,,,,2020-03,"MOUNT VERNON MILLS, INC."
GA0001422,GA,textile,2020-04-30,EC,2.0062673,,,,,,150.0,,,,,,,2020-04,"MOUNT VERNON MILLS, INC."
GA0001422,GA,textile,2020-05-31,EC,6.927300300000001,,,,,,217.0,,,,,,,2020-05,"MOUNT VERNON MILLS, INC."
GA0001422,GA,textile,2020-07-31,EC,9.5770873,,,,,,261.5,,,,,,,2020-07,"MOUNT VERNON MILLS, INC."
GA0001422,GA,textile,2020-08-31,EC,9.5770873,,,,,,268.5,,,,,,,2020-08,"MOUNT VERNON MILLS, INC."
GA0001422,GA,textile,2020-09-30,EC,9.5770873,,,,,,289.0,,,,,,,2020-09,"MOUNT VERNON MILLS, INC."
GA0001422,GA,textile,2020-10-31,EC,9.5770873,,,,,,228.0,,,,,,,2020-10,"MOUNT VERNON MILLS, INC."
GA0001422,GA,textile,2020-11-30,EC,9.5770873,,,,,,250.5,,,,,,,2020-11,"MOUNT VERNON MILLS, INC."
GA0001422,GA,textile,2020-12-31,EC,2.0062673,,,,,,250.2,,,,,,,2020-12,"MOUNT VERNON MILLS, INC."
GA0001422,GA,textile,2021-01-31,EC,2.0062673,,,,,,195.3,,,,,,,2021-01,"MOUNT VERNON MILLS, INC."
GA0001422,GA,textile,2021-02-28,EC,2.0062673,,,,,,213.8,,,,,,,2021-02,"MOUNT VERNON MILLS, INC."
GA0001422,GA,textile,2021-03-31,EC,2.0062673,,,,,,175.4,,,,,,,2021-03,"MOUNT VERNON MILLS, INC."
GA0001422,GA,textile,2021-04-30,EC,1.0599148,,,,,,212.8,,,,,,,2021-04,"MOUNT VERNON MILLS, INC."
GA0001422,GA,textile,2021-05-31,EC,6.5487593,,,,,,234.3,,,,,,,2021-05,"MOUNT VERNON MILLS, INC."
GA0001422,GA,textile,2021-06-30,EC,6.5487593,,,,,,247.4,,,,,,,2021-06,"MOUNT VERNON MILLS, INC."
GA0001422,GA,textile,2021-07-31,EC,6.5487593,,,,,,244.7,,,,,,,2021-07,"MOUNT VERNON MILLS, INC."
GA0001422,GA,textile,2021-08-31,EC,6.5487593,,,,,,231.8,,,,,,,2021-08,"MOUNT VERNON MILLS, INC."
GA0001422,GA,textile,2021-09-30,EC,6.5487593,,,,,,200.2,,,,,,,2021-09,"MOUNT VERNON MILLS, INC."
GA0001422,GA,textile,2021-10-31,EC,6.5487593,,,,,,238.5,,,,,,,2021-10,"MOUNT VERNON MILLS, INC."
GA0001422,GA,textile,2021-11-30,EC,1.0599148,,,,,,269.0,,,,,,,2021-11,"MOUNT VERNON MILLS, INC."
GA0001422,GA,textile,2021-12-31,EC,1.0599148,,,,,,235.3,,,,,,,2021-12,"MOUNT VERNON MILLS, INC."
GA0001422,GA,textile,2022-01-31,EC,1.0599148,,,,,,181.3,,,,,,,2022-01,"MOUNT VERNON MILLS, INC."
GA0001422,GA,textile,2022-02-28,EC,1.0599148,,,,,,209.3,,,,,,,2022-02,"MOUNT VERNON MILLS, INC."
GA0001422,GA,textile,2022-03-31,EC,1.0599148,,,,,,187.6,,,,,,,2022-03,"MOUNT VERNON MILLS, INC."
GA0001422,GA,textile,2022-04-30,EC,1.0599148,,,,,,210.0,,,,,,,2022-04,"MOUNT VERNON MILLS, INC."
GA0001422,GA,textile,2022-05-31,EC,6.5487593,,,,,,259.6,,,,,,,2022-05,"MOUNT VERNON MILLS, INC."
GA0001422,GA,textile,2022-06-30,EC,6.5487593,,,,,,276.0,,,,,,,2022-06,"MOUNT VERNON MILLS, INC."
GA0001422,GA,textile,2022-07-31,EC,6.5487593,,,,,,256.3,,,,,,,2022-07,"MOUNT VERNON MILLS, INC."
GA0001422,GA,textile,2022-08-31,EC,6.5487593,,,,,,269.0,,,,,,,2022-08,"MOUNT VERNON MILLS, INC."
GA0001422,GA,textile,2022-09-30,EC,6.5487593,,,,,,242.3,,,,,,,2022-09,"MOUNT VERNON MILLS, INC."
GA0001422,GA,textile,2022-10-31,EC,6.5487593,,,,,,303.0,,,,,,,2022-10,"MOUNT VERNON MILLS, INC."
GA0001422,GA,textile,2022-11-30,EC,6.5487593,,,,,,288.5,,,,,,,2022-11,"MOUNT VERNON MILLS, INC."
GA0001422,GA,textile,2022-12-31,EC,5.0345953,,,,,,178.7,,,,,,,2022-12,"MOUNT VERNON MILLS, INC."
GA0001422,GA,textile,2023-01-31,EC,1.0599148,,,,,,180.8,,,,,,,2023-01,"MOUNT VERNON MILLS, INC."
GA0001422,GA,textile,2023-02-28,EC,1.0599148,,,,,,194.0,,,,,,,2023-02,"MOUNT VERNON MILLS, INC."
GA0001422,GA,textile,2023-03-31,EC,1.0599148,,,,,,189.0,,,,,,,2023-03,"MOUNT VERNON MILLS, INC."
GA0001422,GA,textile,2023-04-30,EC,1.0599148,,,,,,215.0,,,,,,,2023-04,"MOUNT VERNON MILLS, INC."
GA0001422,GA,textile,2023-05-31,EC,6.5487593,,,,,,210.8,,,,,,,2023-05,"MOUNT VERNON MILLS, INC."
GA0001422,GA,textile,2023-06-30,EC,6.5487593,,,,,,265.7,,,,,,,2023-06,"MOUNT VERNON MILLS, INC."
GA0003280,GA,textile,2019-01-31,BOD,7.455364995,,,,,,5.0,,,,,,30.0,2019-01,"KING AMERICA FINISHING, INC."
GA0003280,GA,textile,2019-01-31,Color,7.455364995,,,,,,32.0,90.0,87.0,,,,,2019-01,"KING AMERICA FINISHING, INC."
GA0003280,GA,textile,2019-01-31,Cr,7.455364995,,,,,,0.01,,,,,,1.2,2019-01,"KING AMERICA FINISHING, INC."
GA0003280,GA,textile,2019-01-31,EC,7.455364995,,,,,,3067.0,77.0,65.0,,,,,2019-01,"KING AMERICA FINISHING, INC."
GA0003280,GA,textile,2019-01-31,TDS,7.455364995,,,,,,1949.0,,,,,,2500.0,2019-01,"KING AMERICA FINISHING, INC."
GA0003280,GA,textile,2019-01-31,TSS,7.455364995,,,,,,0.0,,,,,5.0,30.0,2019-01,"KING AMERICA FINISHING, INC."
GA0003280,GA,textile,2019-02-28,BOD,8.16512937,,,,,,3.0,,,,,,30.0,2019-02,"KING AMERICA FINISHING, INC."
GA0003280,GA,textile,2019-02-28,Color,8.16512937,,,,,,34.0,79.0,80.0,,,,,2019-02,"KING AMERICA FINISHING, INC."
GA0003280,GA,textile,2019-02-28,Cr,8.16512937,,,,,,0.01,,,,,,1.2,2019-02,"KING AMERICA FINISHING, INC."
GA0003280,GA,textile,2019-02-28,EC,8.16512937,,,,,,3278.0,78.0,118.0,,,,,2019-02,"KING AMERICA FINISHING, INC."
GA0003280,GA,textile,2019-02-28,TDS,8.16512937,,,,,,2184.0,,,,,,2500.0,2019-02,"KING AMERICA FINISHING, INC."
GA0003280,GA,textile,2019-02-28,TSS,8.16512937,,,,,,0.0,,,,,3.0,30.0,2019-02,"KING AMERICA FINISHING, INC."
GA0003280,GA,textile,2019-03-31,BOD,7.8357987,,,,,,3.0,,,,,,30.0,2019-03,"KING AMERICA FINISHING, INC."
GA0003280,GA,textile,2019-03-31,Color,7.8357987,,,,,,38.0,84.0,81.0,,,,,2019-03,"KING AMERICA FINISHING, INC."
GA0003280,GA,textile,2019-03-31,Cr,7.8357987,,,,,,0.01,,,,,,1.2,2019-03,"KING AMERICA FINISHING, INC."
GA0003280,GA,textile,2019-03-31,EC,7.8357987,,,,,,3221.0,84.0,104.0,,,,,2019-03,"KING AMERICA FINISHING, INC."
GA0003280,GA,textile,2019-03-31,TDS,7.8357987,,,,,,2185.0,,,,,,2500.0,2019-03,"KING AMERICA FINISHING, INC."
GA0003280,GA,textile,2019-03-31,TSS,7.8357987,,,,,,3.0,,,,,,30.0,2019-03,"KING AMERICA FINISHING, INC."
GA0003280,GA,textile,2019-04-30,BOD,6.948120055,,,,,,3.0,,,,,,30.0,2019-04,"KING AMERICA FINISHING, INC."
GA0003280,GA,textile,2019-04-30,Color,6.948120055,,,,,,29.0,76.0,76.0,,,,,2019-04,"KING AMERICA FINISHING, INC."
GA0003280,GA,textile,2019-04-30,Cr,6.948120055,,,,,,0.0,,,,,,1.2,2019-04,"KING AMERICA FINISHING, INC."
GA0003280,GA,textile,2019-04-30,EC,6.948120055,,,,,,3216.0,92.0,114.0,,,,,2019-04,"KING AMERICA FINISHING, INC."
GA0003280,GA,textile,2019-04-30,TDS,6.948120055,,,,,,2115.0,,,,,,2500.0,2019-04,"KING AMERICA FINISHING, INC."
GA0003280,GA,textile,2019-04-30,TSS,6.948120055,,,,,,0.0,,,,,3.0,30.0,2019-04,"KING AMERICA FINISHING, INC."
GA0003280,GA,textile,2019-05-31,BOD,7.0541115350000005,,,,,,4.0,,,,,,30.0,2019-05,"KING AMERICA FINISHING, INC."
GA0003280,GA,textile,2019-05-31,Color,7.0541115350000005,,,,,,30.0,55.0,58.0,,,,,2019-05,"KING AMERICA FINISHING, INC."
GA0003280,GA,textile,2019-05-31,Cr,7.0541115350000005,,,,,,0.0,,,,,,1.2,2019-05,"KING AMERICA FINISHING, INC."
GA0003280,GA,textile,2019-05-31,EC,7.0541115350000005,,,,,,2969.0,79.0,126.0,,,,,2019-05,"KING AMERICA FINISHING, INC."
GA0003280,GA,textile,2019-05-31,TDS,7.0541115350000005,,,,,,2076.0,,,,,,2500.0,2019-05,"KING AMERICA FINISHING, INC."
GA0003280,GA,textile,2019-05-31,TSS,7.0541115350000005,,,,,,0.0,,,,,3.0,30.0,2019-05,"KING AMERICA FINISHING, INC."
GA0003280,GA,textile,2019-06-30,BOD,7.896365260000001,,,,,,3.0,,,,,,30.0,2019-06,"KING AMERICA FINISHING, INC."
GA0003280,GA,textile,2019-06-30,Color,7.896365260000001,,,,,,27.0,41.0,39.0,,,,,2019-06,"KING AMERICA FINISHING, INC."
GA0003280,GA,textile,2019-06-30,Cr,7.896365260000001,,,,,,0.0,,,,,,1.2,2019-06,"KING AMERICA FINISHING, INC."
GA0003280,GA,textile,2019-06-30,EC,7.896365260000001,,,,,,2603.0,69.0,95.0,,,,,2019-06,"KING AMERICA FINISHING, INC."
GA0003280,GA,textile,2019-06-30,TDS,7.896365260000001,,,,,,1642.0,,,,,,2500.0,2019-06,"KING AMERICA FINISHING, INC."
GA0003280,GA,textile,2019-06-30,TSS,7.896365260000001,,,,,,0.0,,,,,4.0,30.0,2019-06,"KING AMERICA FINISHING, INC."
GA0003280,GA,textile,2019-07-31,BOD,7.66924066,,,,,,2.0,,,,,,30.0,2019-07,"KING AMERICA FINISHING, INC."
GA0003280,GA,textile,2019-07-31,Color,7.66924066,,,,,,29.0,35.0,37.0,,,,,2019-07,"KING AMERICA FINISHING, INC."
GA0003280,GA,textile,2019-07-31,Cr,7.66924066,,,,,,0.0,,,,,,1.2,2019-07,"KING AMERICA FINISHING, INC."
GA0003280,GA,textile,2019-07-31,EC,7.66924066,,,,,,2741.0,77.0,54.0,,,,,2019-07,"KING AMERICA FINISHING, INC."
GA0003280,GA,textile,2019-07-31,TDS,7.66924066,,,,,,1856.0,,,,,,2500.0,2019-07,"KING AMERICA FINISHING, INC."
GA0003280,GA,textile,2019-07-31,TSS,7.66924066,,,,,,3.0,,,,,,30.0,2019-07,"KING AMERICA FINISHING, INC."
GA0003280,GA,textile,2019-08-31,BOD,7.515931555000001,,,,,,2.0,,,,,,30.0,2019-08,"KING AMERICA FINISHING, INC."
GA0003280,GA,textile,2019-08-31,Color,7.515931555000001,,,,,,29.0,30.0,29.0,,,,,2019-08,"KING AMERICA FINISHING, INC."
GA0003280,GA,textile,2019-08-31,Cr,7.515931555000001,,,,,,0.0,,,,,,1.2,2019-08,"KING AMERICA FINISHING, INC."
GA0003280,GA,textile,2019-08-31,EC,7.515931555000001,,,,,,2716.0,51.0,33.0,,,,,2019-08,"KING AMERICA FINISHING, INC."
GA0003280,GA,textile,2019-08-31,TDS,7.515931555000001,,,,,,1802.0,,,,,,2500.0,2019-08,"KING AMERICA FINISHING, INC."
GA0003280,GA,textile,2019-08-31,TSS,7.515931555000001,,,,,,0.0,,,,,3.0,30.0,2019-08,"KING AMERICA FINISHING, INC."
GA0003280,GA,textile,2019-09-30,BOD,7.1241416200000005,,,,,,7.0,,,,,,30.0,2019-09,"KING AMERICA FINISHING, INC."
GA0003280,GA,textile,2019-09-30,Color,7.1241416200000005,,,,,,29.0,47.0,47.0,,,,,2019-09,"KING AMERICA FINISHING, INC."
GA0003280,GA,textile,2019-09-30,Cr,7.1241416200000005,,,,,,0.0,,,,,,1.2,2019-09,"KING AMERICA FINISHING, INC."
GA0003280,GA,textile,2019-09-30,EC,7.1241416200000005,,,,,,2613.0,117.0,145.0,,,,,2019-09,"KING AMERICA FINISHING, INC."
GA0003280,GA,textile,2019-09-30,TDS,7.1241416200000005,,,,,,1658.0,,,,,,2500.0,2019-09,"KING AMERICA FINISHING, INC."
GA0003280,GA,textile,2019-09-30,TSS,7.1241416200000005,,,,,,0.0,,,,,3.0,30.0,2019-09,"KING AMERICA FINISHING, INC."
GA0003280,GA,textile,2019-10-31,BOD,7.735485335,,,,,,3.0,,,,,,30.0,2019-10,"KING AMERICA FINISHING, INC."
GA0003280,GA,textile,2019-10-31,Color,7.735485335,,,,,,27.0,30.0,28.0,,,,,2019-10,"KING AMERICA FINISHING, INC."
GA0003280,GA,textile,2019-10-31,Cr,7.735485335,,,,,,0.01,,,,,,1.2,2019-10,"KING AMERICA FINISHING, INC."
GA0003280,GA,textile,2019-10-31,EC,7.735485335,,,,,,2970.0,114.0,150.0,,,,,2019-10,"KING AMERICA FINISHING, INC."
GA0003280,GA,textile,2019-10-31,TDS,7.735485335,,,,,,1832.0,,,,,,2500.0,2019-10,"KING AMERICA FINISHING, INC."
GA0003280,GA,textile,2019-10-31,TSS,7.735485335,,,,,,0.0,,,,,3.0,30.0,2019-10,"KING AMERICA FINISHING, INC."
GA0003280,GA,textile,2019-11-30,BOD,7.875545505,,,,,,3.0,,,,,,30.0,2019-11,"KING AMERICA FINISHING, INC."
GA0003280,GA,textile,2019-11-30,Color,7.875545505,,,,,,32.0,52.0,54.0,,,,,2019-11,"KING AMERICA FINISHING, INC."
GA0003280,GA,textile,2019-11-30,Cr,7.875545505,,,,,,0.0,,,,,,1.2,2019-11,"KING AMERICA FINISHING, INC."
GA0003280,GA,textile,2019-11-30,EC,7.875545505,,,,,,3187.0,60.0,96.0,,,,,2019-11,"KING AMERICA FINISHING, INC."
GA0003280,GA,textile,2019-11-30,TDS,7.875545505,,,,,,1965.0,,,,,,2500.0,2019-11,"KING AMERICA FINISHING, INC."
GA0003280,GA,textile,2019-11-30,TSS,7.875545505,,,,,,3.0,,,,,,30.0,2019-11,"KING AMERICA FINISHING, INC."
GA0003280,GA,textile,2019-12-31,BOD,7.0276136650000005,,,,,,3.0,,,,,,30.0,2019-12,"KING AMERICA FINISHING, INC."
GA0003280,GA,textile,2019-12-31,Color,7.0276136650000005,,,,,,25.0,65.0,62.0,,,,,2019-12,"KING AMERICA FINISHING, INC."
GA0003280,GA,textile,2019-12-31,Cr,7.0276136650000005,,,,,,0.0,,,,,,1.2,2019-12,"KING AMERICA FINISHING, INC."
GA0003280,GA,textile,2019-12-31,EC,7.0276136650000005,,,,,,2899.0,92.0,123.0,,,,,2019-12,"KING AMERICA FINISHING, INC."
GA0003280,GA,textile,2019-12-31,TDS,7.0276136650000005,,,,,,1894.0,,,,,,2500.0,2019-12,"KING AMERICA FINISHING, INC."
GA0003280,GA,textile,2019-12-31,TSS,7.0276136650000005,,,,,,3.0,,,,,,30.0,2019-12,"KING AMERICA FINISHING, INC."
GA0003280,GA,textile,2020-01-31,BOD,7.353158925,,,,,,2.0,,,,,,30.0,2020-01,"KING AMERICA FINISHING, INC."
GA0003280,GA,textile,2020-01-31,Color,7.353158925,,,,,,27.0,87.0,75.0,,,,,2020-01,"KING AMERICA FINISHING, INC."
GA0003280,GA,textile,2020-01-31,Cr,7.353158925,,,,,,0.0,,,,,,1.2,2020-01,"KING AMERICA FINISHING, INC."
GA0003280,GA,textile,2020-01-31,EC,7.353158925,,,,,,2608.0,43.0,271.0,,,,,2020-01,"KING AMERICA FINISHING, INC."
GA0003280,GA,textile,2020-01-31,TDS,7.353158925,,,,,,1611.0,,,,,,2500.0,2020-01,"KING AMERICA FINISHING, INC."
GA0003280,GA,textile,2020-01-31,TSS,7.353158925,,,,,,0.0,,,,,3.0,30.0,2020-01,"KING AMERICA FINISHING, INC."
GA0003280,GA,textile,2020-02-29,BOD,7.20742064,,,,,,2.0,,,,,,30.0,2020-02,"KING AMERICA FINISHING, INC."
GA0003280,GA,textile,2020-02-29,Color,7.20742064,,,,,,-80.75,107.0,109.0,,,,,2020-02,"KING AMERICA FINISHING, INC."
GA0003280,GA,textile,2020-02-29,Cr,7.20742064,,,,,,0.0,,,,,,1.2,2020-02,"KING AMERICA FINISHING, INC."
GA0003280,GA,textile,2020-02-29,EC,7.20742064,,,,,,3236.0,56.0,90.0,,,,,2020-02,"KING AMERICA FINISHING, INC."
GA0003280,GA,textile,2020-02-29,TDS,7.20742064,,,,,,2007.0,,,,,,2500.0,2020-02,"KING AMERICA FINISHING, INC."
GA0003280,GA,textile,2020-02-29,TSS,7.20742064,,,,,,3.0,,,,,,30.0,2020-02,"KING AMERICA FINISHING, INC."
GA0003280,GA,textile,2020-03-31,BOD,7.527287785000001,,,,,,2.0,,,,,,30.0,2020-03,"KING AMERICA FINISHING, INC."
GA0003280,GA,textile,2020-03-31,Color,7.527287785000001,,,,,,35.0,148.0,153.0,,,,,2020-03,"KING AMERICA FINISHING, INC."
GA0003280,GA,textile,2020-03-31,Cr,7.527287785000001,,,,,,0.0,,,,,,1.2,2020-03,"KING AMERICA FINISHING, INC."
GA0003280,GA,textile,2020-03-31,EC,7.527287785000001,,,,,,2731.0,57.0,78.0,,,,,2020-03,"KING AMERICA FINISHING, INC."
GA0003280,GA,textile,2020-03-31,TDS,7.527287785000001,,,,,,1746.0,,,,,,2500.0,2020-03,"KING AMERICA FINISHING, INC."
GA0003280,GA,textile,2020-03-31,TSS,7.527287785000001,,,,,,3.0,,,,,,30.0,2020-03,"KING AMERICA FINISHING, INC."
GA0003280,GA,textile,2020-04-30,BOD,3.6585987650000003,,,,,,3.0,,,,,,30.0,2020-04,"KING AMERICA FINISHING, INC."
GA0003280,GA,textile,2020-04-30,Color,3.6585987650000003,,,,,,28.0,122.0,139.0,,,,,2020-04,"KING AMERICA FINISHING, INC."
GA0003280,GA,textile,2020-04-30,Cr,3.6585987650000003,,,,,,0.01,,,,,,1.2,2020-04,"KING AMERICA FINISHING, INC."
GA0003280,GA,textile,2020-04-30,EC,3.6585987650000003,,,,,,2477.0,76.0,90.0,,,,,2020-04,"KING AMERICA FINISHING, INC."
GA0003280,GA,textile,2020-04-30,TDS,3.6585987650000003,,,,,,1609.0,,,,,,2500.0,2020-04,"KING AMERICA FINISHING, INC."
GA0003280,GA,textile,2020-04-30,TSS,3.6585987650000003,,,,,,0.0,,,,,3.0,30.0,2020-04,"KING AMERICA FINISHING, INC."
GA0003280,GA,textile,2020-05-31,BOD,5.312822935,,,,,,2.0,,,,,,30.0,2020-05,"KING AMERICA FINISHING, INC."
GA0003280,GA,textile,2020-05-31,Color,5.312822935,,,,,,25.0,130.0,130.0,,,,,2020-05,"KING AMERICA FINISHING, INC."
GA0003280,GA,textile,2020-05-31,Cr,5.312822935,,,,,,0.01,,,,,,1.2,2020-05,"KING AMERICA FINISHING, INC."
GA0003280,GA,textile,2020-05-31,EC,5.312822935,,,,,,2817.0,81.0,131.0,,,,,2020-05,"KING AMERICA FINISHING, INC."
GA0003280,GA,textile,2020-05-31,TDS,5.312822935,,,,,,1630.0,,,,,,2500.0,2020-05,"KING AMERICA FINISHING, INC."
GA0003280,GA,textile,2020-05-31,TSS,5.312822935,,,,,,6.0,,,,,,30.0,2020-05,"KING AMERICA FINISHING, INC."
GA0003280,GA,textile,2020-06-30,BOD,5.967698865,,,,,,2.0,,,,,,30.0,2020-06,"KING AMERICA FINISHING, INC."
GA0003280,GA,textile,2020-06-30,Color,5.967698865,,,,,,27.0,145.0,145.0,,,,,2020-06,"KING AMERICA FINISHING, INC."
GA0003280,GA,textile,2020-06-30,Cr,5.967698865,,,,,,0.01,,,,,,1.2,2020-06,"KING AMERICA FINISHING, INC."
GA0003280,GA,textile,2020-06-30,EC,5.967698865,,,,,,2648.0,88.0,100.0,,,,,2020-06,"KING AMERICA FINISHING, INC."
GA0003280,GA,textile,2020-06-30,TDS,5.967698865,,,,,,1660.0,,,,,,2500.0,2020-06,"KING AMERICA FINISHING, INC."
GA0003280,GA,textile,2020-06-30,TSS,5.967698865,,,,,,0.0,,,,,3.0,30.0,2020-06,"KING AMERICA FINISHING, INC."
GA0003280,GA,textile,2020-07-31,BOD,5.2541490799999995,,,,,,2.0,,,,,,30.0,2020-07,"KING AMERICA FINISHING, INC."
GA0003280,GA,textile,2020-07-31,Color,5.2541490799999995,,,,,,29.0,,,,,,,2020-07,"KING AMERICA FINISHING, INC."
GA0003280,GA,textile,2020-07-31,Cr,5.2541490799999995,,,,,,0.01,,,,,,1.2,2020-07,"KING AMERICA FINISHING, INC."
GA0003280,GA,textile,2020-07-31,EC,5.2541490799999995,,,,,,2573.0,,,,,,,2020-07,"KING AMERICA FINISHING, INC."
GA0003280,GA,textile,2020-07-31,TDS,5.2541490799999995,,,,,,1800.0,,,,,,2500.0,2020-07,"KING AMERICA FINISHING, INC."
GA0003280,GA,textile,2020-07-31,TSS,5.2541490799999995,,,,,,0.0,,,,,3.0,30.0,2020-07,"KING AMERICA FINISHING, INC."
GA0003280,GA,textile,2020-08-31,BOD,5.7330034450000005,,,,,,3.0,,,,,,30.0,2020-08,"KING AMERICA FINISHING, INC."
GA0003280,GA,textile,2020-08-31,Color,5.7330034450000005,,,,,,35.0,90.0,85.0,,,,,2020-08,"KING AMERICA FINISHING, INC."
GA0003280,GA,textile,2020-08-31,Cr,5.7330034450000005,,,,,,0.01,,,,,,1.2,2020-08,"KING AMERICA FINISHING, INC."
GA0003280,GA,textile,2020-08-31,EC,5.7330034450000005,,,,,,2680.0,82.0,110.0,,,,,2020-08,"KING AMERICA FINISHING, INC."
GA0003280,GA,textile,2020-08-31,TDS,5.7330034450000005,,,,,,1678.0,,,,,,2500.0,2020-08,"KING AMERICA FINISHING, INC."
GA0003280,GA,textile,2020-08-31,TSS,5.7330034450000005,,,,,,0.0,,,,,3.0,30.0,2020-08,"KING AMERICA FINISHING, INC."
GA0003280,GA,textile,2020-09-30,BOD,5.653509835,,,,,,4.0,,,,,,30.0,2020-09,"KING AMERICA FINISHING, INC."
GA0003280,GA,textile,2020-09-30,Color,5.653509835,,,,,,36.0,118.0,104.0,,,,,2020-09,"KING AMERICA FINISHING, INC."
GA0003280,GA,textile,2020-09-30,Cr,5.653509835,,,,,,0.01,,,,,,1.2,2020-09,"KING AMERICA FINISHING, INC."
GA0003280,GA,textile,2020-09-30,EC,5.653509835,,,,,,2867.0,74.0,79.0,,,,,2020-09,"KING AMERICA FINISHING, INC."
GA0003280,GA,textile,2020-09-30,TDS,5.653509835,,,,,,1794.0,,,,,,2500.0,2020-09,"KING AMERICA FINISHING, INC."
GA0003280,GA,textile,2020-09-30,TSS,5.653509835,,,,,,0.0,,,,,5.0,30.0,2020-09,"KING AMERICA FINISHING, INC."
GA0003280,GA,textile,2020-10-31,BOD,6.041514360000001,,,,,,3.0,,,,,,30.0,2020-10,"KING AMERICA FINISHING, INC."
GA0003280,GA,textile,2020-10-31,Color,6.041514360000001,,,,,,32.0,79.0,71.0,,,,,2020-10,"KING AMERICA FINISHING, INC."
GA0003280,GA,textile,2020-10-31,Cr,6.041514360000001,,,,,,0.01,,,,,,1.2,2020-10,"KING AMERICA FINISHING, INC."
GA0003280,GA,textile,2020-10-31,EC,6.041514360000001,,,,,,2993.0,88.0,125.0,,,,,2020-10,"KING AMERICA FINISHING, INC."
GA0003280,GA,textile,2020-10-31,TDS,6.041514360000001,,,,,,1862.0,,,,,,2500.0,2020-10,"KING AMERICA FINISHING, INC."
GA0003280,GA,textile,2020-10-31,TSS,6.041514360000001,,,,,,0.0,,,,,4.0,30.0,2020-10,"KING AMERICA FINISHING, INC."
GA0003280,GA,textile,2020-11-30,BOD,5.51155696,,,,,,2.0,,,,,,30.0,2020-11,"KING AMERICA FINISHING, INC."
GA0003280,GA,textile,2020-11-30,Color,5.51155696,,,,,,44.0,97.0,89.0,,,,,2020-11,"KING AMERICA FINISHING, INC."
GA0003280,GA,textile,2020-11-30,Cr,5.51155696,,,,,,0.01,,,,,,1.2,2020-11,"KING AMERICA FINISHING, INC."
GA0003280,GA,textile,2020-11-30,EC,5.51155696,,,,,,3573.0,85.0,114.0,,,,,2020-11,"KING AMERICA FINISHING, INC."
GA0003280,GA,textile,2020-11-30,TDS,5.51155696,,,,,,2160.0,,,,,,2500.0,2020-11,"KING AMERICA FINISHING, INC."
GA0003280,GA,textile,2020-11-30,TSS,5.51155696,,,,,,0.0,,,,,5.0,30.0,2020-11,"KING AMERICA FINISHING, INC."
GA0003280,GA,textile,2020-12-31,BOD,6.98408145,,,,,,7.0,,,,,,30.0,2020-12,"KING AMERICA FINISHING, INC."
GA0003280,GA,textile,2020-12-31,Color,6.98408145,,,,,,49.0,74.0,84.0,,,,,2020-12,"KING AMERICA FINISHING, INC."
GA0003280,GA,textile,2020-12-31,Cr,6.98408145,,,,,,0.01,,,,,,1.2,2020-12,"KING AMERICA FINISHING, INC."
GA0003280,GA,textile,2020-12-31,EC,6.98408145,,,,,,3223.0,100.0,72.0,,,,,2020-12,"KING AMERICA FINISHING, INC."
GA0003280,GA,textile,2020-12-31,TDS,6.98408145,,,,,,1960.0,,,,,,2500.0,2020-12,"KING AMERICA FINISHING, INC."
GA0003280,GA,textile,2020-12-31,TSS,6.98408145,,,,,,8.0,,,,,,30.0,2020-12,"KING AMERICA FINISHING, INC."
GA0003280,GA,textile,2021-01-31,BOD,7.4175108949999995,,,,,,10.0,,,,,,30.0,2021-01,"KING AMERICA FINISHING, INC."
GA0003280,GA,textile,2021-01-31,Color,7.4175108949999995,,,,,,54.0,94.0,92.0,,,,,2021-01,"KING AMERICA FINISHING, INC."
GA0003280,GA,textile,2021-01-31,Cr,7.4175108949999995,,,,,,0.01,,,,,,1.2,2021-01,"KING AMERICA FINISHING, INC."
GA0003280,GA,textile,2021-01-31,EC,7.4175108949999995,,,,,,3228.0,65.0,274.0,,,,,2021-01,"KING AMERICA FINISHING, INC."
GA0003280,GA,textile,2021-01-31,TDS,7.4175108949999995,,,,,,1996.0,,,,,,2500.0,2021-01,"KING AMERICA FINISHING, INC."
GA0003280,GA,textile,2021-01-31,TSS,7.4175108949999995,,,,,,9.0,,,,,,30.0,2021-01,"KING AMERICA FINISHING, INC."
GA0003280,GA,textile,2021-02-28,BOD,7.143068670000001,,,,,,6.0,,,,,,30.0,2021-02,"KING AMERICA FINISHING, INC."
GA0003280,GA,textile,2021-02-28,Color,7.143068670000001,,,,,,37.0,104.0,102.0,,,,,2021-02,"KING AMERICA FINISHING, INC."
GA0003280,GA,textile,2021-02-28,Cr,7.143068670000001,,,,,,0.01,,,,,,1.2,2021-02,"KING AMERICA FINISHING, INC."
GA0003280,GA,textile,2021-02-28,EC,7.143068670000001,,,,,,3353.0,64.0,85.0,,,,,2021-02,"KING AMERICA FINISHING, INC."
GA0003280,GA,textile,2021-02-28,TDS,7.143068670000001,,,,,,2105.0,,,,,,2500.0,2021-02,"KING AMERICA FINISHING, INC."
GA0003280,GA,textile,2021-02-28,TSS,7.143068670000001,,,,,,0.0,,,,,5.0,30.0,2021-02,"KING AMERICA FINISHING, INC."
GA0003280,GA,textile,2021-03-31,BOD,7.13928326,,,,,,3.0,,,,,,30.0,2021-03,"KING AMERICA FINISHING, INC."
GA0003280,GA,textile,2021-03-31,Color,7.13928326,,,,,,32.0,108.0,102.0,,,,,2021-03,"KING AMERICA FINISHING, INC."
GA0003280,GA,textile,2021-03-31,Cr,7.13928326,,,,,,0.01,,,,,,1.2,2021-03,"KING AMERICA FINISHING, INC."
GA0003280,GA,textile,2021-03-31,EC,7.13928326,,,,,,3480.0,64.0,86.0,,,,,2021-03,"KING AMERICA FINISHING, INC."
GA0003280,GA,textile,2021-03-31,TDS,7.13928326,,,,,,2302.0,,,,,,2500.0,2021-03,"KING AMERICA FINISHING, INC."
GA0003280,GA,textile,2021-03-31,TSS,7.13928326,,,,,,0.0,,,,,3.0,30.0,2021-03,"KING AMERICA FINISHING, INC."
GA0003280,GA,textile,2021-04-30,BOD,7.474292045000001,,,,,,2.0,,,,,,30.0,2021-04,"KING AMERICA FINISHING, INC."
GA0003280,GA,textile,2021-04-30,Color,7.474292045000001,,,,,,35.0,103.0,111.0,,,,,2021-04,"KING AMERICA FINISHING, INC."
GA0003280,GA,textile,2021-04-30,Cr,7.474292045000001,,,,,,0.01,,,,,,1.2,2021-04,"KING AMERICA FINISHING, INC."
GA0003280,GA,textile,2021-04-30,EC,7.474292045000001,,,,,,3618.0,80.0,102.0,,,,,2021-04,"KING AMERICA FINISHING, INC."
GA0003280,GA,textile,2021-04-30,TDS,7.474292045000001,,,,,,2285.0,,,,,,2500.0,2021-04,"KING AMERICA FINISHING, INC."
GA0003280,GA,textile,2021-04-30,TSS,7.474292045000001,,,,,,4.0,,,,,,30.0,2021-04,"KING AMERICA FINISHING, INC."
GA0003280,GA,textile,2021-05-31,BOD,7.4951118,,,,,,2.0,,,,,,30.0,2021-05,"KING AMERICA FINISHING, INC."
GA0003280,GA,textile,2021-05-31,Color,7.4951118,,,,,,37.0,92.0,92.0,,,,,2021-05,"KING AMERICA FINISHING, INC."
GA0003280,GA,textile,2021-05-31,Cr,7.4951118,,,,,,0.01,,,,,,1.2,2021-05,"KING AMERICA FINISHING, INC."
GA0003280,GA,textile,2021-05-31,EC,7.4951118,,,,,,3513.0,85.0,129.0,,,,,2021-05,"KING AMERICA FINISHING, INC."
GA0003280,GA,textile,2021-05-31,TDS,7.4951118,,,,,,2307.0,,,,,,2500.0,2021-05,"KING AMERICA FINISHING, INC."
GA0003280,GA,textile,2021-05-31,TSS,7.4951118,,,,,,4.0,,,,,,30.0,2021-05,"KING AMERICA FINISHING, INC."
GA0003280,GA,textile,2021-06-30,BOD,7.445901470000001,,,,,,2.0,,,,,,30.0,2021-06,"KING AMERICA FINISHING, INC."
GA0003280,GA,textile,2021-06-30,Color,7.445901470000001,,,,,,28.0,87.0,88.0,,,,,2021-06,"KING AMERICA FINISHING, INC."
GA0003280,GA,textile,2021-06-30,Cr,7.445901470000001,,,,,,0.01,,,,,,1.2,2021-06,"KING AMERICA FINISHING, INC."
GA0003280,GA,textile,2021-06-30,EC,7.445901470000001,,,,,,3114.0,100.0,119.0,,,,,2021-06,"KING AMERICA FINISHING, INC."
GA0003280,GA,textile,2021-06-30,TDS,7.445901470000001,,,,,,2121.0,,,,,,2500.0,2021-06,"KING AMERICA FINISHING, INC."
GA0003280,GA,textile,2021-06-30,TSS,7.445901470000001,,,,,,0.0,,,,,3.0,30.0,2021-06,"KING AMERICA FINISHING, INC."
GA0003280,GA,textile,2021-07-31,BOD,7.22634769,,,,,,2.0,,,,,,30.0,2021-07,"KING AMERICA FINISHING, INC."
GA0003280,GA,textile,2021-07-31,Color,7.22634769,,,,,,34.0,109.0,106.0,,,,,2021-07,"KING AMERICA FINISHING, INC."
GA0003280,GA,textile,2021-07-31,Cr,7.22634769,,,,,,0.01,,,,,,1.2,2021-07,"KING AMERICA FINISHING, INC."
GA0003280,GA,textile,2021-07-31,EC,7.22634769,,,,,,3292.0,87.0,110.0,,,,,2021-07,"KING AMERICA FINISHING, INC."
GA0003280,GA,textile,2021-07-31,TDS,7.22634769,,,,,,2268.0,,,,,,2500.0,2021-07,"KING AMERICA FINISHING, INC."
GA0003280,GA,textile,2021-07-31,TSS,7.22634769,,,,,,0.0,,,,,4.0,30.0,2021-07,"KING AMERICA FINISHING, INC."
GA0003280,GA,textile,2021-08-31,BOD,7.16199572,,,,,,2.0,,,,,,30.0,2021-08,"KING AMERICA FINISHING, INC."
GA0003280,GA,textile,2021-08-31,Color,7.16199572,,,,,,50.0,104.0,106.0,,,,,2021-08,"KING AMERICA FINISHING, INC."
GA0003280,GA,textile,2021-08-31,Cr,7.16199572,,,,,,0.01,,,,,,1.2,2021-08,"KING AMERICA FINISHING, INC."
GA0003280,GA,textile,2021-08-31,EC,7.16199572,,,,,,3717.0,81.0,162.0,,,,,2021-08,"KING AMERICA FINISHING, INC."
GA0003280,GA,textile,2021-08-31,TDS,7.16199572,,,,,,2505.0,,,,,,2500.0,2021-08,"KING AMERICA FINISHING, INC."
GA0003280,GA,textile,2021-08-31,TSS,7.16199572,,,,,,0.0,,,,,4.0,30.0,2021-08,"KING AMERICA FINISHING, INC."
GA0003280,GA,textile,2021-09-30,BOD,6.959476285,,,,,,2.0,,,,,,30.0,2021-09,"KING AMERICA FINISHING, INC."
GA0003280,GA,textile,2021-09-30,Color,6.959476285,,,,,,37.0,86.0,81.0,,,,,2021-09,"KING AMERICA FINISHING, INC."
GA0003280,GA,textile,2021-09-30,Cr,6.959476285,,,,,,0.01,,,,,,1.2,2021-09,"KING AMERICA FINISHING, INC."
GA0003280,GA,textile,2021-09-30,EC,6.959476285,,,,,,3474.0,71.0,122.0,,,,,2021-09,"KING AMERICA FINISHING, INC."
GA0003280,GA,textile,2021-09-30,TDS,6.959476285,,,,,,2262.0,,,,,,2500.0,2021-09,"KING AMERICA FINISHING, INC."
GA0003280,GA,textile,2021-09-30,TSS,6.959476285,,,,,,0.0,,,,,3.0,30.0,2021-09,"KING AMERICA FINISHING, INC."
GA0003280,GA,textile,2021-10-31,BOD,7.160103015000001,,,,,,2.0,,,,,,30.0,2021-10,"KING AMERICA FINISHING, INC."
GA0003280,GA,textile,2021-10-31,Color,7.160103015000001,,,,,,33.0,91.0,91.0,,,,,2021-10,"KING AMERICA FINISHING, INC."
GA0003280,GA,textile,2021-10-31,Cr,7.160103015000001,,,,,,0.01,,,,,,1.2,2021-10,"KING AMERICA FINISHING, INC."
GA0003280,GA,textile,2021-10-31,EC,7.160103015000001,,,,,,2994.0,76.0,110.0,,,,,2021-10,"KING AMERICA FINISHING, INC."
GA0003280,GA,textile,2021-10-31,TDS,7.160103015000001,,,,,,1880.0,,,,,,2500.0,2021-10,"KING AMERICA FINISHING, INC."
GA0003280,GA,textile,2021-10-31,TSS,7.160103015000001,,,,,,0.0,,,,,3.0,30.0,2021-10,"KING AMERICA FINISHING, INC."
GA0003280,GA,textile,2021-11-30,BOD,6.16264748,,,,,,3.0,,,,,,30.0,2021-11,"KING AMERICA FINISHING, INC."
GA0003280,GA,textile,2021-11-30,Color,6.16264748,,,,,,32.0,61.0,58.0,,,,,2021-11,"KING AMERICA FINISHING, INC."
GA0003280,GA,textile,2021-11-30,Cr,6.16264748,,,,,,0.01,,,,,,1.2,2021-11,"KING AMERICA FINISHING, INC."
GA0003280,GA,textile,2021-11-30,EC,6.16264748,,,,,,3258.0,93.0,163.0,,,,,2021-11,"KING AMERICA FINISHING, INC."
GA0003280,GA,textile,2021-11-30,TDS,6.16264748,,,,,,1844.0,,,,,,2500.0,2021-11,"KING AMERICA FINISHING, INC."
GA0003280,GA,textile,2021-11-30,TSS,6.16264748,,,,,,0.0,,,,,3.0,30.0,2021-11,"KING AMERICA FINISHING, INC."
GA0003280,GA,textile,2021-12-31,BOD,7.02572096,,,,,,5.0,,,,,,30.0,2021-12,"KING AMERICA FINISHING, INC."
GA0003280,GA,textile,2021-12-31,Color,7.02572096,,,,,,35.0,59.0,57.0,,,,,2021-12,"KING AMERICA FINISHING, INC."
GA0003280,GA,textile,2021-12-31,Cr,7.02572096,,,,,,0.01,,,,,,1.2,2021-12,"KING AMERICA FINISHING, INC."
GA0003280,GA,textile,2021-12-31,EC,7.02572096,,,,,,3098.0,88.0,150.0,,,,,2021-12,"KING AMERICA FINISHING, INC."
GA0003280,GA,textile,2021-12-31,TDS,7.02572096,,,,,,1937.0,,,,,,2500.0,2021-12,"KING AMERICA FINISHING, INC."
GA0003280,GA,textile,2021-12-31,TSS,7.02572096,,,,,,0.0,,,,,6.0,30.0,2021-12,"KING AMERICA FINISHING, INC."
GA0003280,GA,textile,2022-01-31,BOD,7.550000245,,,,,,3.0,,,,,,30.0,2022-01,"KING AMERICA FINISHING, INC."
GA0003280,GA,textile,2022-01-31,Color,7.550000245,,,,,,34.0,91.0,92.0,,,,,2022-01,"KING AMERICA FINISHING, INC."
GA0003280,GA,textile,2022-01-31,Cr,7.550000245,,,,,,0.01,,,,,,1.2,2022-01,"KING AMERICA FINISHING, INC."
GA0003280,GA,textile,2022-01-31,EC,7.550000245,,,,,,3226.0,64.0,65.0,,,,,2022-01,"KING AMERICA FINISHING, INC."
GA0003280,GA,textile,2022-01-31,TDS,7.550000245,,,,,,1784.0,,,,,,2500.0,2022-01,"KING AMERICA FINISHING, INC."
GA0003280,GA,textile,2022-01-31,TSS,7.550000245,,,,,,0.0,,,,,5.0,30.0,2022-01,"KING AMERICA FINISHING, INC."
GA0003280,GA,textile,2022-02-28,BOD,6.959476285,,,,,,3.0,,,,,,30.0,2022-02,"KING AMERICA FINISHING, INC."
GA0003280,GA,textile,2022-02-28,Color,6.959476285,,,,,,32.0,68.0,63.0,,,,,2022-02,"KING AMERICA FINISHING, INC."
GA0003280,GA,textile,2022-02-28,Cr,6.959476285,,,,,,0.02,,,,,,1.2,2022-02,"KING AMERICA FINISHING, INC."
GA0003280,GA,textile,2022-02-28,EC,6.959476285,,,,,,3167.0,72.0,86.0,,,,,2022-02,"KING AMERICA FINISHING, INC."
GA0003280,GA,textile,2022-02-28,TDS,6.959476285,,,,,,2008.0,,,,,,2500.0,2022-02,"KING AMERICA FINISHING, INC."
GA0003280,GA,textile,2022-02-28,TSS,6.959476285,,,,,,0.0,,,,,3.0,30.0,2022-02,"KING AMERICA FINISHING, INC."
GA0003280,GA,textile,2022-03-31,BOD,6.71910275,,,,,,4.0,,,,,,30.0,2022-03,"KING AMERICA FINISHING, INC."
GA0003280,GA,textile,2022-03-31,Color,6.71910275,,,,,,38.0,69.0,70.0,,,,,2022-03,"KING AMERICA FINISHING, INC."
GA0003280,GA,textile,2022-03-31,Cr,6.71910275,,,,,,0.01,,,,,,1.2,2022-03,"KING AMERICA FINISHING, INC."
GA0003280,GA,textile,2022-03-31,EC,6.71910275,,,,,,3123.0,84.0,108.0,,,,,2022-03,"KING AMERICA FINISHING, INC."
GA0003280,GA,textile,2022-03-31,TDS,6.71910275,,,,,,2093.0,,,,,,2500.0,2022-03,"KING AMERICA FINISHING, INC."
GA0003280,GA,textile,2022-03-31,TSS,6.71910275,,,,,,0.0,,,,,3.0,30.0,2022-03,"KING AMERICA FINISHING, INC."
GA0003280,GA,textile,2022-04-30,BOD,6.516583315,,,,,,5.0,,,,,,30.0,2022-04,"KING AMERICA FINISHING, INC."
GA0003280,GA,textile,2022-04-30,Color,6.516583315,,,,,,30.0,,,,,,,2022-04,"KING AMERICA FINISHING, INC."
GA0003280,GA,textile,2022-04-30,Cr,6.516583315,,,,,,0.01,,,,,,,2022-04,"KING AMERICA FINISHING, INC."
GA0003280,GA,textile,2022-04-30,EC,6.516583315,,,,,,3130.0,74.0,91.0,,,,,2022-04,"KING AMERICA FINISHING, INC."
GA0003280,GA,textile,2022-04-30,TDS,6.516583315,,,,,,1995.0,,,,,,2500.0,2022-04,"KING AMERICA FINISHING, INC."
GA0003280,GA,textile,2022-04-30,TSS,6.516583315,,,,,,0.0,,,,,4.0,,2022-04,"KING AMERICA FINISHING, INC."
GA0003280,GA,textile,2022-05-31,BOD,6.936763825000001,,,,,,2.0,,,,,,30.0,2022-05,"KING AMERICA FINISHING, INC."
GA0003280,GA,textile,2022-05-31,Color,6.936763825000001,,,,,,38.0,,,,,,,2022-05,"KING AMERICA FINISHING, INC."
GA0003280,GA,textile,2022-05-31,Cr,6.936763825000001,,,,,,0.01,,,,,,,2022-05,"KING AMERICA FINISHING, INC."
GA0003280,GA,textile,2022-05-31,EC,6.936763825000001,,,,,,3331.0,114.0,171.0,,,,,2022-05,"KING AMERICA FINISHING, INC."
GA0003280,GA,textile,2022-05-31,TDS,6.936763825000001,,,,,,2222.0,,,,,,2500.0,2022-05,"KING AMERICA FINISHING, INC."
GA0003280,GA,textile,2022-05-31,TSS,6.936763825000001,,,,,,0.0,,,,,3.0,,2022-05,"KING AMERICA FINISHING, INC."
GA0003280,GA,textile,2022-06-30,BOD,7.230133100000001,,,,,,2.0,,,,,,30.0,2022-06,"KING AMERICA FINISHING, INC."
GA0003280,GA,textile,2022-06-30,Color,7.230133100000001,,,,,,33.0,,,,,,,2022-06,"KING AMERICA FINISHING, INC."
GA0003280,GA,textile,2022-06-30,Cr,7.230133100000001,,,,,,0.01,,,,,,,2022-06,"KING AMERICA FINISHING, INC."
GA0003280,GA,textile,2022-06-30,EC,7.230133100000001,,,,,,3212.0,106.0,212.0,,,,,2022-06,"KING AMERICA FINISHING, INC."
GA0003280,GA,textile,2022-06-30,TDS,7.230133100000001,,,,,,2110.0,,,,,,2500.0,2022-06,"KING AMERICA FINISHING, INC."
GA0003280,GA,textile,2022-06-30,TSS,7.230133100000001,,,,,,0.0,,,,,3.0,,2022-06,"KING AMERICA FINISHING, INC."
GA0003280,GA,textile,2022-07-31,BOD,5.9393082900000005,,,,,,2.0,,,,,,30.0,2022-07,"KING AMERICA FINISHING, INC."
GA0003280,GA,textile,2022-07-31,Color,5.9393082900000005,,,,,,32.0,,,,,,,2022-07,"KING AMERICA FINISHING, INC."
GA0003280,GA,textile,2022-07-31,Cr,5.9393082900000005,,,,,,0.01,,,,,,,2022-07,"KING AMERICA FINISHING, INC."
GA0003280,GA,textile,2022-07-31,EC,5.9393082900000005,,,,,,2845.0,95.0,158.0,,,,,2022-07,"KING AMERICA FINISHING, INC."
GA0003280,GA,textile,2022-07-31,TDS,5.9393082900000005,,,,,,1898.0,,,,,,2500.0,2022-07,"KING AMERICA FINISHING, INC."
GA0003280,GA,textile,2022-07-31,TSS,5.9393082900000005,,,,,,0.0,,,,,3.0,,2022-07,"KING AMERICA FINISHING, INC."
GA0003280,GA,textile,2022-08-31,BOD,6.33299093,,,,,,2.0,,,,,,30.0,2022-08,"KING AMERICA FINISHING, INC."
GA0003280,GA,textile,2022-08-31,Color,6.33299093,,,,,,29.0,,,,,,,2022-08,"KING AMERICA FINISHING, INC."
GA0003280,GA,textile,2022-08-31,Cr,6.33299093,,,,,,0.01,,,,,,,2022-08,"KING AMERICA FINISHING, INC."
GA0003280,GA,textile,2022-08-31,EC,6.33299093,,,,,,3023.0,89.0,222.0,,,,,2022-08,"KING AMERICA FINISHING, INC."
GA0003280,GA,textile,2022-08-31,TDS,6.33299093,,,,,,1994.0,,,,,,2500.0,2022-08,"KING AMERICA FINISHING, INC."
GA0003280,GA,textile,2022-08-31,TSS,6.33299093,,,,,,0.0,,,,,3.0,,2022-08,"KING AMERICA FINISHING, INC."
GA0003280,GA,textile,2022-09-30,BOD,5.992304030000001,,,,,,2.0,,,,,,30.0,2022-09,"KING AMERICA FINISHING, INC."
GA0003280,GA,textile,2022-09-30,Color,5.992304030000001,,,,,,27.0,,,,,,,2022-09,"KING AMERICA FINISHING, INC."
GA0003280,GA,textile,2022-09-30,Cr,5.992304030000001,,,,,,0.01,,,,,,,2022-09,"KING AMERICA FINISHING, INC."
GA0003280,GA,textile,2022-09-30,EC,5.992304030000001,,,,,,2282.0,104.0,212.0,,,,,2022-09,"KING AMERICA FINISHING, INC."
GA0003280,GA,textile,2022-09-30,TDS,5.992304030000001,,,,,,1481.0,,,,,,2500.0,2022-09,"KING AMERICA FINISHING, INC."
GA0003280,GA,textile,2022-09-30,TSS,5.992304030000001,,,,,,0.0,,,,,4.0,,2022-09,"KING AMERICA FINISHING, INC."
GA0003280,GA,textile,2022-10-31,BOD,4.673088645,,,,,,2.0,,,,,,30.0,2022-10,"KING AMERICA FINISHING, INC."
GA0003280,GA,textile,2022-10-31,Color,4.673088645,,,,,,28.0,,,,,,,2022-10,"KING AMERICA FINISHING, INC."
GA0003280,GA,textile,2022-10-31,Cr,4.673088645,,,,,,0.01,,,,,,,2022-10,"KING AMERICA FINISHING, INC."
GA0003280,GA,textile,2022-10-31,EC,4.673088645,,,,,,2430.0,108.0,196.0,,,,,2022-10,"KING AMERICA FINISHING, INC."
GA0003280,GA,textile,2022-10-31,TDS,4.673088645,,,,,,1475.0,,,,,,2500.0,2022-10,"KING AMERICA FINISHING, INC."
GA0003280,GA,textile,2022-10-31,TSS,4.673088645,,,,,,0.0,,,,,3.0,,2022-10,"KING AMERICA FINISHING, INC."
GA0003280,GA,textile,2022-11-30,BOD,4.949423575000001,,,,,,2.0,,,,,,30.0,2022-11,"KING AMERICA FINISHING, INC."
GA0003280,GA,textile,2022-11-30,Color,4.949423575000001,,,,,,25.0,,,,,,,2022-11,"KING AMERICA FINISHING, INC."
GA0003280,GA,textile,2022-11-30,Cr,4.949423575000001,,,,,,0.01,,,,,,,2022-11,"KING AMERICA FINISHING, INC."
GA0003280,GA,textile,2022-11-30,EC,4.949423575000001,,,,,,2167.0,135.0,178.0,,,,,2022-11,"KING AMERICA FINISHING, INC."
GA0003280,GA,textile,2022-11-30,TDS,4.949423575000001,,,,,,1203.0,,,,,,2500.0,2022-11,"KING AMERICA FINISHING, INC."
GA0003280,GA,textile,2022-11-30,TSS,4.949423575000001,,,,,,0.0,,,,,4.5,,2022-11,"KING AMERICA FINISHING, INC."
GA0003280,GA,textile,2022-12-31,BOD,5.161406535,,,,,,2.0,,,,,,30.0,2022-12,"KING AMERICA FINISHING, INC."
GA0003280,GA,textile,2022-12-31,Color,5.161406535,,,,,,25.0,,,,,,,2022-12,"KING AMERICA FINISHING, INC."
GA0003280,GA,textile,2022-12-31,Cr,5.161406535,,,,,,0.01,,,,,,,2022-12,"KING AMERICA FINISHING, INC."
GA0003280,GA,textile,2022-12-31,EC,5.161406535,,,,,,1663.0,107.0,116.0,,,,,2022-12,"KING AMERICA FINISHING, INC."
GA0003280,GA,textile,2022-12-31,TDS,5.161406535,,,,,,929.0,,,,,,2500.0,2022-12,"KING AMERICA FINISHING, INC."
GA0003280,GA,textile,2022-12-31,TSS,5.161406535,,,,,,0.0,,,,,4.0,,2022-12,"KING AMERICA FINISHING, INC."
GA0003280,GA,textile,2023-01-31,BOD,3.6283154850000003,,,,,,2.0,,,,,,30.0,2023-01,"KING AMERICA FINISHING, INC."
GA0003280,GA,textile,2023-01-31,Color,3.6283154850000003,,,,,,25.0,,,,,,,2023-01,"KING AMERICA FINISHING, INC."
GA0003280,GA,textile,2023-01-31,Cr,3.6283154850000003,,,,,,0.01,,,,,,,2023-01,"KING AMERICA FINISHING, INC."
GA0003280,GA,textile,2023-01-31,EC,3.6283154850000003,,,,,,1740.0,91.0,105.0,,,,,2023-01,"KING AMERICA FINISHING, INC."
GA0003280,GA,textile,2023-01-31,TDS,3.6283154850000003,,,,,,912.0,,,,,,2500.0,2023-01,"KING AMERICA FINISHING, INC."
GA0003280,GA,textile,2023-01-31,TSS,3.6283154850000003,,,,,,0.0,,,,,3.0,,2023-01,"KING AMERICA FINISHING, INC."
GA0003280,GA,textile,2023-02-28,BOD,3.21381309,,,,,,2.0,,,,,,30.0,2023-02,"KING AMERICA FINISHING, INC."
GA0003280,GA,textile,2023-02-28,Color,3.21381309,,,,,,25.0,,,,,,,2023-02,"KING AMERICA FINISHING, INC."
GA0003280,GA,textile,2023-02-28,Cr,3.21381309,,,,,,0.01,,,,,,,2023-02,"KING AMERICA FINISHING, INC."
GA0003280,GA,textile,2023-02-28,EC,3.21381309,,,,,,1988.0,84.0,88.0,,,,,2023-02,"KING AMERICA FINISHING, INC."
GA0003280,GA,textile,2023-02-28,TDS,3.21381309,,,,,,1171.0,,,,,,2500.0,2023-02,"KING AMERICA FINISHING, INC."
GA0003280,GA,textile,2023-02-28,TSS,3.21381309,,,,,,0.0,,,,,3.0,,2023-02,"KING AMERICA FINISHING, INC."
GA0003280,GA,textile,2023-03-31,BOD,2.189859685,,,,,,2.0,,,,,,30.0,2023-03,"KING AMERICA FINISHING, INC."
GA0003280,GA,textile,2023-03-31,Color,2.189859685,,,,,,25.0,,,,,,,2023-03,"KING AMERICA FINISHING, INC."
GA0003280,GA,textile,2023-03-31,Cr,2.189859685,,,,,,0.01,,,,,,,2023-03,"KING AMERICA FINISHING, INC."
GA0003280,GA,textile,2023-03-31,EC,2.189859685,,,,,,2007.0,146.0,171.0,,,,,2023-03,"KING AMERICA FINISHING, INC."
GA0003280,GA,textile,2023-03-31,TDS,2.189859685,,,,,,1178.0,,,,,,2500.0,2023-03,"KING AMERICA FINISHING, INC."
GA0003280,GA,textile,2023-03-31,TSS,2.189859685,,,,,,0.0,,,,,6.0,,2023-03,"KING AMERICA FINISHING, INC."
GA0003280,GA,textile,2023-04-30,BOD,2.1274004200000003,,,,,,3.0,,,,,,30.0,2023-04,"KING AMERICA FINISHING, INC."
GA0003280,GA,textile,2023-04-30,Color,2.1274004200000003,,,,,,25.0,,,,,,,2023-04,"KING AMERICA FINISHING, INC."
GA0003280,GA,textile,2023-04-30,Cr,2.1274004200000003,,,,,,0.01,,,,,,,2023-04,"KING AMERICA FINISHING, INC."
GA0003280,GA,textile,2023-04-30,EC,2.1274004200000003,,,,,,2039.0,125.0,154.0,,,,,2023-04,"KING AMERICA FINISHING, INC."
GA0003280,GA,textile,2023-04-30,TDS,2.1274004200000003,,,,,,1200.0,,,,,,2500.0,2023-04,"KING AMERICA FINISHING, INC."
GA0003280,GA,textile,2023-04-30,TSS,2.1274004200000003,,,,,,17.0,,,,,,,2023-04,"KING AMERICA FINISHING, INC."
GA0003280,GA,textile,2023-07-31,BOD,1.94948615,,,,,,3.0,,,,,,30.0,2023-07,"KING AMERICA FINISHING, INC."
GA0003280,GA,textile,2023-07-31,Color,1.94948615,,,,,,25.0,,,,,,,2023-07,"KING AMERICA FINISHING, INC."
GA0003280,GA,textile,2023-07-31,Cr,1.94948615,,,,,,0.01,,,,,,,2023-07,"KING AMERICA FINISHING, INC."
GA0003280,GA,textile,2023-07-31,EC,1.94948615,,,,,,1386.0,106.0,112.0,,,,,2023-07,"KING AMERICA FINISHING, INC."
GA0003280,GA,textile,2023-07-31,TDS,1.94948615,,,,,,868.0,,,,,,2500.0,2023-07,"KING AMERICA FINISHING, INC."
GA0003280,GA,textile,2023-07-31,TSS,1.94948615,,,,,,0.0,,,,,3.0,,2023-07,"KING AMERICA FINISHING, INC."
GA0003280,GA,textile,2023-10-31,BOD,0.71165708,,,,,,2.0,,,,,,30.0,2023-10,"KING AMERICA FINISHING, INC."
GA0003280,GA,textile,2023-10-31,Color,0.71165708,,,,,,25.0,,,,,,,2023-10,"KING AMERICA FINISHING, INC."
GA0003280,GA,textile,2023-10-31,Cr,0.71165708,,,,,,0.01,,,,,,,2023-10,"KING AMERICA FINISHING, INC."
GA0003280,GA,textile,2023-10-31,EC,0.71165708,,,,,,958.0,107.0,152.0,,,,,2023-10,"KING AMERICA FINISHING, INC."
GA0003280,GA,textile,2023-10-31,TDS,0.71165708,,,,,,526.0,,,,,,2500.0,2023-10,"KING AMERICA FINISHING, INC."
GA0003280,GA,textile,2023-10-31,TSS,0.71165708,,,,,,0.0,,,,,2.5,,2023-10,"KING AMERICA FINISHING, INC."
GA0003280,GA,textile,2024-05-31,BOD,1.9570569700000002,,,,,,0.0,,,,,4.0,30.0,2024-05,"KING AMERICA FINISHING, INC."
GA0003280,GA,textile,2024-05-31,Color,1.9570569700000002,,,,,,0.0,,,,,28.0,,2024-05,"KING AMERICA FINISHING, INC."
GA0003280,GA,textile,2024-05-31,Cr,1.9570569700000002,,,,,,0.0,,,,,0.01,,2024-05,"KING AMERICA FINISHING, INC."
GA0003280,GA,textile,2024-05-31,EC,1.9570569700000002,,,,,,576.0,95.0,106.0,,,,,2024-05,"KING AMERICA FINISHING, INC."
GA0003280,GA,textile,2024-05-31,TDS,1.9570569700000002,,,,,,333.5,,,,,,2500.0,2024-05,"KING AMERICA FINISHING, INC."
GA0003280,GA,textile,2024-05-31,TSS,1.9570569700000002,,,,,,0.0,,,,,5.0,,2024-05,"KING AMERICA FINISHING, INC."
IA0077135,IA,meat,2021-07-31,Cu,,,,,,,0.0169,,,,,,0.01687,2021-07,AGRI STAR MEAT AND POULTRY LLC
IA0077135,IA,meat,2021-08-31,BOD,,,,,,940.6774,,,,,,,,2021-08,AGRI STAR MEAT AND POULTRY LLC
IA0077135,IA,meat,2021-08-31,Cu,,,,,,,0.015664,,,,,,0.01687,2021-08,AGRI STAR MEAT AND POULTRY LLC
IA0077135,IA,meat,2021-08-31,TSS,,,,,,588.3225,,,,,,,,2021-08,AGRI STAR MEAT AND POULTRY LLC
IA0077135,IA,meat,2021-09-30,BOD,,,,,,563.8666,,,,,,,,2021-09,AGRI STAR MEAT AND POULTRY LLC
IA0077135,IA,meat,2021-09-30,Cu,,,,,,,0.013453,,,,,,0.01687,2021-09,AGRI STAR MEAT AND POULTRY LLC
IA0077135,IA,meat,2021-09-30,TSS,,,,,,346.8,,,,,,,,2021-09,AGRI STAR MEAT AND POULTRY LLC
IA0077135,IA,meat,2021-10-31,BOD,,,,,,719.6451,,,,,,,,2021-10,AGRI STAR MEAT AND POULTRY LLC
IA0077135,IA,meat,2021-10-31,Cu,,,,,,,0.012159,,,,,,0.01687,2021-10,AGRI STAR MEAT AND POULTRY LLC
IA0077135,IA,meat,2021-10-31,TSS,,,,,,474.1935,,,,,,,,2021-10,AGRI STAR MEAT AND POULTRY LLC
IA0077135,IA,meat,2021-11-30,BOD,,,,,,684.2666,,,,,,,,2021-11,AGRI STAR MEAT AND POULTRY LLC
IA0077135,IA,meat,2021-11-30,Cu,,,,,,,0.010364,,,,,,0.01687,2021-11,AGRI STAR MEAT AND POULTRY LLC
IA0077135,IA,meat,2021-11-30,TSS,,,,,,391.4,,,,,,,,2021-11,AGRI STAR MEAT AND POULTRY LLC
IA0077135,IA,meat,2021-12-31,BOD,,,,,,694.387,,,,,,,,2021-12,AGRI STAR MEAT AND POULTRY LLC
IA0077135,IA,meat,2021-12-31,Cu,,,,,,,0.010076,,,,,,0.01687,2021-12,AGRI STAR MEAT AND POULTRY LLC
IA0077135,IA,meat,2021-12-31,TSS,,,,,,393.4193,,,,,,,,2021-12,AGRI STAR MEAT AND POULTRY LLC
IA0077135,IA,meat,2022-01-31,BOD,,,,,,593.3225,,,,,,,,2022-01,AGRI STAR MEAT AND POULTRY LLC
IA0077135,IA,meat,2022-01-31,Cu,,,,,,,0.013373,,,,,,0.01687,2022-01,AGRI STAR MEAT AND POULTRY LLC
IA0077135,IA,meat,2022-01-31,TSS,,,,,,314.3225,,,,,,,,2022-01,AGRI STAR MEAT AND POULTRY LLC
IA0077135,IA,meat,2022-02-28,BOD,,,,,,797.1785,,,,,,,,2022-02,AGRI STAR MEAT AND POULTRY LLC
IA0077135,IA,meat,2022-02-28,Cu,,,,,,,0.016933,,,,,,0.01687,2022-02,AGRI STAR MEAT AND POULTRY LLC
IA0077135,IA,meat,2022-02-28,TSS,,,,,,486.3928,,,,,,,,2022-02,AGRI STAR MEAT AND POULTRY LLC
IA0077135,IA,meat,2022-03-31,BOD,,,,,,682.7419,,,,,,,,2022-03,AGRI STAR MEAT AND POULTRY LLC
IA0077135,IA,meat,2022-03-31,Cu,,,,,,,0.011752,,,,,,0.01687,2022-03,AGRI STAR MEAT AND POULTRY LLC
IA0077135,IA,meat,2022-03-31,TSS,,,,,,442.7419,,,,,,,,2022-03,AGRI STAR MEAT AND POULTRY LLC
IA0077135,IA,meat,2022-04-30,BOD,,,,,,554.5,,,,,,,,2022-04,AGRI STAR MEAT AND POULTRY LLC
IA0077135,IA,meat,2022-04-30,Cu,,,,,,,0.010133,,,,,,0.01687,2022-04,AGRI STAR MEAT AND POULTRY LLC
IA0077135,IA,meat,2022-04-30,TSS,,,,,,313.8,,,,,,,,2022-04,AGRI STAR MEAT AND POULTRY LLC
IA0077135,IA,meat,2022-05-31,BOD,,,,,,451.2258,,,,,,,,2022-05,AGRI STAR MEAT AND POULTRY LLC
IA0077135,IA,meat,2022-05-31,Cu,,,,,,,0.010907,,,,,,0.01687,2022-05,AGRI STAR MEAT AND POULTRY LLC
IA0077135,IA,meat,2022-05-31,TSS,,,,,,250.2903,,,,,,,,2022-05,AGRI STAR MEAT AND POULTRY LLC
IA0077135,IA,meat,2022-06-30,BOD,,,,,,647.3666,,,,,,,,2022-06,AGRI STAR MEAT AND POULTRY LLC
IA0077135,IA,meat,2022-06-30,Cu,,,,,,,0.010739,,,,,,0.01687,2022-06,AGRI STAR MEAT AND POULTRY LLC
IA0077135,IA,meat,2022-06-30,TSS,,,,,,406.6333,,,,,,,,2022-06,AGRI STAR MEAT AND POULTRY LLC
IA0077135,IA,meat,2022-07-31,BOD,,,,,,624.0967,,,,,,,,2022-07,AGRI STAR MEAT AND POULTRY LLC
IA0077135,IA,meat,2022-07-31,Cu,,,,,,,0.014175,,,,,,0.01687,2022-07,AGRI STAR MEAT AND POULTRY LLC
IA0077135,IA,meat,2022-07-31,TSS,,,,,,397.9677,,,,,,,,2022-07,AGRI STAR MEAT AND POULTRY LLC
IA0077135,IA,meat,2022-08-31,BOD,,,,,,639.6551,,,,,,,,2022-08,AGRI STAR MEAT AND POULTRY LLC
IA0077135,IA,meat,2022-08-31,Cu,,,,,,,0.017213,,,,,,0.01687,2022-08,AGRI STAR MEAT AND POULTRY LLC
IA0077135,IA,meat,2022-08-31,TSS,,,,,,398.387,,,,,,,,2022-08,AGRI STAR MEAT AND POULTRY LLC
IA0077135,IA,meat,2022-09-30,BOD,,,,,,597.2666,,,,,,,,2022-09,AGRI STAR MEAT AND POULTRY LLC
IA0077135,IA,meat,2022-09-30,Cu,,,,,,,0.016783,,,,,,0.01687,2022-09,AGRI STAR MEAT AND POULTRY LLC
IA0077135,IA,meat,2022-09-30,TSS,,,,,,432.3666,,,,,,,,2022-09,AGRI STAR MEAT AND POULTRY LLC
IA0077135,IA,meat,2022-10-31,BOD,,,,,,502.3548,,,,,,,,2022-10,AGRI STAR MEAT AND POULTRY LLC
IA0077135,IA,meat,2022-10-31,Cu,,,,,,,0.01115,,,,,,0.01687,2022-10,AGRI STAR MEAT AND POULTRY LLC
IA0077135,IA,meat,2022-10-31,TSS,,,,,,350.4838,,,,,,,,2022-10,AGRI STAR MEAT AND POULTRY LLC
IA0077135,IA,meat,2022-11-30,BOD,,,,,,671.931,,,,,,,,2022-11,AGRI STAR MEAT AND POULTRY LLC
IA0077135,IA,meat,2022-11-30,Cu,,,,,,,0.010425,,,,,,0.01687,2022-11,AGRI STAR MEAT AND POULTRY LLC
IA0077135,IA,meat,2022-11-30,TSS,,,,,,367.0,,,,,,,,2022-11,AGRI STAR MEAT AND POULTRY LLC
IA0077135,IA,meat,2022-12-31,BOD,,,,,,593.5161,,,,,,,,2022-12,AGRI STAR MEAT AND POULTRY LLC
IA0077135,IA,meat,2022-12-31,Cu,,,,,,,0.014875,,,,,,0.01687,2022-12,AGRI STAR MEAT AND POULTRY LLC
IA0077135,IA,meat,2022-12-31,TSS,,,,,,328.2258,,,,,,,,2022-12,AGRI STAR MEAT AND POULTRY LLC
IA0077135,IA,meat,2023-01-31,BOD,,,,,,738.6451,,,,,,,,2023-01,AGRI STAR MEAT AND POULTRY LLC
IA0077135,IA,meat,2023-01-31,Cu,,,,,,,0.016849,,,,,,0.01687,2023-01,AGRI STAR MEAT AND POULTRY LLC
IA0077135,IA,meat,2023-01-31,TSS,,,,,,371.3548,,,,,,,,2023-01,AGRI STAR MEAT AND POULTRY LLC
IA0077135,IA,meat,2023-02-28,BOD,,,,,,683.0714,,,,,,,,2023-02,AGRI STAR MEAT AND POULTRY LLC
IA0077135,IA,meat,2023-02-28,Cu,,,,,,,0.009749,,,,,,0.01687,2023-02,AGRI STAR MEAT AND POULTRY LLC
IA0077135,IA,meat,2023-02-28,TSS,,,,,,397.0,,,,,,,,2023-02,AGRI STAR MEAT AND POULTRY LLC
IA0077135,IA,meat,2023-03-31,BOD,,,,,,671.9677,,,,,,,,2023-03,AGRI STAR MEAT AND POULTRY LLC
IA0077135,IA,meat,2023-03-31,Cu,,,,,,,0.010382,,,,,,0.01687,2023-03,AGRI STAR MEAT AND POULTRY LLC
IA0077135,IA,meat,2023-03-31,TSS,,,,,,383.6451,,,,,,,,2023-03,AGRI STAR MEAT AND POULTRY LLC
IA0077135,IA,meat,2023-04-30,BOD,,,,,,419.0666,,,,,,,,2023-04,AGRI STAR MEAT AND POULTRY LLC
IA0077135,IA,meat,2023-04-30,Cu,,,,,,,0.008306,,,,,,0.01687,2023-04,AGRI STAR MEAT AND POULTRY LLC
IA0077135,IA,meat,2023-04-30,TSS,,,,,,270.4,,,,,,,,2023-04,AGRI STAR MEAT AND POULTRY LLC
IA0077135,IA,meat,2023-05-31,BOD,,,,,,583.0,,,,,,,,2023-05,AGRI STAR MEAT AND POULTRY LLC
IA0077135,IA,meat,2023-05-31,Cu,,,,,,,0.00726,,,,,,0.01687,2023-05,AGRI STAR MEAT AND POULTRY LLC
IA0077135,IA,meat,2023-05-31,TSS,,,,,,309.3225,,,,,,,,2023-05,AGRI STAR MEAT AND POULTRY LLC
IA0077135,IA,meat,2023-06-30,BOD,,,,,,679.3928,,,,,,,,2023-06,AGRI STAR MEAT AND POULTRY LLC
IA0077135,IA,meat,2023-06-30,Cu,,,,,,,0.009793,,,,,,0.01687,2023-06,AGRI STAR MEAT AND POULTRY LLC
IA0077135,IA,meat,2023-06-30,TSS,,,,,,353.8666,,,,,,,,2023-06,AGRI STAR MEAT AND POULTRY LLC
IA0077135,IA,meat,2023-07-31,BOD,,,,,,564.7419,,,,,,,,2023-07,AGRI STAR MEAT AND POULTRY LLC
IA0077135,IA,meat,2023-07-31,Cu,,,,,,,0.018153,,,,,,0.01687,2023-07,AGRI STAR MEAT AND POULTRY LLC
IA0077135,IA,meat,2023-07-31,TSS,,,,,,372.4838,,,,,,,,2023-07,AGRI STAR MEAT AND POULTRY LLC
IA0077135,IA,meat,2023-08-31,BOD,,,,,,722.0322,,,,,,,,2023-08,AGRI STAR MEAT AND POULTRY LLC
IA0077135,IA,meat,2023-08-31,Cu,,,,,,,0.022814,,,,,,0.01687,2023-08,AGRI STAR MEAT AND POULTRY LLC
IA0077135,IA,meat,2023-08-31,TSS,,,,,,405.6129,,,,,,,,2023-08,AGRI STAR MEAT AND POULTRY LLC
IA0077135,IA,meat,2023-09-30,BOD,,,,,,802.6333,,,,,,,,2023-09,AGRI STAR MEAT AND POULTRY LLC
IA0077135,IA,meat,2023-09-30,Cu,,,,,,,0.016225,,,,,,0.01687,2023-09,AGRI STAR MEAT AND POULTRY LLC
IA0077135,IA,meat,2023-09-30,TSS,,,,,,422.4666,,,,,,,,2023-09,AGRI STAR MEAT AND POULTRY LLC
IA0077135,IA,meat,2023-10-31,BOD,,,,,,828.8387,,,,,,,,2023-10,AGRI STAR MEAT AND POULTRY LLC
IA0077135,IA,meat,2023-10-31,Cu,,,,,,,0.013464,,,,,,0.01687,2023-10,AGRI STAR MEAT AND POULTRY LLC
IA0077135,IA,meat,2023-10-31,TSS,,,,,,381.4516,,,,,,,,2023-10,AGRI STAR MEAT AND POULTRY LLC
IA0077135,IA,meat,2023-11-30,BOD,,,,,,1005.0,,,,,,,,2023-11,AGRI STAR MEAT AND POULTRY LLC
IA0077135,IA,meat,2023-11-30,Cu,,,,,,,0.013442,,,,,,0.01687,2023-11,AGRI STAR MEAT AND POULTRY LLC
IA0077135,IA,meat,2023-11-30,TSS,,,,,,540.6,,,,,,,,2023-11,AGRI STAR MEAT AND POULTRY LLC
IA0077135,IA,meat,2023-12-31,BOD,,,,,,706.9677,,,,,,,,2023-12,AGRI STAR MEAT AND POULTRY LLC
IA0077135,IA,meat,2023-12-31,Cu,,,,,,,0.010711,,,,,,0.01687,2023-12,AGRI STAR MEAT AND POULTRY LLC
IA0077135,IA,meat,2023-12-31,TSS,,,,,,344.3548,,,,,,,,2023-12,AGRI STAR MEAT AND POULTRY LLC
IA0077135,IA,meat,2024-01-31,BOD,,,,,,629.5483,,,,,,,,2024-01,AGRI STAR MEAT AND POULTRY LLC
IA0077135,IA,meat,2024-01-31,Cu,,,,,,,0.008673,,,,,,0.01687,2024-01,AGRI STAR MEAT AND POULTRY LLC
IA0077135,IA,meat,2024-01-31,TSS,,,,,,363.0645,,,,,,,,2024-01,AGRI STAR MEAT AND POULTRY LLC
IA0077135,IA,meat,2024-02-29,BOD,,,,,,698.8275,,,,,,,,2024-02,AGRI STAR MEAT AND POULTRY LLC
IA0077135,IA,meat,2024-02-29,Cu,,,,,,,0.009212,,,,,,0.01687,2024-02,AGRI STAR MEAT AND POULTRY LLC
IA0077135,IA,meat,2024-02-29,TSS,,,,,,467.3793,,,,,,,,2024-02,AGRI STAR MEAT AND POULTRY LLC
IA0077135,IA,meat,2024-03-31,BOD,,,,,,673.2903,,,,,,,,2024-03,AGRI STAR MEAT AND POULTRY LLC
IA0077135,IA,meat,2024-03-31,Cu,,,,,,,0.006984,,,,,,0.01687,2024-03,AGRI STAR MEAT AND POULTRY LLC
IA0077135,IA,meat,2024-03-31,TSS,,,,,,435.5806,,,,,,,,2024-03,AGRI STAR MEAT AND POULTRY LLC
IA0077135,IA,meat,2024-04-30,BOD,,,,,,729.5,,,,,,,,2024-04,AGRI STAR MEAT AND POULTRY LLC
IA0077135,IA,meat,2024-04-30,Cu,,,,,,,0.008163,,,,,,0.01687,2024-04,AGRI STAR MEAT AND POULTRY LLC
IA0077135,IA,meat,2024-04-30,TSS,,,,,,477.6,,,,,,,,2024-04,AGRI STAR MEAT AND POULTRY LLC
IA0077135,IA,meat,2024-05-31,BOD,,,,,,648.0645,,,,,,,,2024-05,AGRI STAR MEAT AND POULTRY LLC
IA0077135,IA,meat,2024-05-31,Cu,,,,,,,0.00639,,,,,,0.01687,2024-05,AGRI STAR MEAT AND POULTRY LLC
IA0077135,IA,meat,2024-05-31,TSS,,,,,,421.0322,,,,,,,,2024-05,AGRI STAR MEAT AND POULTRY LLC
IA0077135,IA,meat,2024-06-30,BOD,,,,,,403.0666,,,,,,,,2024-06,AGRI STAR MEAT AND POULTRY LLC
IA0077135,IA,meat,2024-06-30,Cu,,,,,,,0.006289,,,,,,0.01687,2024-06,AGRI STAR MEAT AND POULTRY LLC
IA0077135,IA,meat,2024-06-30,TSS,,,,,,334.7333,,,,,,,,2024-06,AGRI STAR MEAT AND POULTRY LLC
IA0077135,IA,meat,2024-07-31,BOD,,,,,,569.0322,,,,,,,,2024-07,AGRI STAR MEAT AND POULTRY LLC
IA0077135,IA,meat,2024-07-31,Cu,,,,,,,0.004464,,,,,,0.01687,2024-07,AGRI STAR MEAT AND POULTRY LLC
IA0077135,IA,meat,2024-07-31,TSS,,,,,,330.5806,,,,,,,,2024-07,AGRI STAR MEAT AND POULTRY LLC
IA0077135,IA,meat,2024-08-31,BOD,,,,,,746.5806,,,,,,,,2024-08,AGRI STAR MEAT AND POULTRY LLC
IA0077135,IA,meat,2024-08-31,Cu,,,,,,,0.009055,,,,,,0.01687,2024-08,AGRI STAR MEAT AND POULTRY LLC
IA0077135,IA,meat,2024-08-31,TSS,,,,,,401.258,,,,,,,,2024-08,AGRI STAR MEAT AND POULTRY LLC
IA0077135,IA,meat,2024-09-30,BOD,,,,,,617.6,,,,,,,,2024-09,AGRI STAR MEAT AND POULTRY LLC
IA0077135,IA,meat,2024-09-30,Cu,,,,,,,0.008314,,,,,,0.01687,2024-09,AGRI STAR MEAT AND POULTRY LLC
IA0077135,IA,meat,2024-09-30,TSS,,,,,,369.4666,,,,,,,,2024-09,AGRI STAR MEAT AND POULTRY LLC
IA0077135,IA,meat,2024-10-31,BOD,,,,,,676.6451,,,,,,,,2024-10,AGRI STAR MEAT AND POULTRY LLC
IA0077135,IA,meat,2024-10-31,Cu,,,,,,,0.009687,,,,,,0.01687,2024-10,AGRI STAR MEAT AND POULTRY LLC
IA0077135,IA,meat,2024-10-31,TSS,,,,,,387.9032,,,,,,,,2024-10,AGRI STAR MEAT AND POULTRY LLC
IA0077135,IA,meat,2024-11-30,BOD,,,,,,507.9666,,,,,,,,2024-11,AGRI STAR MEAT AND POULTRY LLC
IA0077135,IA,meat,2024-11-30,Cu,,,,,,,0.008734,,,,,,0.01687,2024-11,AGRI STAR MEAT AND POULTRY LLC
IA0077135,IA,meat,2024-11-30,TSS,,,,,,354.4333,,,,,,,,2024-11,AGRI STAR MEAT AND POULTRY LLC
IA0077135,IA,meat,2024-12-31,BOD,,,,,,598.5806,,,,,,,,2024-12,AGRI STAR MEAT AND POULTRY LLC
IA0077135,IA,meat,2024-12-31,Cu,,,,,,,0.01219,,,,,,0.01687,2024-12,AGRI STAR MEAT AND POULTRY LLC
IA0077135,IA,meat,2024-12-31,TSS,,,,,,352.5161,,,,,,,,2024-12,AGRI STAR MEAT AND POULTRY LLC
IL0023914,IL,meat,2019-01-31,BOD,7.4951118,,,,,,5.67,,,,,,20.0,2019-01,CARGILL MEAT SOLUTIONS CORPORATION
IL0023914,IL,meat,2019-01-31,TSS,7.4951118,,,,,,4.7,,,,,,25.0,2019-01,CARGILL MEAT SOLUTIONS CORPORATION
IL0023914,IL,meat,2019-02-28,BOD,7.192279000000001,,,,,,1.2,,,,,,20.0,2019-02,CARGILL MEAT SOLUTIONS CORPORATION
IL0023914,IL,meat,2019-02-28,TSS,7.192279000000001,,,,,,5.2,,,,,,25.0,2019-02,CARGILL MEAT SOLUTIONS CORPORATION
IL0023914,IL,meat,2019-03-31,TSS,6.94622735,,,,,,0.22,,,,,,25.0,2019-03,CARGILL MEAT SOLUTIONS CORPORATION
IL0023914,IL,meat,2019-06-30,BOD,2.9866884899999997,,,,,,4.99,,,,,,20.0,2019-06,CARGILL MEAT SOLUTIONS CORPORATION
IL0023914,IL,meat,2019-06-30,TSS,2.9866884899999997,,,,,,0.0,,,,,,25.0,2019-06,CARGILL MEAT SOLUTIONS CORPORATION
IL0023914,IL,meat,2019-07-31,BOD,2.9109802900000004,,,,,,2.89,,,,,,20.0,2019-07,CARGILL MEAT SOLUTIONS CORPORATION
IL0023914,IL,meat,2019-07-31,TSS,2.9109802900000004,,,,,,0.0,,,,,,25.0,2019-07,CARGILL MEAT SOLUTIONS CORPORATION
IL0023914,IL,meat,2019-08-31,BOD,6.7758839,,,,,,17.0,,,,,,20.0,2019-08,CARGILL MEAT SOLUTIONS CORPORATION
IL0023914,IL,meat,2019-08-31,TSS,6.7758839,,,,,,2.0,,,,,,25.0,2019-08,CARGILL MEAT SOLUTIONS CORPORATION
IL0023914,IL,meat,2019-09-30,BOD,5.28064695,,,,,,6.21,,,,,,20.0,2019-09,CARGILL MEAT SOLUTIONS CORPORATION
IL0023914,IL,meat,2019-09-30,TSS,5.28064695,,,,,,4.0,,,,,,25.0,2019-09,CARGILL MEAT SOLUTIONS CORPORATION
IL0023914,IL,meat,2019-10-31,BOD,5.980947800000001,,,,,,3.27,,,,,,20.0,2019-10,CARGILL MEAT SOLUTIONS CORPORATION
IL0023914,IL,meat,2019-10-31,TSS,5.980947800000001,,,,,,4.0,,,,,,25.0,2019-10,CARGILL MEAT SOLUTIONS CORPORATION
IL0023914,IL,meat,2019-11-30,BOD,6.60554045,,,,,,7.35,,,,,,20.0,2019-11,CARGILL MEAT SOLUTIONS CORPORATION
IL0023914,IL,meat,2019-11-30,TSS,6.60554045,,,,,,0.0,,,,,,25.0,2019-11,CARGILL MEAT SOLUTIONS CORPORATION
IL0023914,IL,meat,2019-12-31,BOD,6.71910275,,,,,,9.6,,,,,,20.0,2019-12,CARGILL MEAT SOLUTIONS CORPORATION
IL0023914,IL,meat,2019-12-31,TSS,6.71910275,,,,,,0.0,,,,,,25.0,2019-12,CARGILL MEAT SOLUTIONS CORPORATION
IL0023914,IL,meat,2020-01-31,BOD,7.192279,,,,,,9.62,,,,,,20.0,2020-01,CARGILL MEAT SOLUTIONS CORPORATION
IL0023914,IL,meat,2020-01-31,TSS,7.192279,,,,,,0.55,,,,,,25.0,2020-01,CARGILL MEAT SOLUTIONS CORPORATION
IL0023914,IL,meat,2020-02-29,BOD,7.74116345,,,,,,16.6,,,,,,20.0,2020-02,CARGILL MEAT SOLUTIONS CORPORATION
IL0023914,IL,meat,2020-02-29,TSS,7.74116345,,,,,,1.29,,,,,,25.0,2020-02,CARGILL MEAT SOLUTIONS CORPORATION
IL0023914,IL,meat,2020-03-31,TSS,3.35387326,,,,,,2.95,,,,,,25.0,2020-03,CARGILL MEAT SOLUTIONS CORPORATION
IL0023914,IL,meat,2020-04-30,BOD,3.34630244,,,,,,13.3,,,,,,20.0,2020-04,CARGILL MEAT SOLUTIONS CORPORATION
IL0023914,IL,meat,2020-04-30,TSS,3.34630244,,,,,,0.0,,,,,,25.0,2020-04,CARGILL MEAT SOLUTIONS CORPORATION
IL0023914,IL,meat,2020-05-31,BOD,3.3179118650000006,,,,,,5.7,,,,,,20.0,2020-05,CARGILL MEAT SOLUTIONS CORPORATION
IL0023914,IL,meat,2020-05-31,TSS,3.3179118650000006,,,,,,0.0,,,,,,25.0,2020-05,CARGILL MEAT SOLUTIONS CORPORATION
IL0023914,IL,meat,2020-06-30,BOD,3.23274014,,,,,,6.5,,,,,,20.0,2020-06,CARGILL MEAT SOLUTIONS CORPORATION
IL0023914,IL,meat,2020-06-30,TSS,3.23274014,,,,,,0.0,,,,,,25.0,2020-06,CARGILL MEAT SOLUTIONS CORPORATION
IL0023914,IL,meat,2020-10-31,BOD,3.06239669,,,,,,6.26,,,,,,20.0,2020-10,CARGILL MEAT SOLUTIONS CORPORATION
IL0023914,IL,meat,2020-10-31,TSS,3.06239669,,,,,,5.6,,,,,,25.0,2020-10,CARGILL MEAT SOLUTIONS CORPORATION
IL0023914,IL,meat,2020-11-30,BOD,5.7916773,,,,,,3.18,,,,,,20.0,2020-11,CARGILL MEAT SOLUTIONS CORPORATION
IL0023914,IL,meat,2020-11-30,TSS,5.7916773,,,,,,0.92,,,,,,25.0,2020-11,CARGILL MEAT SOLUTIONS CORPORATION
IL0023914,IL,meat,2020-12-31,BOD,5.8673855,,,,,,5.3,,,,,,20.0,2020-12,CARGILL MEAT SOLUTIONS CORPORATION
IL0023914,IL,meat,2020-12-31,TSS,5.8673855,,,,,,3.26,,,,,,25.0,2020-12,CARGILL MEAT SOLUTIONS CORPORATION
IL0023914,IL,meat,2021-01-31,BOD,6.0188019,,,,,,6.45,,,,,,20.0,2021-01,CARGILL MEAT SOLUTIONS CORPORATION
IL0023914,IL,meat,2021-01-31,TSS,6.0188019,,,,,,0.26,,,,,,25.0,2021-01,CARGILL MEAT SOLUTIONS CORPORATION
IL0023914,IL,meat,2021-02-28,BOD,5.9430936999999995,,,,,,12.1,,,,,,20.0,2021-02,CARGILL MEAT SOLUTIONS CORPORATION
IL0023914,IL,meat,2021-02-28,TSS,5.9430936999999995,,,,,,0.0,,,,,,25.0,2021-02,CARGILL MEAT SOLUTIONS CORPORATION
IL0023914,IL,meat,2021-03-31,BOD,2.6838556900000006,,,,,,10.5,,,,,,20.0,2021-03,CARGILL MEAT SOLUTIONS CORPORATION
IL0023914,IL,meat,2021-03-31,TSS,2.6838556900000006,,,,,,0.0,,,,,,25.0,2021-03,CARGILL MEAT SOLUTIONS CORPORATION
IL0023914,IL,meat,2021-04-30,BOD,2.674392165,,,,,,6.71,,,,,,20.0,2021-04,CARGILL MEAT SOLUTIONS CORPORATION
IL0023914,IL,meat,2021-04-30,TSS,2.674392165,,,,,,0.76,,,,,,25.0,2021-04,CARGILL MEAT SOLUTIONS CORPORATION
IL0023914,IL,meat,2021-05-31,BOD,2.8731261900000002,,,,,,4.36,,,,,,20.0,2021-05,CARGILL MEAT SOLUTIONS CORPORATION
IL0023914,IL,meat,2021-05-31,TSS,2.8731261900000002,,,,,,0.25,,,,,,25.0,2021-05,CARGILL MEAT SOLUTIONS CORPORATION
IL0023914,IL,meat,2021-06-30,BOD,2.7501003649999998,,,,,,5.5,,,,,,20.0,2021-06,CARGILL MEAT SOLUTIONS CORPORATION
IL0023914,IL,meat,2021-06-30,TSS,2.7501003649999998,,,,,,0.0,,,,,,25.0,2021-06,CARGILL MEAT SOLUTIONS CORPORATION
IL0023914,IL,meat,2021-07-31,BOD,2.8731261900000002,,,,,,7.5,,,,,,20.0,2021-07,CARGILL MEAT SOLUTIONS CORPORATION
IL0023914,IL,meat,2021-07-31,TSS,2.8731261900000002,,,,,,1.24,,,,,,25.0,2021-07,CARGILL MEAT SOLUTIONS CORPORATION
IL0023914,IL,meat,2021-08-31,BOD,2.9677614400000003,,,,,,7.64,,,,,,20.0,2021-08,CARGILL MEAT SOLUTIONS CORPORATION
IL0023914,IL,meat,2021-08-31,TSS,2.9677614400000003,,,,,,0.48,,,,,,25.0,2021-08,CARGILL MEAT SOLUTIONS CORPORATION
IL0023914,IL,meat,2021-09-30,BOD,2.8731261900000002,,,,,,6.04,,,,,,20.0,2021-09,CARGILL MEAT SOLUTIONS CORPORATION
IL0023914,IL,meat,2021-09-30,TSS,2.8731261900000002,,,,,,1.2,,,,,,25.0,2021-09,CARGILL MEAT SOLUTIONS CORPORATION
IL0023914,IL,meat,2021-10-31,BOD,3.3557659650000002,,,,,,5.53,,,,,,20.0,2021-10,CARGILL MEAT SOLUTIONS CORPORATION
IL0023914,IL,meat,2021-10-31,TSS,3.3557659650000002,,,,,,1.05,,,,,,25.0,2021-10,CARGILL MEAT SOLUTIONS CORPORATION
IL0023914,IL,meat,2021-11-30,BOD,3.25166719,,,,,,5.5,,,,,,20.0,2021-11,CARGILL MEAT SOLUTIONS CORPORATION
IL0023914,IL,meat,2021-11-30,TSS,3.25166719,,,,,,0.5,,,,,,25.0,2021-11,CARGILL MEAT SOLUTIONS CORPORATION
IL0023914,IL,meat,2021-12-31,BOD,3.0907872650000003,,,,,,5.2,,,,,,20.0,2021-12,CARGILL MEAT SOLUTIONS CORPORATION
IL0023914,IL,meat,2021-12-31,TSS,3.0907872650000003,,,,,,2.0,,,,,,25.0,2021-12,CARGILL MEAT SOLUTIONS CORPORATION
IL0023914,IL,meat,2022-01-31,BOD,6.264853550000001,,,,,,7.2,,,,,,20.0,2022-01,CARGILL MEAT SOLUTIONS CORPORATION
IL0023914,IL,meat,2022-01-31,TSS,6.264853550000001,,,,,,3.7,,,,,,25.0,2022-01,CARGILL MEAT SOLUTIONS CORPORATION
IL0023914,IL,meat,2022-02-28,BOD,2.8731261900000002,,,,,,5.1,,,,,,20.0,2022-02,CARGILL MEAT SOLUTIONS CORPORATION
IL0023914,IL,meat,2022-02-28,TSS,2.8731261900000002,,,,,,0.1,,,,,,25.0,2022-02,CARGILL MEAT SOLUTIONS CORPORATION
IL0023914,IL,meat,2022-03-31,BOD,3.0907872650000003,,,,,,4.5,,,,,,20.0,2022-03,CARGILL MEAT SOLUTIONS CORPORATION
IL0023914,IL,meat,2022-03-31,TSS,3.0907872650000003,,,,,,0.57,,,,,,25.0,2022-03,CARGILL MEAT SOLUTIONS CORPORATION
IL0023914,IL,meat,2022-04-30,BOD,3.2705942400000003,,,,,,5.68,,,,,,20.0,2022-04,CARGILL MEAT SOLUTIONS CORPORATION
IL0023914,IL,meat,2022-04-30,TSS,3.2705942400000003,,,,,,0.28,,,,,,25.0,2022-04,CARGILL MEAT SOLUTIONS CORPORATION
IL0023914,IL,meat,2022-05-31,BOD,3.3841565399999998,,,,,,3.7,,,,,,20.0,2022-05,CARGILL MEAT SOLUTIONS CORPORATION
IL0023914,IL,meat,2022-05-31,TSS,3.3841565399999998,,,,,,1.38,,,,,,25.0,2022-05,CARGILL MEAT SOLUTIONS CORPORATION
IL0023914,IL,meat,2022-06-30,BOD,2.55136634,,,,,,1.93,,,,,,20.0,2022-06,CARGILL MEAT SOLUTIONS CORPORATION
IL0023914,IL,meat,2022-06-30,TSS,2.55136634,,,,,,0.87,,,,,,25.0,2022-06,CARGILL MEAT SOLUTIONS CORPORATION
IL0023914,IL,meat,2022-09-30,BOD,3.93304099,,,,,,1.45,,,,,,20.0,2022-09,CARGILL MEAT SOLUTIONS CORPORATION
IL0023914,IL,meat,2022-09-30,TSS,3.93304099,,,,,,2.2,,,,,,25.0,2022-09,CARGILL MEAT SOLUTIONS CORPORATION
IL0023914,IL,meat,2022-11-30,BOD,3.109714315,,,,,,4.45,,,,,,20.0,2022-11,CARGILL MEAT SOLUTIONS CORPORATION
IL0023914,IL,meat,2022-11-30,TSS,3.109714315,,,,,,8.37,,,,,,25.0,2022-11,CARGILL MEAT SOLUTIONS CORPORATION
IL0023914,IL,meat,2022-12-31,BOD,3.0056155400000004,,,,,,7.1,,,,,,20.0,2022-12,CARGILL MEAT SOLUTIONS CORPORATION
IL0023914,IL,meat,2022-12-31,TSS,3.0056155400000004,,,,,,3.0,,,,,,25.0,2022-12,CARGILL MEAT SOLUTIONS CORPORATION
IL0023914,IL,meat,2023-01-31,BOD,6.3973429,,,,,,5.26,,,,,,20.0,2023-01,CARGILL MEAT SOLUTIONS CORPORATION
IL0023914,IL,meat,2023-01-31,TSS,6.3973429,,,,,,2.3,,,,,,25.0,2023-01,CARGILL MEAT SOLUTIONS CORPORATION
IL0023914,IL,meat,2023-02-28,BOD,6.7948109500000005,,,,,,14.89,,,,,,20.0,2023-02,CARGILL MEAT SOLUTIONS CORPORATION
IL0023914,IL,meat,2023-02-28,TSS,6.7948109500000005,,,,,,5.53,,,,,,25.0,2023-02,CARGILL MEAT SOLUTIONS CORPORATION
IL0023914,IL,meat,2023-03-31,BOD,3.166495465,,,,,,4.84,,,,,,20.0,2023-03,CARGILL MEAT SOLUTIONS CORPORATION
IL0023914,IL,meat,2023-03-31,TSS,3.166495465,,,,,,1.2,,,,,,25.0,2023-03,CARGILL MEAT SOLUTIONS CORPORATION
IL0023914,IL,meat,2023-04-30,BOD,3.30844834,,,,,,6.97,,,,,,20.0,2023-04,CARGILL MEAT SOLUTIONS CORPORATION
IL0023914,IL,meat,2023-04-30,TSS,3.30844834,,,,,,3.05,,,,,,25.0,2023-04,CARGILL MEAT SOLUTIONS CORPORATION
IL0023914,IL,meat,2023-05-31,BOD,3.4787917900000003,,,,,,4.81,,,,,,20.0,2023-05,CARGILL MEAT SOLUTIONS CORPORATION
IL0023914,IL,meat,2023-05-31,TSS,3.4787917900000003,,,,,,2.8,,,,,,25.0,2023-05,CARGILL MEAT SOLUTIONS CORPORATION
IL0023914,IL,meat,2023-07-31,BOD,3.5355729399999998,,,,,,9.4,,,,,,20.0,2023-07,CARGILL MEAT SOLUTIONS CORPORATION
IL0023914,IL,meat,2023-07-31,TSS,3.5355729399999998,,,,,,2.44,,,,,,25.0,2023-07,CARGILL MEAT SOLUTIONS CORPORATION
IL0023914,IL,meat,2023-08-31,BOD,6.41626995,,,,,,7.46,,,,,,20.0,2023-08,CARGILL MEAT SOLUTIONS CORPORATION
IL0023914,IL,meat,2023-08-31,TSS,6.41626995,,,,,,2.4,,,,,,25.0,2023-08,CARGILL MEAT SOLUTIONS CORPORATION
IL0023914,IL,meat,2023-10-31,BOD,6.18914535,,,,,,9.8,,,,,,20.0,2023-10,CARGILL MEAT SOLUTIONS CORPORATION
IL0023914,IL,meat,2023-10-31,TSS,6.18914535,,,,,,1.6,,,,,,25.0,2023-10,CARGILL MEAT SOLUTIONS CORPORATION
IL0023914,IL,meat,2023-11-30,BOD,6.7001757,,,,,,7.2,,,,,,20.0,2023-11,CARGILL MEAT SOLUTIONS CORPORATION
IL0023914,IL,meat,2023-11-30,TSS,6.7001757,,,,,,4.3,,,,,,25.0,2023-11,CARGILL MEAT SOLUTIONS CORPORATION
IL0023914,IL,meat,2023-12-31,BOD,6.340561750000001,,,,,,4.1,,,,,,20.0,2023-12,CARGILL MEAT SOLUTIONS CORPORATION
IL0023914,IL,meat,2023-12-31,TSS,6.340561750000001,,,,,,4.15,,,,,,25.0,2023-12,CARGILL MEAT SOLUTIONS CORPORATION
IL0023914,IL,meat,2024-01-31,BOD,6.83266505,,,,,,4.65,,,,,,20.0,2024-01,CARGILL MEAT SOLUTIONS CORPORATION
IL0023914,IL,meat,2024-01-31,TSS,6.83266505,,,,,,7.36,,,,,,25.0,2024-01,CARGILL MEAT SOLUTIONS CORPORATION
IL0023914,IL,meat,2024-05-31,BOD,3.2800577650000005,,,,,,6.35,,,,,,20.0,2024-05,CARGILL MEAT SOLUTIONS CORPORATION
IL0023914,IL,meat,2024-05-31,TSS,3.2800577650000005,,,,,,3.42,,,,,,25.0,2024-05,CARGILL MEAT SOLUTIONS CORPORATION
IL0023914,IL,meat,2024-07-31,BOD,6.3784158500000006,,,,,,4.59,,,,,,20.0,2024-07,CARGILL MEAT SOLUTIONS CORPORATION
IL0023914,IL,meat,2024-07-31,TSS,6.3784158500000006,,,,,,1.3,,,,,,25.0,2024-07,CARGILL MEAT SOLUTIONS CORPORATION
IL0023914,IL,meat,2024-08-31,BOD,3.17595899,,,,,,2.46,,,,,,20.0,2024-08,CARGILL MEAT SOLUTIONS CORPORATION
IL0023914,IL,meat,2024-08-31,TSS,3.17595899,,,,,,4.8,,,,,,25.0,2024-08,CARGILL MEAT SOLUTIONS CORPORATION
IL0023914,IL,meat,2024-10-31,BOD,12.548634150000002,,,,,,4.82,,,,,,20.0,2024-10,CARGILL MEAT SOLUTIONS CORPORATION
IL0023914,IL,meat,2024-10-31,TSS,12.548634150000002,,,,,,4.8,,,,,,25.0,2024-10,CARGILL MEAT SOLUTIONS CORPORATION
IL0023914,IL,meat,2024-11-30,BOD,3.034006115,,,,,,5.26,,,,,,20.0,2024-11,CARGILL MEAT SOLUTIONS CORPORATION
IL0023914,IL,meat,2024-11-30,TSS,3.034006115,,,,,,12.84,,,,,,25.0,2024-11,CARGILL MEAT SOLUTIONS CORPORATION
IL0023914,IL,meat,2024-12-31,BOD,8.8200053,,,,,,7.71,,,,,,20.0,2024-12,CARGILL MEAT SOLUTIONS CORPORATION
IL0023914,IL,meat,2024-12-31,TSS,8.8200053,,,,,,9.9,,,,,,25.0,2024-12,CARGILL MEAT SOLUTIONS CORPORATION
KS0003271,KS,meat,2019-05-31,BOD,0.801371297,,,,,,5.55,,,,,,26.0,2019-05,BANNER CREEK LLC.
KS0003271,KS,meat,2019-05-31,TSS,0.801371297,,,,,,2.65,,,,,,80.0,2019-05,BANNER CREEK LLC.
KS0003271,KS,meat,2019-06-30,BOD,0.884650317,,,,,,6.2,,,,,,22.0,2019-06,BANNER CREEK LLC.
KS0003271,KS,meat,2019-06-30,TSS,0.884650317,,,,,,23.15,,,,,,80.0,2019-06,BANNER CREEK LLC.
KS0003271,KS,meat,2019-10-31,BOD,0.75329659,,,,,,3.5,,,,,,30.0,2019-10,BANNER CREEK LLC.
KS0003271,KS,meat,2019-10-31,TSS,0.75329659,,,,,,11.35,,,,,,80.0,2019-10,BANNER CREEK LLC.
KS0003271,KS,meat,2019-11-30,BOD,0.68894462,,,,,,1.8,,,,,,30.0,2019-11,BANNER CREEK LLC.
KS0003271,KS,meat,2019-11-30,TSS,0.68894462,,,,,,3.05,,,,,,80.0,2019-11,BANNER CREEK LLC.
KS0003271,KS,meat,2020-03-31,BOD,0.820298347,,,,,,10.75,,,,,,30.0,2020-03,BANNER CREEK LLC.
KS0003271,KS,meat,2020-03-31,TSS,0.820298347,,,,,,22.65,,,,,,80.0,2020-03,BANNER CREEK LLC.
KS0003271,KS,meat,2020-10-31,BOD,0.604908518,,,,,,6.5,,,,,,30.0,2020-10,BANNER CREEK LLC.
KS0003271,KS,meat,2020-10-31,TSS,0.604908518,,,,,,25.2,,,,,,80.0,2020-10,BANNER CREEK LLC.
KS0003271,KS,meat,2020-11-30,BOD,0.52617199,,,,,,6.0,,,,,,30.0,2020-11,BANNER CREEK LLC.
KS0003271,KS,meat,2020-11-30,TSS,0.52617199,,,,,,13.3,,,,,,80.0,2020-11,BANNER CREEK LLC.
KS0003271,KS,meat,2021-02-28,BOD,0.56402609,,,,,,13.95,,,,,,30.0,2021-02,BANNER CREEK LLC.
KS0003271,KS,meat,2021-02-28,TSS,0.56402609,,,,,,18.85,,,,,,80.0,2021-02,BANNER CREEK LLC.
KS0003271,KS,meat,2021-03-31,BOD,0.309267997,,,,,,8.55,,,,,,30.0,2021-03,BANNER CREEK LLC.
KS0003271,KS,meat,2021-03-31,TSS,0.309267997,,,,,,13.05,,,,,,80.0,2021-03,BANNER CREEK LLC.
KS0003271,KS,meat,2021-04-30,BOD,0.451220872,,,,,,3.05,,,,,,30.0,2021-04,BANNER CREEK LLC.
KS0003271,KS,meat,2021-04-30,TSS,0.451220872,,,,,,6.75,,,,,,80.0,2021-04,BANNER CREEK LLC.
KS0003271,KS,meat,2021-07-31,BOD,0.6068012230000001,,,,,,8.95,,,,,,22.0,2021-07,BANNER CREEK LLC.
KS0003271,KS,meat,2021-07-31,TSS,0.6068012230000001,,,,,,20.5,,,,,,80.0,2021-07,BANNER CREEK LLC.
KS0003271,KS,meat,2021-08-31,BOD,0.56402609,,,,,,5.55,,,,,,22.0,2021-08,BANNER CREEK LLC.
KS0003271,KS,meat,2021-08-31,TSS,0.56402609,,,,,,19.95,,,,,,80.0,2021-08,BANNER CREEK LLC.
KS0003271,KS,meat,2021-10-31,BOD,0.331601916,,,,,,4.6,,,,,,30.0,2021-10,BANNER CREEK LLC.
KS0003271,KS,meat,2021-10-31,TSS,0.331601916,,,,,,8.4,,,,,,80.0,2021-10,BANNER CREEK LLC.
KS0003271,KS,meat,2021-11-30,BOD,0.68515921,,,,,,2.35,,,,,,30.0,2021-11,BANNER CREEK LLC.
KS0003271,KS,meat,2021-11-30,TSS,0.68515921,,,,,,2.6,,,,,,80.0,2021-11,BANNER CREEK LLC.
KS0003271,KS,meat,2022-01-31,BOD,0.68515921,,,,,,6.5,,,,,,30.0,2022-01,BANNER CREEK LLC.
KS0003271,KS,meat,2022-01-31,TSS,0.68515921,,,,,,13.7,,,,,,80.0,2022-01,BANNER CREEK LLC.
KS0003271,KS,meat,2022-03-31,BOD,0.68515921,,,,,,9.05,,,,,,30.0,2022-03,BANNER CREEK LLC.
KS0003271,KS,meat,2022-03-31,TSS,0.68515921,,,,,,15.45,,,,,,80.0,2022-03,BANNER CREEK LLC.
KS0003271,KS,meat,2022-04-30,BOD,0.68515921,,,,,,10.05,,,,,,30.0,2022-04,BANNER CREEK LLC.
KS0003271,KS,meat,2022-04-30,TSS,0.68515921,,,,,,11.25,,,,,,80.0,2022-04,BANNER CREEK LLC.
KS0003271,KS,meat,2022-06-30,BOD,0.68515921,,,,,,3.95,,,,,,22.0,2022-06,BANNER CREEK LLC.
KS0003271,KS,meat,2022-06-30,TSS,0.68515921,,,,,,17.2,,,,,,80.0,2022-06,BANNER CREEK LLC.
KS0003271,KS,meat,2022-08-31,BOD,0.375891213,,,,,,7.8,,,,,,22.0,2022-08,BANNER CREEK LLC.
KS0003271,KS,meat,2022-08-31,TSS,0.375891213,,,,,,14.55,,,,,,80.0,2022-08,BANNER CREEK LLC.
KS0003271,KS,meat,2022-09-30,BOD,0.342579605,,,,,,5.1,,,,,,26.0,2022-09,BANNER CREEK LLC.
KS0003271,KS,meat,2022-09-30,TSS,0.342579605,,,,,,0.0,,,,,,80.0,2022-09,BANNER CREEK LLC.
KS0003271,KS,meat,2022-11-30,BOD,0.629135142,,,,,,3.25,,,,,,30.0,2022-11,BANNER CREEK LLC.
KS0003271,KS,meat,2022-11-30,TSS,0.629135142,,,,,,13.75,,,,,,80.0,2022-11,BANNER CREEK LLC.
KS0003271,KS,meat,2022-12-31,BOD,0.45803461,,,,,,2.9,,,,,,30.0,2022-12,BANNER CREEK LLC.
KS0003271,KS,meat,2022-12-31,TSS,0.45803461,,,,,,6.85,,,,,,80.0,2022-12,BANNER CREEK LLC.
KS0003271,KS,meat,2023-01-31,BOD,0.68515921,,,,,,4.35,,,,,,30.0,2023-01,BANNER CREEK LLC.
KS0003271,KS,meat,2023-01-31,TSS,0.68515921,,,,,,2.85,,,,,,80.0,2023-01,BANNER CREEK LLC.
KS0003271,KS,meat,2023-03-31,BOD,0.68515921,,,,,,3.4,,,,,,30.0,2023-03,BANNER CREEK LLC.
KS0003271,KS,meat,2023-03-31,TSS,0.68515921,,,,,,4.25,,,,,,80.0,2023-03,BANNER CREEK LLC.
KS0003271,KS,meat,2023-04-30,BOD,0.342579605,,,,,,5.85,,,,,,30.0,2023-04,BANNER CREEK LLC.
KS0003271,KS,meat,2023-04-30,TSS,0.342579605,,,,,,17.7,,,,,,80.0,2023-04,BANNER CREEK LLC.
KS0003271,KS,meat,2023-05-31,BOD,0.67758839,,,,,,2.4,,,,,,26.0,2023-05,BANNER CREEK LLC.
KS0003271,KS,meat,2023-05-31,TSS,0.67758839,,,,,,5.4,,,,,,80.0,2023-05,BANNER CREEK LLC.
KS0003271,KS,meat,2023-08-31,BOD,0.77600905,,,,,,7.15,,,,,,22.0,2023-08,BANNER CREEK LLC.
KS0003271,KS,meat,2023-08-31,TSS,0.77600905,,,,,,16.15,,,,,,80.0,2023-08,BANNER CREEK LLC.
KS0003271,KS,meat,2023-11-30,BOD,0.68515921,,,,,,8.2,,,,,,30.0,2023-11,BANNER CREEK LLC.
KS0003271,KS,meat,2023-11-30,TSS,0.68515921,,,,,,26.15,,,,,,80.0,2023-11,BANNER CREEK LLC.
KS0003271,KS,meat,2023-12-31,BOD,0.176778647,,,,,,7.75,,,,,,30.0,2023-12,BANNER CREEK LLC.
KS0003271,KS,meat,2023-12-31,TSS,0.176778647,,,,,,13.35,,,,,,80.0,2023-12,BANNER CREEK LLC.
KS0003271,KS,meat,2024-01-31,BOD,0.8517172500000001,,,,,,9.9,,,,,,30.0,2024-01,BANNER CREEK LLC.
KS0003271,KS,meat,2024-01-31,TSS,0.8517172500000001,,,,,,8.7,,,,,,80.0,2024-01,BANNER CREEK LLC.
KS0003271,KS,meat,2024-02-29,BOD,0.68515921,,,,,,4.6,,,,,,30.0,2024-02,BANNER CREEK LLC.
KS0003271,KS,meat,2024-02-29,TSS,0.68515921,,,,,,5.45,,,,,,80.0,2024-02,BANNER CREEK LLC.
KS0003271,KS,meat,2024-03-31,BOD,0.13248935,,,,,,8.15,,,,,,30.0,2024-03,BANNER CREEK LLC.
KS0003271,KS,meat,2024-03-31,TSS,0.13248935,,,,,,15.6,,,,,,80.0,2024-03,BANNER CREEK LLC.
KS0003271,KS,meat,2024-04-30,BOD,0.68515921,,,,,,12.95,,,,,,30.0,2024-04,BANNER CREEK LLC.
KS0003271,KS,meat,2024-04-30,TSS,0.68515921,,,,,,17.8,,,,,,80.0,2024-04,BANNER CREEK LLC.
KS0003271,KS,meat,2024-05-31,BOD,0.68515921,,,,,,5.15,,,,,,26.0,2024-05,BANNER CREEK LLC.
KS0003271,KS,meat,2024-05-31,TSS,0.68515921,,,,,,12.6,,,,,,80.0,2024-05,BANNER CREEK LLC.
KS0003271,KS,meat,2024-06-30,BOD,0.42585862500000005,,,,,,4.05,,,,,,22.0,2024-06,BANNER CREEK LLC.
KS0003271,KS,meat,2024-06-30,TSS,0.42585862500000005,,,,,,20.25,,,,,,80.0,2024-06,BANNER CREEK LLC.
KS0003271,KS,meat,2024-07-31,BOD,0.45803461,,,,,,8.4,,,,,,22.0,2024-07,BANNER CREEK LLC.
KS0003271,KS,meat,2024-07-31,TSS,0.45803461,,,,,,15.05,,,,,,80.0,2024-07,BANNER CREEK LLC.
KS0003271,KS,meat,2024-08-31,BOD,0.38989723,,,,,,11.2,,,,,,22.0,2024-08,BANNER CREEK LLC.
KS0003271,KS,meat,2024-08-31,TSS,0.38989723,,,,,,42.6,,,,,,80.0,2024-08,BANNER CREEK LLC.
KS0003271,KS,meat,2024-09-30,BOD,0.5299574,,,,,,6.55,,,,,,26.0,2024-09,BANNER CREEK LLC.
KS0003271,KS,meat,2024-09-30,TSS,0.5299574,,,,,,28.45,,,,,,80.0,2024-09,BANNER CREEK LLC.
KS0003271,KS,meat,2024-10-31,BOD,0.6200880121000001,,,,,,10.6,,,,,,28.0,2024-10,BANNER CREEK LLC.
KS0003271,KS,meat,2024-10-31,TSS,0.6200880121000001,,,,,,16.6,,,,,,80.0,2024-10,BANNER CREEK LLC.
KS0003271,KS,meat,2024-11-30,BOD,0.4567854247,,,,,,4.3,,,,,,30.0,2024-11,BANNER CREEK LLC.
KS0003271,KS,meat,2024-11-30,TSS,0.4567854247,,,,,,17.35,,,,,,80.0,2024-11,BANNER CREEK LLC.
KS0003271,KS,meat,2024-12-31,BOD,0.4219975068,,,,,,6.4,,,,,,30.0,2024-12,BANNER CREEK LLC.
KS0003271,KS,meat,2024-12-31,TSS,0.4219975068,,,,,,16.4,,,,,,80.0,2024-12,BANNER CREEK LLC.
KS0092029,KS,meat,2019-03-31,BOD,0.7370193270000001,,,,,,3.8,,,,,,,2019-03,CARGILL MEAT SOLUTIONS CORP
KS0092029,KS,meat,2019-03-31,F,0.7370193270000001,,,,,,0.0,,,,,,,2019-03,CARGILL MEAT SOLUTIONS CORP
KS0092029,KS,meat,2019-03-31,TDS,0.7370193270000001,,,,,,1900.0,,,,,,,2019-03,CARGILL MEAT SOLUTIONS CORP
KS0092029,KS,meat,2019-03-31,TSS,0.7370193270000001,,,,,,16.0,,,,,,,2019-03,CARGILL MEAT SOLUTIONS CORP
KS0092029,KS,meat,2019-04-30,BOD,4.632963299,,,,,,0.0,,,,,,,2019-04,CARGILL MEAT SOLUTIONS CORP
KS0092029,KS,meat,2019-04-30,F,4.632963299,,,,,,0.0,,,,,,,2019-04,CARGILL MEAT SOLUTIONS CORP
KS0092029,KS,meat,2019-04-30,TDS,4.632963299,,,,,,2120.0,,,,,,,2019-04,CARGILL MEAT SOLUTIONS CORP
KS0092029,KS,meat,2019-04-30,TSS,4.632963299,,,,,,10.0,,,,,,,2019-04,CARGILL MEAT SOLUTIONS CORP
KS0092029,KS,meat,2019-05-31,As,5.040273415,,,,,,0.0,,,,,,,2019-05,CARGILL MEAT SOLUTIONS CORP
KS0092029,KS,meat,2019-05-31,BOD,5.040273415,,,,,,6.02,,,,,,,2019-05,CARGILL MEAT SOLUTIONS CORP
KS0092029,KS,meat,2019-05-31,Cd,5.040273415,,,,,,0.0,,,,,,,2019-05,CARGILL MEAT SOLUTIONS CORP
KS0092029,KS,meat,2019-05-31,Cr,5.040273415,,,,,,0.0,,,,,,,2019-05,CARGILL MEAT SOLUTIONS CORP
KS0092029,KS,meat,2019-05-31,Cu,5.040273415,,,,,,0.0,,,,,,,2019-05,CARGILL MEAT SOLUTIONS CORP
KS0092029,KS,meat,2019-05-31,EC,5.040273415,,,,,,3340.0,,,,,,,2019-05,CARGILL MEAT SOLUTIONS CORP
KS0092029,KS,meat,2019-05-31,F,5.040273415,,,,,,0.112,,,,,,,2019-05,CARGILL MEAT SOLUTIONS CORP
KS0092029,KS,meat,2019-05-31,Ni,5.040273415,,,,,,0.0059,,,,,,,2019-05,CARGILL MEAT SOLUTIONS CORP
KS0092029,KS,meat,2019-05-31,Pb,5.040273415,,,,,,0.0,,,,,,,2019-05,CARGILL MEAT SOLUTIONS CORP
KS0092029,KS,meat,2019-05-31,TDS,5.040273415,,,,,,1783.33,,,,,,,2019-05,CARGILL MEAT SOLUTIONS CORP
KS0092029,KS,meat,2019-05-31,TSS,5.040273415,,,,,,10.4,,,,,,,2019-05,CARGILL MEAT SOLUTIONS CORP
KS0092029,KS,meat,2019-05-31,Zn,5.040273415,,,,,,0.0,,,,,,,2019-05,CARGILL MEAT SOLUTIONS CORP
KS0092029,KS,meat,2019-06-30,As,4.664382202,,,,,,0.0,,,,,,,2019-06,CARGILL MEAT SOLUTIONS CORP
KS0092029,KS,meat,2019-06-30,BOD,4.664382202,,,,,,12.375,,,,,,,2019-06,CARGILL MEAT SOLUTIONS CORP
KS0092029,KS,meat,2019-06-30,Cd,4.664382202,,,,,,0.0,,,,,,,2019-06,CARGILL MEAT SOLUTIONS CORP
KS0092029,KS,meat,2019-06-30,Cr,4.664382202,,,,,,0.0,,,,,,,2019-06,CARGILL MEAT SOLUTIONS CORP
KS0092029,KS,meat,2019-06-30,Cu,4.664382202,,,,,,0.0,,,,,,,2019-06,CARGILL MEAT SOLUTIONS CORP
KS0092029,KS,meat,2019-06-30,EC,4.664382202,,,,,,3780.0,,,,,,,2019-06,CARGILL MEAT SOLUTIONS CORP
KS0092029,KS,meat,2019-06-30,F,4.664382202,,,,,,0.0,,,,,,,2019-06,CARGILL MEAT SOLUTIONS CORP
KS0092029,KS,meat,2019-06-30,Ni,4.664382202,,,,,,0.0056,,,,,,,2019-06,CARGILL MEAT SOLUTIONS CORP
KS0092029,KS,meat,2019-06-30,Pb,4.664382202,,,,,,0.0,,,,,,,2019-06,CARGILL MEAT SOLUTIONS CORP
KS0092029,KS,meat,2019-06-30,TDS,4.664382202,,,,,,1975.0,,,,,,,2019-06,CARGILL MEAT SOLUTIONS CORP
KS0092029,KS,meat,2019-06-30,TSS,4.664382202,,,,,,8.3333,,,,,,,2019-06,CARGILL MEAT SOLUTIONS CORP
KS0092029,KS,meat,2019-06-30,Zn,4.664382202,,,,,,0.0,,,,,,,2019-06,CARGILL MEAT SOLUTIONS CORP
KS0092029,KS,meat,2019-07-31,BOD,2.4571096310000002,,,,,,0.0,,,,,,,2019-07,CARGILL MEAT SOLUTIONS CORP
KS0092029,KS,meat,2019-07-31,F,2.4571096310000002,,,,,,0.0,,,,,,,2019-07,CARGILL MEAT SOLUTIONS CORP
KS0092029,KS,meat,2019-07-31,TDS,2.4571096310000002,,,,,,1780.0,,,,,,,2019-07,CARGILL MEAT SOLUTIONS CORP
KS0092029,KS,meat,2019-07-31,TSS,2.4571096310000002,,,,,,0.0,,,,,,,2019-07,CARGILL MEAT SOLUTIONS CORP
KS0092029,KS,meat,2019-12-31,BOD,0.8486889220000001,,,,,,6.5,,,,,,,2019-12,CARGILL MEAT SOLUTIONS CORP
KS0092029,KS,meat,2019-12-31,F,0.8486889220000001,,,,,,0.645,,,,,,,2019-12,CARGILL MEAT SOLUTIONS CORP
KS0092029,KS,meat,2019-12-31,TDS,0.8486889220000001,,,,,,1820.0,,,,,,,2019-12,CARGILL MEAT SOLUTIONS CORP
KS0092029,KS,meat,2019-12-31,TSS,0.8486889220000001,,,,,,6.0,,,,,,,2019-12,CARGILL MEAT SOLUTIONS CORP
KS0092029,KS,meat,2020-01-31,BOD,4.627285184,,,,,,4.32,,,,,,,2020-01,CARGILL MEAT SOLUTIONS CORP
KS0092029,KS,meat,2020-01-31,F,4.627285184,,,,,,0.154,,,,,,,2020-01,CARGILL MEAT SOLUTIONS CORP
KS0092029,KS,meat,2020-01-31,TDS,4.627285184,,,,,,1994.0,,,,,,,2020-01,CARGILL MEAT SOLUTIONS CORP
KS0092029,KS,meat,2020-01-31,TSS,4.627285184,,,,,,12.4,,,,,,,2020-01,CARGILL MEAT SOLUTIONS CORP
KS0092029,KS,meat,2020-02-29,As,4.8453248,,,,,,0.0,,,,,,,2020-02,CARGILL MEAT SOLUTIONS CORP
KS0092029,KS,meat,2020-02-29,BOD,4.8453248,,,,,,2.0,,,,,,,2020-02,CARGILL MEAT SOLUTIONS CORP
KS0092029,KS,meat,2020-02-29,Cd,4.8453248,,,,,,0.0,,,,,,,2020-02,CARGILL MEAT SOLUTIONS CORP
KS0092029,KS,meat,2020-02-29,Cr,4.8453248,,,,,,0.0,,,,,,,2020-02,CARGILL MEAT SOLUTIONS CORP
KS0092029,KS,meat,2020-02-29,Cu,4.8453248,,,,,,0.018,,,,,,,2020-02,CARGILL MEAT SOLUTIONS CORP
KS0092029,KS,meat,2020-02-29,EC,4.8453248,,,,,,3600.0,,,,,,,2020-02,CARGILL MEAT SOLUTIONS CORP
KS0092029,KS,meat,2020-02-29,F,4.8453248,,,,,,0.4525,,,,,,,2020-02,CARGILL MEAT SOLUTIONS CORP
KS0092029,KS,meat,2020-02-29,Ni,4.8453248,,,,,,0.0059,,,,,,,2020-02,CARGILL MEAT SOLUTIONS CORP
KS0092029,KS,meat,2020-02-29,Pb,4.8453248,,,,,,0.0,,,,,,,2020-02,CARGILL MEAT SOLUTIONS CORP
KS0092029,KS,meat,2020-02-29,TDS,4.8453248,,,,,,1840.0,,,,,,,2020-02,CARGILL MEAT SOLUTIONS CORP
KS0092029,KS,meat,2020-02-29,TSS,4.8453248,,,,,,3.5,,,,,,,2020-02,CARGILL MEAT SOLUTIONS CORP
KS0092029,KS,meat,2020-02-29,Zn,4.8453248,,,,,,0.0,,,,,,,2020-02,CARGILL MEAT SOLUTIONS CORP
KS0092029,KS,meat,2020-03-31,BOD,4.0886213410000005,,,,,,14.625,,,,,,,2020-03,CARGILL MEAT SOLUTIONS CORP
KS0092029,KS,meat,2020-03-31,F,4.0886213410000005,,,,,,0.72,,,,,,,2020-03,CARGILL MEAT SOLUTIONS CORP
KS0092029,KS,meat,2020-03-31,TDS,4.0886213410000005,,,,,,1897.5,,,,,,,2020-03,CARGILL MEAT SOLUTIONS CORP
KS0092029,KS,meat,2020-03-31,TSS,4.0886213410000005,,,,,,10.25,,,,,,,2020-03,CARGILL MEAT SOLUTIONS CORP
KS0092029,KS,meat,2020-04-30,BOD,3.710458882,,,,,,8.95,,,,,,,2020-04,CARGILL MEAT SOLUTIONS CORP
KS0092029,KS,meat,2020-04-30,F,3.710458882,,,,,,0.65,,,,,,,2020-04,CARGILL MEAT SOLUTIONS CORP
KS0092029,KS,meat,2020-04-30,TDS,3.710458882,,,,,,1845.0,,,,,,,2020-04,CARGILL MEAT SOLUTIONS CORP
KS0092029,KS,meat,2020-04-30,TSS,3.710458882,,,,,,10.75,,,,,,,2020-04,CARGILL MEAT SOLUTIONS CORP
KS0092029,KS,meat,2020-05-31,BOD,0.753675131,,,,,,7.8,,,,,,,2020-05,CARGILL MEAT SOLUTIONS CORP
KS0092029,KS,meat,2020-05-31,F,0.753675131,,,,,,0.68,,,,,,,2020-05,CARGILL MEAT SOLUTIONS CORP
KS0092029,KS,meat,2020-05-31,TDS,0.753675131,,,,,,1740.0,,,,,,,2020-05,CARGILL MEAT SOLUTIONS CORP
KS0092029,KS,meat,2020-05-31,TSS,0.753675131,,,,,,16.0,,,,,,,2020-05,CARGILL MEAT SOLUTIONS CORP
KS0092029,KS,meat,2020-12-31,BOD,1.8234319970000001,,,,,,9.2667,,,,,,,2020-12,CARGILL MEAT SOLUTIONS CORP
KS0092029,KS,meat,2020-12-31,F,1.8234319970000001,,,,,,0.0,,,,,,,2020-12,CARGILL MEAT SOLUTIONS CORP
KS0092029,KS,meat,2020-12-31,TDS,1.8234319970000001,,,,,,1803.33,,,,,,,2020-12,CARGILL MEAT SOLUTIONS CORP
KS0092029,KS,meat,2020-12-31,TSS,1.8234319970000001,,,,,,16.0,,,,,,,2020-12,CARGILL MEAT SOLUTIONS CORP
KS0092029,KS,meat,2021-01-31,As,3.723707817,,,,,,0.0012,,,,,,,2021-01,CARGILL MEAT SOLUTIONS CORP
KS0092029,KS,meat,2021-01-31,BOD,3.723707817,,,,,,4.925,,,,,,,2021-01,CARGILL MEAT SOLUTIONS CORP
KS0092029,KS,meat,2021-01-31,Cd,3.723707817,,,,,,0.0,,,,,,,2021-01,CARGILL MEAT SOLUTIONS CORP
KS0092029,KS,meat,2021-01-31,Cr,3.723707817,,,,,,0.0019,,,,,,,2021-01,CARGILL MEAT SOLUTIONS CORP
KS0092029,KS,meat,2021-01-31,Cu,3.723707817,,,,,,0.0437,,,,,,,2021-01,CARGILL MEAT SOLUTIONS CORP
KS0092029,KS,meat,2021-01-31,EC,3.723707817,,,,,,2370.0,,,,,,,2021-01,CARGILL MEAT SOLUTIONS CORP
KS0092029,KS,meat,2021-01-31,F,3.723707817,,,,,,0.22,,,,,,,2021-01,CARGILL MEAT SOLUTIONS CORP
KS0092029,KS,meat,2021-01-31,Ni,3.723707817,,,,,,0.0174,,,,,,,2021-01,CARGILL MEAT SOLUTIONS CORP
KS0092029,KS,meat,2021-01-31,Pb,3.723707817,,,,,,0.0,,,,,,,2021-01,CARGILL MEAT SOLUTIONS CORP
KS0092029,KS,meat,2021-01-31,TDS,3.723707817,,,,,,1727.5,,,,,,,2021-01,CARGILL MEAT SOLUTIONS CORP
KS0092029,KS,meat,2021-01-31,TSS,3.723707817,,,,,,12.75,,,,,,,2021-01,CARGILL MEAT SOLUTIONS CORP
KS0092029,KS,meat,2021-01-31,Zn,3.723707817,,,,,,0.0846,,,,,,,2021-01,CARGILL MEAT SOLUTIONS CORP
KS0092029,KS,meat,2021-02-28,BOD,1.3135372699999999,,,,,,0.0,,,,,,,2021-02,CARGILL MEAT SOLUTIONS CORP
KS0092029,KS,meat,2021-02-28,F,1.3135372699999999,,,,,,0.0,,,,,,,2021-02,CARGILL MEAT SOLUTIONS CORP
KS0092029,KS,meat,2021-02-28,TDS,1.3135372699999999,,,,,,1920.0,,,,,,,2021-02,CARGILL MEAT SOLUTIONS CORP
KS0092029,KS,meat,2021-02-28,TSS,1.3135372699999999,,,,,,6.0,,,,,,,2021-02,CARGILL MEAT SOLUTIONS CORP
KS0092029,KS,meat,2021-03-31,BOD,4.259721873,,,,,,7.05,,,,,,,2021-03,CARGILL MEAT SOLUTIONS CORP
KS0092029,KS,meat,2021-03-31,F,4.259721873,,,,,,0.18,,,,,,,2021-03,CARGILL MEAT SOLUTIONS CORP
KS0092029,KS,meat,2021-03-31,TDS,4.259721873,,,,,,1650.0,,,,,,,2021-03,CARGILL MEAT SOLUTIONS CORP
KS0092029,KS,meat,2021-03-31,TSS,4.259721873,,,,,,11.0,,,,,,,2021-03,CARGILL MEAT SOLUTIONS CORP
KS0092029,KS,meat,2021-04-30,BOD,2.5509877990000005,,,,,,8.3,,,,,,,2021-04,CARGILL MEAT SOLUTIONS CORP
KS0092029,KS,meat,2021-04-30,F,2.5509877990000005,,,,,,0.1375,,,,,,,2021-04,CARGILL MEAT SOLUTIONS CORP
KS0092029,KS,meat,2021-04-30,TDS,2.5509877990000005,,,,,,1655.0,,,,,,,2021-04,CARGILL MEAT SOLUTIONS CORP
KS0092029,KS,meat,2021-04-30,TSS,2.5509877990000005,,,,,,22.25,,,,,,,2021-04,CARGILL MEAT SOLUTIONS CORP
KS0092029,KS,meat,2021-05-31,BOD,6.0490851800000005,,,,,,12.0,,,,,,18.0,2021-05,CARGILL MEAT SOLUTIONS CORP
KS0092029,KS,meat,2021-05-31,TSS,6.0490851800000005,,,,,,12.0,,,,,,30.0,2021-05,CARGILL MEAT SOLUTIONS CORP
KS0092029,KS,meat,2022-01-31,BOD,6.560115530000001,,,,,,16.0,,,,,,25.0,2022-01,CARGILL MEAT SOLUTIONS CORP
KS0092029,KS,meat,2022-01-31,TSS,6.560115530000001,,,,,,8.0,,,,,,30.0,2022-01,CARGILL MEAT SOLUTIONS CORP
KS0092029,KS,meat,2022-02-28,BOD,10.2963152,,,,,,7.58,,,,,,25.0,2022-02,CARGILL MEAT SOLUTIONS CORP
KS0092029,KS,meat,2022-02-28,TSS,10.2963152,,,,,,19.4,,,,,,30.0,2022-02,CARGILL MEAT SOLUTIONS CORP
KS0092029,KS,meat,2022-03-31,As,4.996741200000001,,,,,,0.0,,,,,,,2022-03,CARGILL MEAT SOLUTIONS CORP
KS0092029,KS,meat,2022-03-31,BOD,4.996741200000001,,,,,,2.2,,,,,,25.0,2022-03,CARGILL MEAT SOLUTIONS CORP
KS0092029,KS,meat,2022-03-31,Cd,4.996741200000001,,,,,,0.0,,,,,,,2022-03,CARGILL MEAT SOLUTIONS CORP
KS0092029,KS,meat,2022-03-31,Cr,4.996741200000001,,,,,,0.0,,,,,,,2022-03,CARGILL MEAT SOLUTIONS CORP
KS0092029,KS,meat,2022-03-31,Cu,4.996741200000001,,,,,,0.0023,,,,,,,2022-03,CARGILL MEAT SOLUTIONS CORP
KS0092029,KS,meat,2022-03-31,EC,4.996741200000001,,,,,,2350.0,,,,,,,2022-03,CARGILL MEAT SOLUTIONS CORP
KS0092029,KS,meat,2022-03-31,Ni,4.996741200000001,,,,,,0.002,,,,,,,2022-03,CARGILL MEAT SOLUTIONS CORP
KS0092029,KS,meat,2022-03-31,Pb,4.996741200000001,,,,,,0.0,,,,,,,2022-03,CARGILL MEAT SOLUTIONS CORP
KS0092029,KS,meat,2022-03-31,TDS,4.996741200000001,,,,,,2380.0,,,,,,,2022-03,CARGILL MEAT SOLUTIONS CORP
KS0092029,KS,meat,2022-03-31,TSS,4.996741200000001,,,,,,5.75,,,,,,30.0,2022-03,CARGILL MEAT SOLUTIONS CORP
KS0092029,KS,meat,2022-03-31,Zn,4.996741200000001,,,,,,0.0201,,,,,,,2022-03,CARGILL MEAT SOLUTIONS CORP
KS0092029,KS,meat,2022-04-30,BOD,3.0661821000000002,,,,,,0.0,,,,,,20.0,2022-04,CARGILL MEAT SOLUTIONS CORP
KS0092029,KS,meat,2022-04-30,TSS,3.0661821000000002,,,,,,8.35,,,,,,30.0,2022-04,CARGILL MEAT SOLUTIONS CORP
LA0106208,LA,meat,2019-03-31,DO,0.00100313365,,,,,,1.4,,,,,,,2019-03,ADAKA HOLDINGS LLC
LA0106208,LA,meat,2019-06-30,DO,0.00708628752,,,,,,1.3,,,,,,,2019-06,ADAKA HOLDINGS LLC
LA0106208,LA,meat,2019-09-30,DO,0.00166936581,,,,,,2.0,,,,,,,2019-09,ADAKA HOLDINGS LLC
LA0106208,LA,meat,2019-12-31,DO,0.005918488535,,,,,,2.1,,,,,,,2019-12,ADAKA HOLDINGS LLC
LA0106208,LA,meat,2020-03-31,DO,0.0036510279450000004,,,,,,2.0,,,,,,,2020-03,ADAKA HOLDINGS LLC
LA0106208,LA,meat,2020-06-30,DO,0.00450085249,,,,,,1.3,,,,,,,2020-06,ADAKA HOLDINGS LLC
LA0106208,LA,meat,2020-09-30,DO,0.0049513162800000005,,,,,,2.3,,,,,,,2020-09,ADAKA HOLDINGS LLC
LA0106208,LA,meat,2020-12-31,DO,0.00471283545,,,,,,2.3,,,,,,,2020-12,ADAKA HOLDINGS LLC
LA0106208,LA,meat,2021-03-31,DO,0.0030945726750000006,,,,,,2.2,,,,,,,2021-03,ADAKA HOLDINGS LLC
LA0106208,LA,meat,2021-06-30,DO,0.0078357987,,,,,,2.5,,,,,,,2021-06,ADAKA HOLDINGS LLC
LA0106208,LA,meat,2021-09-30,DO,0.007345588105,,,,,,1.8,,,,,,,2021-09,ADAKA HOLDINGS LLC
LA0106208,LA,meat,2021-12-31,DO,0.00664717996,,,,,,2.3,,,,,,,2021-12,ADAKA HOLDINGS LLC
LA0106208,LA,meat,2022-03-31,DO,0.004319152810000001,,,,,,5.5,,,,,,,2022-03,ADAKA HOLDINGS LLC
LA0106208,LA,meat,2022-06-30,DO,0.00664717996,,,,,,4.6,,,,,,,2022-06,ADAKA HOLDINGS LLC
LA0106208,LA,meat,2022-09-30,DO,0.006427626180000001,,,,,,4.6,,,,,,,2022-09,ADAKA HOLDINGS LLC
LA0106208,LA,meat,2022-12-31,DO,0.00483396857,,,,,,2.9,,,,,,,2022-12,ADAKA HOLDINGS LLC
LA0106208,LA,meat,2023-03-31,DO,0.0007570820000000001,,,,,,1.7,,,,,,,2023-03,ADAKA HOLDINGS LLC
LA0106208,LA,meat,2023-06-30,DO,0.0007570820000000001,,,,,,3.0,,,,,,,2023-06,ADAKA HOLDINGS LLC
LA0106208,LA,meat,2023-09-30,DO,0.007570820000000001,,,,,,2.0,,,,,,,2023-09,ADAKA HOLDINGS LLC
LA0106208,LA,meat,2023-12-31,DO,0.0007570820000000001,,,,,,1.9,,,,,,,2023-12,ADAKA HOLDINGS LLC
LA0106208,LA,meat,2024-03-31,DO,0.015141640000000001,,,,,,2.3,,,,,,,2024-03,ADAKA HOLDINGS LLC
LA0106208,LA,meat,2024-06-30,DO,0.0030283280000000003,,,,,,4.6,,,,,,,2024-06,ADAKA HOLDINGS LLC
LA0106208,LA,meat,2024-09-30,DO,0.032175985000000004,,,,,,3.2,,,,,,,2024-09,ADAKA HOLDINGS LLC
LA0106208,LA,meat,2024-12-31,DO,0.013248935000000002,,,,,,4.0,,,,,,,2024-12,ADAKA HOLDINGS LLC
MA0000671,MA,paper_pulp,2019-01-31,Cu,16.277263,,,,,,0.0052,,,,,,0.016,2019-01,CRANE & CO INC WWTP
MA0000671,MA,paper_pulp,2019-02-28,Cu,15.898722000000001,,,,,,0.0,,,,,,0.016,2019-02,CRANE & CO INC WWTP
MA0000671,MA,paper_pulp,2019-03-31,Cu,16.277263,,,,,,0.0058,,,,,,0.016,2019-03,CRANE & CO INC WWTP
MA0000671,MA,paper_pulp,2019-04-30,Cu,17.412886,,,,,,0.0046,,,,,,0.016,2019-04,CRANE & CO INC WWTP
MA0000671,MA,paper_pulp,2019-05-31,Cu,15.520181,,,,,,0.0,,,,,,0.016,2019-05,CRANE & CO INC WWTP
MA0000671,MA,paper_pulp,2019-06-30,Cu,15.898722000000001,,,,,,0.0,,,,,,0.016,2019-06,CRANE & CO INC WWTP
MA0000671,MA,paper_pulp,2019-07-31,Cu,14.006017000000002,,,,,,0.0,,,,,,0.016,2019-07,CRANE & CO INC WWTP
MA0000671,MA,paper_pulp,2019-08-31,Cu,15.898722000000001,,,,,,0.0,,,,,,0.016,2019-08,CRANE & CO INC WWTP
MA0000671,MA,paper_pulp,2019-09-30,Cu,13.627476000000001,,,,,,0.0,,,,,,0.016,2019-09,CRANE & CO INC WWTP
MA0000671,MA,paper_pulp,2019-10-31,Cu,16.277263,,,,,,0.0,,,,,,0.016,2019-10,CRANE & CO INC WWTP
MA0000671,MA,paper_pulp,2019-11-30,Cu,16.655804000000003,,,,,,0.0,,,,,,0.016,2019-11,CRANE & CO INC WWTP
MA0000671,MA,paper_pulp,2019-12-31,Cu,15.14164,,,,,,0.0,,,,,,0.016,2019-12,CRANE & CO INC WWTP
MA0000671,MA,paper_pulp,2020-01-31,Cu,13.627476000000001,,,,,,0.0,,,,,,0.016,2020-01,CRANE & CO INC WWTP
MA0000671,MA,paper_pulp,2020-02-29,Cu,14.763099,,,,,,0.0147,,,,,,0.016,2020-02,CRANE & CO INC WWTP
MA0000671,MA,paper_pulp,2020-03-31,Cu,14.763099,,,,,,0.0,,,,,,0.016,2020-03,CRANE & CO INC WWTP
MA0000671,MA,paper_pulp,2020-04-30,Cu,13.627476000000001,,,,,,0.0,,,,,,0.016,2020-04,CRANE & CO INC WWTP
MA0000671,MA,paper_pulp,2020-05-31,Cu,16.655804000000003,,,,,,0.0,,,,,,0.016,2020-05,CRANE & CO INC WWTP
MA0000671,MA,paper_pulp,2020-06-30,Cu,16.655804000000003,,,,,,0.0,,,,,,0.016,2020-06,CRANE & CO INC WWTP
MA0000671,MA,paper_pulp,2020-07-31,Cu,15.14164,,,,,,0.0,,,,,,0.016,2020-07,CRANE & CO INC WWTP
MA0000671,MA,paper_pulp,2020-08-31,Cu,15.14164,,,,,,0.0,,,,,,0.016,2020-08,CRANE & CO INC WWTP
MA0000671,MA,paper_pulp,2020-09-30,Cu,15.898722000000001,,,,,,0.0,,,,,,0.016,2020-09,CRANE & CO INC WWTP
MA0000671,MA,paper_pulp,2020-10-31,Cu,14.763099,,,,,,0.0,,,,,,0.016,2020-10,CRANE & CO INC WWTP
MA0000671,MA,paper_pulp,2020-11-30,Cu,14.384558,,,,,,0.0,,,,,,0.016,2020-11,CRANE & CO INC WWTP
MA0000671,MA,paper_pulp,2020-12-31,Cu,14.763099,,,,,,0.0,,,,,,0.016,2020-12,CRANE & CO INC WWTP
MA0000671,MA,paper_pulp,2021-01-31,Cu,15.520181,,,,,,0.0,,,,,,0.016,2021-01,CRANE & CO INC WWTP
MA0000671,MA,paper_pulp,2021-02-28,Cu,15.898722000000001,,,,,,0.0,,,,,,0.016,2021-02,CRANE & CO INC WWTP
MA0000671,MA,paper_pulp,2021-03-31,Cu,15.520181,,,,,,0.0001,,,,,,0.016,2021-03,CRANE & CO INC WWTP
MA0000671,MA,paper_pulp,2021-04-30,Cu,16.655804000000003,,,,,,0.0,,,,,,0.016,2021-04,CRANE & CO INC WWTP
MA0000671,MA,paper_pulp,2021-05-31,Cu,14.763099,,,,,,0.0,,,,,,0.016,2021-05,CRANE & CO INC WWTP
MA0000671,MA,paper_pulp,2021-06-30,Cu,15.14164,,,,,,0.0,,,,,,0.016,2021-06,CRANE & CO INC WWTP
MA0000671,MA,paper_pulp,2021-07-31,Cu,15.520181,,,,,,0.0,,,,,,0.016,2021-07,CRANE & CO INC WWTP
MA0000671,MA,paper_pulp,2021-08-31,Cu,16.277263,,,,,,0.0,,,,,,0.016,2021-08,CRANE & CO INC WWTP
MA0000671,MA,paper_pulp,2021-09-30,Cu,14.195287500000001,,,,,,0.0,,,,,,0.016,2021-09,CRANE & CO INC WWTP
MA0000671,MA,paper_pulp,2021-10-31,Cu,14.195287500000001,,,,,,0.0,,,,,,0.016,2021-10,CRANE & CO INC WWTP
MA0000671,MA,paper_pulp,2021-11-30,Cu,13.248935000000001,,,,,,0.0,,,,,,0.016,2021-11,CRANE & CO INC WWTP
MA0000671,MA,paper_pulp,2021-12-31,Cd,12.491852999999999,,,,,,0.0,,,,,0.0001,,2021-12,CRANE & CO INC WWTP
MA0000671,MA,paper_pulp,2021-12-31,Cu,12.491852999999999,,,,,,0.0,,,,,,0.016,2021-12,CRANE & CO INC WWTP
MA0000671,MA,paper_pulp,2021-12-31,Ni,12.491852999999999,,,,,,0.0,,,,,0.001,,2021-12,CRANE & CO INC WWTP
MA0000671,MA,paper_pulp,2021-12-31,Pb,12.491852999999999,,,,,,0.0,,,,,0.0003,,2021-12,CRANE & CO INC WWTP
MA0000671,MA,paper_pulp,2021-12-31,Zn,12.491852999999999,,,,,,0.008,,,,,,,2021-12,CRANE & CO INC WWTP
MA0000671,MA,paper_pulp,2022-01-31,Cu,14.006017000000002,,,,,,0.0,,,,,,0.016,2022-01,CRANE & CO INC WWTP
MA0000671,MA,paper_pulp,2022-02-28,Cu,13.8167465,,,,,,0.0,,,,,,0.016,2022-02,CRANE & CO INC WWTP
MA0000671,MA,paper_pulp,2022-03-31,Cd,13.4382055,,,,,,0.0001,,,,,,,2022-03,CRANE & CO INC WWTP
MA0000671,MA,paper_pulp,2022-03-31,Cu,13.4382055,,,,,,0.0,,,,,,0.016,2022-03,CRANE & CO INC WWTP
MA0000671,MA,paper_pulp,2022-03-31,Ni,13.4382055,,,,,,0.0,,,,,0.001,,2022-03,CRANE & CO INC WWTP
MA0000671,MA,paper_pulp,2022-03-31,Pb,13.4382055,,,,,,0.0003,,,,,,,2022-03,CRANE & CO INC WWTP
MA0000671,MA,paper_pulp,2022-03-31,Zn,13.4382055,,,,,,0.012,,,,,,,2022-03,CRANE & CO INC WWTP
MA0000671,MA,paper_pulp,2022-04-30,Cu,13.0596645,,,,,,0.0,,,,,,0.016,2022-04,CRANE & CO INC WWTP
MA0000671,MA,paper_pulp,2022-05-31,Cu,13.248935000000001,,,,,,0.0,,,,,,0.016,2022-05,CRANE & CO INC WWTP
MA0000671,MA,paper_pulp,2022-06-30,Cd,12.3025825,,,,,,0.0,,,,,0.0001,,2022-06,CRANE & CO INC WWTP
MA0000671,MA,paper_pulp,2022-06-30,Cu,12.3025825,,,,,,0.0,,,,,,0.016,2022-06,CRANE & CO INC WWTP
MA0000671,MA,paper_pulp,2022-06-30,Ni,12.3025825,,,,,,0.0,,,,,0.001,,2022-06,CRANE & CO INC WWTP
MA0000671,MA,paper_pulp,2022-06-30,Pb,12.3025825,,,,,,0.0,,,,,0.0003,,2022-06,CRANE & CO INC WWTP
MA0000671,MA,paper_pulp,2022-06-30,Zn,12.3025825,,,,,,0.007,,,,,,,2022-06,CRANE & CO INC WWTP
MA0000671,MA,paper_pulp,2022-07-31,Cu,13.059664500000002,,,,,,0.0,,,,,,0.016,2022-07,CRANE & CO INC WWTP
MA0000671,MA,paper_pulp,2022-08-31,Cu,12.681123500000002,,,,,,0.0,,,,,,0.016,2022-08,CRANE & CO INC WWTP
MA0000671,MA,paper_pulp,2022-09-30,Cd,14.384558000000002,,,,,,0.0,,,,,0.0001,,2022-09,CRANE & CO INC WWTP
MA0000671,MA,paper_pulp,2022-09-30,Cu,14.384558000000002,,,,,,0.0,,,,,,0.016,2022-09,CRANE & CO INC WWTP
MA0000671,MA,paper_pulp,2022-09-30,Ni,14.384558000000002,,,,,,0.0,,,,,0.001,,2022-09,CRANE & CO INC WWTP
MA0000671,MA,paper_pulp,2022-09-30,Pb,14.384558000000002,,,,,,0.0,,,,,0.0003,,2022-09,CRANE & CO INC WWTP
MA0000671,MA,paper_pulp,2022-09-30,Zn,14.384558000000002,,,,,,0.004,,,,,,,2022-09,CRANE & CO INC WWTP
MA0000671,MA,paper_pulp,2022-10-31,Cu,13.816746500000002,,,,,,0.0,,,,,,0.016,2022-10,CRANE & CO INC WWTP
MA0000671,MA,paper_pulp,2022-11-30,Cu,13.627476,,,,,,0.0,,,,,,0.016,2022-11,CRANE & CO INC WWTP
MA0000671,MA,paper_pulp,2022-12-31,Cd,12.3025825,,,,,,0.0,,,,,0.0001,,2022-12,CRANE & CO INC WWTP
MA0000671,MA,paper_pulp,2022-12-31,Cu,12.3025825,,,,,,0.0,,,,,,0.016,2022-12,CRANE & CO INC WWTP
MA0000671,MA,paper_pulp,2022-12-31,Ni,12.3025825,,,,,,0.0,,,,,0.001,,2022-12,CRANE & CO INC WWTP
MA0000671,MA,paper_pulp,2022-12-31,Pb,12.3025825,,,,,,0.0,,,,,0.0003,,2022-12,CRANE & CO INC WWTP
MA0000671,MA,paper_pulp,2022-12-31,Zn,12.3025825,,,,,,0.01,,,,,,,2022-12,CRANE & CO INC WWTP
MA0000671,MA,paper_pulp,2023-01-31,Cu,12.6811235,,,,,,0.0,,,,,,0.016,2023-01,CRANE & CO INC WWTP
MA0000671,MA,paper_pulp,2023-02-28,Cu,12.870394000000001,,,,,,0.0,,,,,,0.016,2023-02,CRANE & CO INC WWTP
MA0000671,MA,paper_pulp,2023-03-31,Cd,13.4382055,,,,,,0.0,,,,,0.0001,,2023-03,CRANE & CO INC WWTP
MA0000671,MA,paper_pulp,2023-03-31,Cu,13.4382055,,,,,,0.0,,,,,,0.016,2023-03,CRANE & CO INC WWTP
MA0000671,MA,paper_pulp,2023-03-31,Ni,13.4382055,,,,,,0.0,,,,,0.001,,2023-03,CRANE & CO INC WWTP
MA0000671,MA,paper_pulp,2023-03-31,Pb,13.4382055,,,,,,0.0,,,,,0.0003,,2023-03,CRANE & CO INC WWTP
MA0000671,MA,paper_pulp,2023-03-31,Zn,13.4382055,,,,,,0.004,,,,,,,2023-03,CRANE & CO INC WWTP
MA0000671,MA,paper_pulp,2023-04-30,Cu,12.6811235,,,,,,0.0,,,,,,0.016,2023-04,CRANE & CO INC WWTP
MA0000671,MA,paper_pulp,2023-05-31,Cu,13.4382055,,,,,,0.0,,,,,,0.016,2023-05,CRANE & CO INC WWTP
MA0000671,MA,paper_pulp,2023-06-30,Cd,12.870394000000001,,,,,,0.0,,,,,0.0001,,2023-06,CRANE & CO INC WWTP
MA0000671,MA,paper_pulp,2023-06-30,Cu,12.870394000000001,,,,,,0.0,,,,,,0.016,2023-06,CRANE & CO INC WWTP
MA0000671,MA,paper_pulp,2023-06-30,Ni,12.870394000000001,,,,,,0.0,,,,,0.001,,2023-06,CRANE & CO INC WWTP
MA0000671,MA,paper_pulp,2023-06-30,Pb,12.870394000000001,,,,,,0.0,,,,,0.0003,,2023-06,CRANE & CO INC WWTP
MA0000671,MA,paper_pulp,2023-06-30,Zn,12.870394000000001,,,,,,0.009,,,,,,,2023-06,CRANE & CO INC WWTP
MA0000671,MA,paper_pulp,2023-07-31,Cu,12.113312,,,,,,0.0,,,,,,0.016,2023-07,CRANE & CO INC WWTP
MA0000671,MA,paper_pulp,2023-08-31,Cu,13.248935000000001,,,,,,0.0,,,,,,0.016,2023-08,CRANE & CO INC WWTP
MA0000671,MA,paper_pulp,2023-09-30,Cd,13.627476000000001,,,,,,0.0,,,,,0.0001,,2023-09,CRANE & CO INC WWTP
MA0000671,MA,paper_pulp,2023-09-30,Cu,13.627476000000001,,,,,,0.0,,,,,,0.016,2023-09,CRANE & CO INC WWTP
MA0000671,MA,paper_pulp,2023-09-30,Ni,13.627476000000001,,,,,,0.0,,,,,0.001,,2023-09,CRANE & CO INC WWTP
MA0000671,MA,paper_pulp,2023-09-30,Pb,13.627476000000001,,,,,,0.0,,,,,0.0003,,2023-09,CRANE & CO INC WWTP
MA0000671,MA,paper_pulp,2023-09-30,Zn,13.627476000000001,,,,,,0.006,,,,,,,2023-09,CRANE & CO INC WWTP
MA0000671,MA,paper_pulp,2023-10-31,Cu,13.248935000000001,,,,,,0.0,,,,,,0.016,2023-10,CRANE & CO INC WWTP
MA0000671,MA,paper_pulp,2023-11-30,Cu,12.681123500000002,,,,,,0.0,,,,,,0.016,2023-11,CRANE & CO INC WWTP
MA0000671,MA,paper_pulp,2023-12-31,Cd,6.813738000000001,,,,,,0.0001,,,,,,,2023-12,CRANE & CO INC WWTP
MA0000671,MA,paper_pulp,2023-12-31,Cu,6.813738000000001,,,,,,0.0,,,,,,0.016,2023-12,CRANE & CO INC WWTP
MA0000671,MA,paper_pulp,2023-12-31,Ni,6.813738000000001,,,,,,0.0,,,,,0.001,,2023-12,CRANE & CO INC WWTP
MA0000671,MA,paper_pulp,2023-12-31,Pb,6.813738000000001,,,,,,0.0,,,,,0.0003,,2023-12,CRANE & CO INC WWTP
MA0000671,MA,paper_pulp,2023-12-31,Zn,6.813738000000001,,,,,,0.01,,,,,,,2023-12,CRANE & CO INC WWTP
MA0000671,MA,paper_pulp,2024-01-31,Cu,11.1669595,,,,,,0.0,,,,,,0.016,2024-01,CRANE & CO INC WWTP
MA0000671,MA,paper_pulp,2024-02-29,Cu,11.734770999999999,,,,,,0.0,,,,,,0.016,2024-02,CRANE & CO INC WWTP
MA0000671,MA,paper_pulp,2024-03-31,Cd,12.3025825,,,,,,0.0,,,,,0.0001,,2024-03,CRANE & CO INC WWTP
MA0000671,MA,paper_pulp,2024-03-31,Cu,12.3025825,,,,,,0.0063,,,,,,0.016,2024-03,CRANE & CO INC WWTP
MA0000671,MA,paper_pulp,2024-03-31,Ni,12.3025825,,,,,,0.002,,,,,,,2024-03,CRANE & CO INC WWTP
MA0000671,MA,paper_pulp,2024-03-31,Pb,12.3025825,,,,,,0.0,,,,,0.0003,,2024-03,CRANE & CO INC WWTP
MA0000671,MA,paper_pulp,2024-03-31,Zn,12.3025825,,,,,,0.008,,,,,,,2024-03,CRANE & CO INC WWTP
MA0000671,MA,paper_pulp,2024-04-30,Cu,13.4382055,,,,,,0.0,,,,,,0.016,2024-04,CRANE & CO INC WWTP
MA0000671,MA,paper_pulp,2024-05-31,Cu,12.681123500000002,,,,,,0.0,,,,,,0.016,2024-05,CRANE & CO INC WWTP
MA0000671,MA,paper_pulp,2024-06-30,Cd,13.4382055,,,,,,0.0,,,,,0.0001,,2024-06,CRANE & CO INC WWTP
MA0000671,MA,paper_pulp,2024-06-30,Cu,13.4382055,,,,,,0.0,,,,,,0.016,2024-06,CRANE & CO INC WWTP
MA0000671,MA,paper_pulp,2024-06-30,Ni,13.4382055,,,,,,0.0,,,,,0.001,,2024-06,CRANE & CO INC WWTP
MA0000671,MA,paper_pulp,2024-06-30,Pb,13.4382055,,,,,,0.0,,,,,0.0003,,2024-06,CRANE & CO INC WWTP
MA0000671,MA,paper_pulp,2024-06-30,Zn,13.4382055,,,,,,0.004,,,,,,,2024-06,CRANE & CO INC WWTP
MA0000671,MA,paper_pulp,2024-07-31,Cu,12.870394000000001,,,,,,0.0,,,,,,0.016,2024-07,CRANE & CO INC WWTP
MA0000671,MA,paper_pulp,2024-08-31,Cu,13.816746500000002,,,,,,0.0,,,,,,0.016,2024-08,CRANE & CO INC WWTP
MA0000671,MA,paper_pulp,2024-09-30,Cd,14.9523695,,,,,,0.0003,,,,,,,2024-09,CRANE & CO INC WWTP
MA0000671,MA,paper_pulp,2024-09-30,Cu,14.9523695,,,,,,0.0,,,,,,0.016,2024-09,CRANE & CO INC WWTP
MA0000671,MA,paper_pulp,2024-09-30,Ni,14.9523695,,,,,,0.0,,,,,0.001,,2024-09,CRANE & CO INC WWTP
MA0000671,MA,paper_pulp,2024-09-30,Pb,14.9523695,,,,,,0.0,,,,,0.0003,,2024-09,CRANE & CO INC WWTP
MA0000671,MA,paper_pulp,2024-09-30,Zn,14.9523695,,,,,,0.006,,,,,,,2024-09,CRANE & CO INC WWTP
MA0000671,MA,paper_pulp,2024-10-31,Cu,12.870394000000001,,,,,,0.0,,,,,,0.016,2024-10,CRANE & CO INC WWTP
MA0000671,MA,paper_pulp,2024-11-30,Cu,9.842066,,,,,,0.0,,,,,,0.016,2024-11,CRANE & CO INC WWTP
MA0000671,MA,paper_pulp,2024-12-31,Cd,7.3815495,,,,,,0.0,,,,,0.0001,,2024-12,CRANE & CO INC WWTP
MA0000671,MA,paper_pulp,2024-12-31,Cu,7.3815495,,,,,,0.0,,,,,,0.016,2024-12,CRANE & CO INC WWTP
MA0000671,MA,paper_pulp,2024-12-31,Ni,7.3815495,,,,,,0.0,,,,,0.001,,2024-12,CRANE & CO INC WWTP
MA0000671,MA,paper_pulp,2024-12-31,Pb,7.3815495,,,,,,0.0,,,,,0.0003,,2024-12,CRANE & CO INC WWTP
MA0000671,MA,paper_pulp,2024-12-31,Zn,7.3815495,,,,,,0.004,,,,,,,2024-12,CRANE & CO INC WWTP
MA0003697,MA,textile,2019-01-31,Cd,,,,,,,0.0005,,,,,,,2019-01,BARNHARDT MANUFACTURING CO
MA0003697,MA,textile,2019-01-31,Cu,,,,,,,0.031,,,,,,,2019-01,BARNHARDT MANUFACTURING CO
MA0003697,MA,textile,2019-01-31,EC,,,,,,,2460.0,,,,,,,2019-01,BARNHARDT MANUFACTURING CO
MA0003697,MA,textile,2019-01-31,Ni,,,,,,,0.005,,,,,,,2019-01,BARNHARDT MANUFACTURING CO
MA0003697,MA,textile,2019-01-31,Pb,,,,,,,0.0,,,,,0.0003,,2019-01,BARNHARDT MANUFACTURING CO
MA0003697,MA,textile,2019-01-31,TDS,,,,,,,2100.0,,,,,,,2019-01,BARNHARDT MANUFACTURING CO
MA0003697,MA,textile,2019-01-31,Zn,,,,,,,0.063,,,,,,,2019-01,BARNHARDT MANUFACTURING CO
MA0003697,MA,textile,2019-02-28,Cu,,,,,,,0.027,,,,,,,2019-02,BARNHARDT MANUFACTURING CO
MA0003697,MA,textile,2019-03-31,Cu,,,,,,,0.029,,,,,,,2019-03,BARNHARDT MANUFACTURING CO
MA0003697,MA,textile,2019-04-30,Cd,,,,,,,0.0004,,,,,,,2019-04,BARNHARDT MANUFACTURING CO
MA0003697,MA,textile,2019-04-30,Cu,,,,,,,0.029,,,,,,,2019-04,BARNHARDT MANUFACTURING CO
MA0003697,MA,textile,2019-04-30,EC,,,,,,,2863.0,,,,,,,2019-04,BARNHARDT MANUFACTURING CO
MA0003697,MA,textile,2019-04-30,Ni,,,,,,,0.005,,,,,,,2019-04,BARNHARDT MANUFACTURING CO
MA0003697,MA,textile,2019-04-30,Pb,,,,,,,0.0,,,,,0.0003,,2019-04,BARNHARDT MANUFACTURING CO
MA0003697,MA,textile,2019-04-30,TDS,,,,,,,2600.0,,,,,,,2019-04,BARNHARDT MANUFACTURING CO
MA0003697,MA,textile,2019-04-30,Zn,,,,,,,0.058,,,,,,,2019-04,BARNHARDT MANUFACTURING CO
MA0003697,MA,textile,2019-05-31,Cu,,,,,,,0.03,,,,,,,2019-05,BARNHARDT MANUFACTURING CO
MA0003697,MA,textile,2019-06-30,Cu,,,,,,,0.026,,,,,,,2019-06,BARNHARDT MANUFACTURING CO
MA0003697,MA,textile,2019-07-31,Cd,,,,,,,0.0003,,,,,,,2019-07,BARNHARDT MANUFACTURING CO
MA0003697,MA,textile,2019-07-31,Cu,,,,,,,0.023,,,,,,,2019-07,BARNHARDT MANUFACTURING CO
MA0003697,MA,textile,2019-07-31,EC,,,,,,,2802.0,,,,,,,2019-07,BARNHARDT MANUFACTURING CO
MA0003697,MA,textile,2019-07-31,Ni,,,,,,,0.003,,,,,,,2019-07,BARNHARDT MANUFACTURING CO
MA0003697,MA,textile,2019-07-31,Pb,,,,,,,0.0,,,,,0.0003,,2019-07,BARNHARDT MANUFACTURING CO
MA0003697,MA,textile,2019-07-31,TDS,,,,,,,2100.0,,,,,,,2019-07,BARNHARDT MANUFACTURING CO
MA0003697,MA,textile,2019-07-31,Zn,,,,,,,0.043,,,,,,,2019-07,BARNHARDT MANUFACTURING CO
MA0003697,MA,textile,2019-08-31,Cu,,,,,,,0.021,,,,,,,2019-08,BARNHARDT MANUFACTURING CO
MA0003697,MA,textile,2019-09-30,Cu,,,,,,,0.023,,,,,,,2019-09,BARNHARDT MANUFACTURING CO
MA0003697,MA,textile,2019-10-31,Cd,,,,,,,0.0003,,,,,,,2019-10,BARNHARDT MANUFACTURING CO
MA0003697,MA,textile,2019-10-31,Cu,,,,,,,0.019,,,,,,,2019-10,BARNHARDT MANUFACTURING CO
MA0003697,MA,textile,2019-10-31,EC,,,,,,,2070.0,,,,,,,2019-10,BARNHARDT MANUFACTURING CO
MA0003697,MA,textile,2019-10-31,Ni,,,,,,,0.007,,,,,,,2019-10,BARNHARDT MANUFACTURING CO
MA0003697,MA,textile,2019-10-31,Pb,,,,,,,0.0,,,,,0.0003,,2019-10,BARNHARDT MANUFACTURING CO
MA0003697,MA,textile,2019-10-31,TDS,,,,,,,1100.0,,,,,,,2019-10,BARNHARDT MANUFACTURING CO
MA0003697,MA,textile,2019-10-31,Zn,,,,,,,0.04,,,,,,,2019-10,BARNHARDT MANUFACTURING CO
MA0003697,MA,textile,2019-11-30,Cu,,,,,,,0.024,,,,,,,2019-11,BARNHARDT MANUFACTURING CO
MA0003697,MA,textile,2019-12-31,Cu,,,,,,,0.028,,,,,,,2019-12,BARNHARDT MANUFACTURING CO
MA0003697,MA,textile,2020-01-31,Cd,,,,,,,0.0003,,,,,,,2020-01,BARNHARDT MANUFACTURING CO
MA0003697,MA,textile,2020-01-31,Cu,,,,,,,0.017,,,,,,,2020-01,BARNHARDT MANUFACTURING CO
MA0003697,MA,textile,2020-01-31,EC,,,,,,,2072.0,,,,,,,2020-01,BARNHARDT MANUFACTURING CO
MA0003697,MA,textile,2020-01-31,Ni,,,,,,,0.003,,,,,,,2020-01,BARNHARDT MANUFACTURING CO
MA0003697,MA,textile,2020-01-31,Pb,,,,,,,0.0,,,,,0.0003,,2020-01,BARNHARDT MANUFACTURING CO
MA0003697,MA,textile,2020-01-31,TDS,,,,,,,1400.0,,,,,,,2020-01,BARNHARDT MANUFACTURING CO
MA0003697,MA,textile,2020-01-31,Zn,,,,,,,0.047,,,,,,,2020-01,BARNHARDT MANUFACTURING CO
MA0003697,MA,textile,2020-02-29,Cu,,,,,,,0.02,,,,,,,2020-02,BARNHARDT MANUFACTURING CO
MA0003697,MA,textile,2020-03-31,Cu,,,,,,,0.019,,,,,,,2020-03,BARNHARDT MANUFACTURING CO
MA0003697,MA,textile,2020-04-30,Cd,,,,,,,0.003,,,,,,,2020-04,BARNHARDT MANUFACTURING CO
MA0003697,MA,textile,2020-04-30,Cu,,,,,,,0.021,,,,,,,2020-04,BARNHARDT MANUFACTURING CO
MA0003697,MA,textile,2020-04-30,EC,,,,,,,2780.0,,,,,,,2020-04,BARNHARDT MANUFACTURING CO
MA0003697,MA,textile,2020-04-30,Ni,,,,,,,0.005,,,,,,,2020-04,BARNHARDT MANUFACTURING CO
MA0003697,MA,textile,2020-04-30,Pb,,,,,,,0.001,,,,,,,2020-04,BARNHARDT MANUFACTURING CO
MA0003697,MA,textile,2020-04-30,TDS,,,,,,,1600.0,,,,,,,2020-04,BARNHARDT MANUFACTURING CO
MA0003697,MA,textile,2020-04-30,Zn,,,,,,,0.062,,,,,,,2020-04,BARNHARDT MANUFACTURING CO
MA0003697,MA,textile,2020-05-31,Cu,,,,,,,0.03,,,,,,,2020-05,BARNHARDT MANUFACTURING CO
MA0003697,MA,textile,2020-06-30,Cu,,,,,,,0.037,,,,,,,2020-06,BARNHARDT MANUFACTURING CO
MA0003697,MA,textile,2020-07-31,Cd,,,,,,,0.0002,,,,,,,2020-07,BARNHARDT MANUFACTURING CO
MA0003697,MA,textile,2020-07-31,Cu,,,,,,,0.035,,,,,,,2020-07,BARNHARDT MANUFACTURING CO
MA0003697,MA,textile,2020-07-31,EC,,,,,,,1745.0,,,,,,,2020-07,BARNHARDT MANUFACTURING CO
MA0003697,MA,textile,2020-07-31,Ni,,,,,,,0.002,,,,,,,2020-07,BARNHARDT MANUFACTURING CO
MA0003697,MA,textile,2020-07-31,Pb,,,,,,,0.0009,,,,,,,2020-07,BARNHARDT MANUFACTURING CO
MA0003697,MA,textile,2020-07-31,TDS,,,,,,,840.0,,,,,,,2020-07,BARNHARDT MANUFACTURING CO
MA0003697,MA,textile,2020-07-31,Zn,,,,,,,0.025,,,,,,,2020-07,BARNHARDT MANUFACTURING CO
MA0003697,MA,textile,2020-08-31,Cu,,,,,,,0.031,,,,,,,2020-08,BARNHARDT MANUFACTURING CO
MA0003697,MA,textile,2020-09-30,Cu,,,,,,,0.019,,,,,,,2020-09,BARNHARDT MANUFACTURING CO
MA0003697,MA,textile,2020-10-31,Cd,,,,,,,0.0003,,,,,,,2020-10,BARNHARDT MANUFACTURING CO
MA0003697,MA,textile,2020-10-31,Cu,,,,,,,0.026,,,,,,,2020-10,BARNHARDT MANUFACTURING CO
MA0003697,MA,textile,2020-10-31,EC,,,,,,,2050.0,,,,,,,2020-10,BARNHARDT MANUFACTURING CO
MA0003697,MA,textile,2020-10-31,Ni,,,,,,,0.003,,,,,,,2020-10,BARNHARDT MANUFACTURING CO
MA0003697,MA,textile,2020-10-31,Pb,,,,,,,0.0005,,,,,,,2020-10,BARNHARDT MANUFACTURING CO
MA0003697,MA,textile,2020-10-31,TDS,,,,,,,1400.0,,,,,,,2020-10,BARNHARDT MANUFACTURING CO
MA0003697,MA,textile,2020-10-31,Zn,,,,,,,0.045,,,,,,,2020-10,BARNHARDT MANUFACTURING CO
MA0003697,MA,textile,2020-11-30,Cu,,,,,,,0.033,,,,,,,2020-11,BARNHARDT MANUFACTURING CO
MA0003697,MA,textile,2020-12-31,Cu,,,,,,,0.023,,,,,,,2020-12,BARNHARDT MANUFACTURING CO
MA0003697,MA,textile,2021-01-31,Cd,,,,,,,0.0004,,,,,,,2021-01,BARNHARDT MANUFACTURING CO
MA0003697,MA,textile,2021-01-31,Cu,,,,,,,0.026,,,,,,,2021-01,BARNHARDT MANUFACTURING CO
MA0003697,MA,textile,2021-01-31,EC,,,,,,,1960.0,,,,,,,2021-01,BARNHARDT MANUFACTURING CO
MA0003697,MA,textile,2021-01-31,Ni,,,,,,,0.004,,,,,,,2021-01,BARNHARDT MANUFACTURING CO
MA0003697,MA,textile,2021-01-31,Pb,,,,,,,0.0004,,,,,,,2021-01,BARNHARDT MANUFACTURING CO
MA0003697,MA,textile,2021-01-31,TDS,,,,,,,1100.0,,,,,,,2021-01,BARNHARDT MANUFACTURING CO
MA0003697,MA,textile,2021-01-31,Zn,,,,,,,0.049,,,,,,,2021-01,BARNHARDT MANUFACTURING CO
MA0003697,MA,textile,2021-02-28,Cu,,,,,,,0.022,,,,,,,2021-02,BARNHARDT MANUFACTURING CO
MA0003697,MA,textile,2021-03-31,Cu,,,,,,,0.022,,,,,,,2021-03,BARNHARDT MANUFACTURING CO
MA0003697,MA,textile,2021-04-30,Cd,,,,,,,0.0004,,,,,,,2021-04,BARNHARDT MANUFACTURING CO
MA0003697,MA,textile,2021-04-30,Cu,,,,,,,0.028,,,,,,,2021-04,BARNHARDT MANUFACTURING CO
MA0003697,MA,textile,2021-04-30,EC,,,,,,,2012.0,,,,,,,2021-04,BARNHARDT MANUFACTURING CO
MA0003697,MA,textile,2021-04-30,Ni,,,,,,,0.0,,,,,0.001,,2021-04,BARNHARDT MANUFACTURING CO
MA0003697,MA,textile,2021-04-30,Pb,,,,,,,0.0006,,,,,,,2021-04,BARNHARDT MANUFACTURING CO
MA0003697,MA,textile,2021-04-30,TDS,,,,,,,1400.0,,,,,,,2021-04,BARNHARDT MANUFACTURING CO
MA0003697,MA,textile,2021-04-30,Zn,,,,,,,0.003,,,,,,,2021-04,BARNHARDT MANUFACTURING CO
MA0003697,MA,textile,2021-05-31,Cu,,,,,,,0.028,,,,,,,2021-05,BARNHARDT MANUFACTURING CO
MA0003697,MA,textile,2021-06-30,Cu,,,,,,,0.03,,,,,,,2021-06,BARNHARDT MANUFACTURING CO
MA0003697,MA,textile,2021-07-31,Cd,,,,,,,0.0003,,,,,,,2021-07,BARNHARDT MANUFACTURING CO
MA0003697,MA,textile,2021-07-31,Cu,,,,,,,0.027,,,,,,,2021-07,BARNHARDT MANUFACTURING CO
MA0003697,MA,textile,2021-07-31,EC,,,,,,,1695.0,,,,,,,2021-07,BARNHARDT MANUFACTURING CO
MA0003697,MA,textile,2021-07-31,Ni,,,,,,,0.004,,,,,,,2021-07,BARNHARDT MANUFACTURING CO
MA0003697,MA,textile,2021-07-31,Pb,,,,,,,0.0003,,,,,,,2021-07,BARNHARDT MANUFACTURING CO
MA0003697,MA,textile,2021-07-31,TDS,,,,,,,1300.0,,,,,,,2021-07,BARNHARDT MANUFACTURING CO
MA0003697,MA,textile,2021-07-31,Zn,,,,,,,0.043,,,,,,,2021-07,BARNHARDT MANUFACTURING CO
MA0003697,MA,textile,2021-08-31,Cu,,,,,,,0.029,,,,,,,2021-08,BARNHARDT MANUFACTURING CO
MA0003697,MA,textile,2021-09-30,Cu,,,,,,,0.027,,,,,,,2021-09,BARNHARDT MANUFACTURING CO
MA0003697,MA,textile,2021-10-31,Cd,,,,,,,0.0003,,,,,,,2021-10,BARNHARDT MANUFACTURING CO
MA0003697,MA,textile,2021-10-31,Cu,,,,,,,0.02,,,,,,,2021-10,BARNHARDT MANUFACTURING CO
MA0003697,MA,textile,2021-10-31,EC,,,,,,,1540.0,,,,,,,2021-10,BARNHARDT MANUFACTURING CO
MA0003697,MA,textile,2021-10-31,Ni,,,,,,,0.003,,,,,,,2021-10,BARNHARDT MANUFACTURING CO
MA0003697,MA,textile,2021-10-31,Pb,,,,,,,0.0011,,,,,,,2021-10,BARNHARDT MANUFACTURING CO
MA0003697,MA,textile,2021-10-31,TDS,,,,,,,1000.0,,,,,,,2021-10,BARNHARDT MANUFACTURING CO
MA0003697,MA,textile,2021-10-31,Zn,,,,,,,0.043,,,,,,,2021-10,BARNHARDT MANUFACTURING CO
MA0003697,MA,textile,2021-11-30,Cu,,,,,,,0.025,,,,,,,2021-11,BARNHARDT MANUFACTURING CO
MA0003697,MA,textile,2021-12-31,Cu,,,,,,,0.024,,,,,,,2021-12,BARNHARDT MANUFACTURING CO
MA0003697,MA,textile,2022-01-31,Cd,,,,,,,0.0003,,,,,,,2022-01,BARNHARDT MANUFACTURING CO
MA0003697,MA,textile,2022-01-31,Cu,,,,,,,0.026,,,,,,,2022-01,BARNHARDT MANUFACTURING CO
MA0003697,MA,textile,2022-01-31,EC,,,,,,,1520.0,,,,,,,2022-01,BARNHARDT MANUFACTURING CO
MA0003697,MA,textile,2022-01-31,Ni,,,,,,,0.002,,,,,,,2022-01,BARNHARDT MANUFACTURING CO
MA0003697,MA,textile,2022-01-31,Pb,,,,,,,0.0006,,,,,,,2022-01,BARNHARDT MANUFACTURING CO
MA0003697,MA,textile,2022-01-31,TDS,,,,,,,940.0,,,,,,,2022-01,BARNHARDT MANUFACTURING CO
MA0003697,MA,textile,2022-01-31,Zn,,,,,,,0.047,,,,,,,2022-01,BARNHARDT MANUFACTURING CO
MA0003697,MA,textile,2022-02-28,Cu,,,,,,,0.026,,,,,,,2022-02,BARNHARDT MANUFACTURING CO
MA0003697,MA,textile,2022-03-31,Cu,,,,,,,0.023,,,,,,,2022-03,BARNHARDT MANUFACTURING CO
MA0003697,MA,textile,2022-04-30,Cd,,,,,,,0.0004,,,,,,,2022-04,BARNHARDT MANUFACTURING CO
MA0003697,MA,textile,2022-04-30,Cu,,,,,,,3e-08,,,,,,,2022-04,BARNHARDT MANUFACTURING CO
MA0003697,MA,textile,2022-04-30,EC,,,,,,,1640.0,,,,,,,2022-04,BARNHARDT MANUFACTURING CO
MA0003697,MA,textile,2022-04-30,Ni,,,,,,,0.003,,,,,,,2022-04,BARNHARDT MANUFACTURING CO
MA0003697,MA,textile,2022-04-30,Pb,,,,,,,0.001,,,,,,,2022-04,BARNHARDT MANUFACTURING CO
MA0003697,MA,textile,2022-04-30,TDS,,,,,,,1000.0,,,,,,,2022-04,BARNHARDT MANUFACTURING CO
MA0003697,MA,textile,2022-04-30,Zn,,,,,,,0.063,,,,,,,2022-04,BARNHARDT MANUFACTURING CO
MA0003697,MA,textile,2022-05-31,Cu,,,,,,,0.027,,,,,,,2022-05,BARNHARDT MANUFACTURING CO
MA0003697,MA,textile,2022-06-30,Cu,,,,,,,0.028,,,,,,,2022-06,BARNHARDT MANUFACTURING CO
MA0003697,MA,textile,2022-07-31,Cd,,,,,,,0.0002,,,,,,,2022-07,BARNHARDT MANUFACTURING CO
MA0003697,MA,textile,2022-07-31,Cu,,,,,,,0.027,,,,,,,2022-07,BARNHARDT MANUFACTURING CO
MA0003697,MA,textile,2022-07-31,EC,,,,,,,1760.0,,,,,,,2022-07,BARNHARDT MANUFACTURING CO
MA0003697,MA,textile,2022-07-31,Ni,,,,,,,0.003,,,,,,,2022-07,BARNHARDT MANUFACTURING CO
MA0003697,MA,textile,2022-07-31,Pb,,,,,,,0.0019,,,,,,,2022-07,BARNHARDT MANUFACTURING CO
MA0003697,MA,textile,2022-07-31,TDS,,,,,,,1100.0,,,,,,,2022-07,BARNHARDT MANUFACTURING CO
MA0003697,MA,textile,2022-07-31,Zn,,,,,,,0.064,,,,,,,2022-07,BARNHARDT MANUFACTURING CO
MA0003697,MA,textile,2022-08-31,Cu,,,,,,,0.029,,,,,,,2022-08,BARNHARDT MANUFACTURING CO
MA0003697,MA,textile,2022-09-30,Cu,,,,,,,0.026,,,,,,,2022-09,BARNHARDT MANUFACTURING CO
MA0003697,MA,textile,2022-10-31,Cd,,,,,,,0.0003,,,,,,,2022-10,BARNHARDT MANUFACTURING CO
MA0003697,MA,textile,2022-10-31,Cu,,,,,,,0.026,,,,,,,2022-10,BARNHARDT MANUFACTURING CO
MA0003697,MA,textile,2022-10-31,EC,,,,,,,1470.0,,,,,,,2022-10,BARNHARDT MANUFACTURING CO
MA0003697,MA,textile,2022-10-31,Ni,,,,,,,0.003,,,,,,,2022-10,BARNHARDT MANUFACTURING CO
MA0003697,MA,textile,2022-10-31,Pb,,,,,,,0.0008,,,,,,,2022-10,BARNHARDT MANUFACTURING CO
MA0003697,MA,textile,2022-10-31,TDS,,,,,,,980.0,,,,,,,2022-10,BARNHARDT MANUFACTURING CO
MA0003697,MA,textile,2022-10-31,Zn,,,,,,,0.041,,,,,,,2022-10,BARNHARDT MANUFACTURING CO
MA0003697,MA,textile,2022-11-30,Cu,,,,,,,0.033,,,,,,,2022-11,BARNHARDT MANUFACTURING CO
MA0003697,MA,textile,2022-12-31,Cu,,,,,,,0.022,,,,,,,2022-12,BARNHARDT MANUFACTURING CO
MA0003697,MA,textile,2023-01-31,Cd,,,,,,,0.0002,,,,,,,2023-01,BARNHARDT MANUFACTURING CO
MA0003697,MA,textile,2023-01-31,Cu,,,,,,,0.021,,,,,,,2023-01,BARNHARDT MANUFACTURING CO
MA0003697,MA,textile,2023-01-31,EC,,,,,,,1220.0,,,,,,,2023-01,BARNHARDT MANUFACTURING CO
MA0003697,MA,textile,2023-01-31,Ni,,,,,,,0.002,,,,,,,2023-01,BARNHARDT MANUFACTURING CO
MA0003697,MA,textile,2023-01-31,Pb,,,,,,,0.0,,,,,0.0003,,2023-01,BARNHARDT MANUFACTURING CO
MA0003697,MA,textile,2023-01-31,TDS,,,,,,,780.0,,,,,,,2023-01,BARNHARDT MANUFACTURING CO
MA0003697,MA,textile,2023-01-31,Zn,,,,,,,0.037,,,,,,,2023-01,BARNHARDT MANUFACTURING CO
MA0003697,MA,textile,2023-02-28,Cu,,,,,,,0.018,,,,,,0.022,2023-02,BARNHARDT MANUFACTURING CO
MA0003697,MA,textile,2023-03-31,Cu,,,,,,,0.012,,,,,,0.022,2023-03,BARNHARDT MANUFACTURING CO
MA0003697,MA,textile,2023-04-30,Cu,,,,,,,0.01733,,,,,,0.022,2023-04,BARNHARDT MANUFACTURING CO
MA0003697,MA,textile,2023-05-31,Cu,,,,,,,0.031,,,,,,0.022,2023-05,BARNHARDT MANUFACTURING CO
MA0003697,MA,textile,2023-06-30,Cu,,,,,,,0.041,,,,,,0.022,2023-06,BARNHARDT MANUFACTURING CO
MI0000027,MI,paper_pulp,2023-11-30,BOD,45.74667985,,,,,,8.0,,,,,,,2023-11,BILLERUD ESCANABA LLC
MI0000027,MI,paper_pulp,2023-11-30,TSS,45.74667985,,,,,,6.3,,,,,,,2023-11,BILLERUD ESCANABA LLC
MI0000027,MI,paper_pulp,2023-12-31,BOD,59.22273945,,,,,,6.1,,,,,,,2023-12,BILLERUD ESCANABA LLC
MI0000027,MI,paper_pulp,2023-12-31,TSS,59.22273945,,,,,,8.5,,,,,,,2023-12,BILLERUD ESCANABA LLC
MI0000027,MI,paper_pulp,2024-01-31,BOD,59.970357925,,,,,,5.6,,,,,,,2024-01,BILLERUD ESCANABA LLC
MI0000027,MI,paper_pulp,2024-01-31,TSS,59.970357925,,,,,,8.0,,,,,,,2024-01,BILLERUD ESCANABA LLC
MI0000027,MI,paper_pulp,2024-02-29,BOD,60.046066125,,,,,,5.6,,,,,,,2024-02,BILLERUD ESCANABA LLC
MI0000027,MI,paper_pulp,2024-02-29,TSS,60.046066125,,,,,,8.0,,,,,,,2024-02,BILLERUD ESCANABA LLC
MI0000027,MI,paper_pulp,2024-03-31,BOD,60.613877625,,,,,,17.8,,,,,,,2024-03,BILLERUD ESCANABA LLC
MI0000027,MI,paper_pulp,2024-03-31,TSS,60.613877625,,,,,,39.0,,,,,,,2024-03,BILLERUD ESCANABA LLC
MI0000027,MI,paper_pulp,2024-04-30,BOD,64.16269950000002,,,,,,9.3,,,,,,,2024-04,BILLERUD ESCANABA LLC
MI0000027,MI,paper_pulp,2024-04-30,TSS,64.16269950000002,,,,,,11.4,,,,,,,2024-04,BILLERUD ESCANABA LLC
MI0000027,MI,paper_pulp,2024-05-31,BOD,65.99862335,,,,,,8.3,,,,,,,2024-05,BILLERUD ESCANABA LLC
MI0000027,MI,paper_pulp,2024-05-31,TSS,65.99862335,,,,,,8.0,,,,,,,2024-05,BILLERUD ESCANABA LLC
MI0000027,MI,paper_pulp,2024-06-30,TSS,62.44033794999999,,,,,,7.6,,,,,,,2024-06,BILLERUD ESCANABA LLC
MI0000027,MI,paper_pulp,2024-07-31,TSS,50.364880050000004,,,,,,6.3,,,,,,,2024-07,BILLERUD ESCANABA LLC
MI0000027,MI,paper_pulp,2024-08-31,TSS,68.57270215000001,,,,,,5.8,,,,,,,2024-08,BILLERUD ESCANABA LLC
MI0000027,MI,paper_pulp,2024-09-30,TSS,71.118390375,,,,,,6.8,,,,,,,2024-09,BILLERUD ESCANABA LLC
MI0000027,MI,paper_pulp,2024-10-31,BOD,66.244675,,,,,,5.1,,,,,,,2024-10,BILLERUD ESCANABA LLC
MI0000027,MI,paper_pulp,2024-10-31,TSS,66.244675,,,,,,8.1,,,,,,,2024-10,BILLERUD ESCANABA LLC
MI0000027,MI,paper_pulp,2024-11-30,BOD,68.506457475,,,,,,5.0,,,,,,,2024-11,BILLERUD ESCANABA LLC
MI0000027,MI,paper_pulp,2024-11-30,TSS,68.506457475,,,,,,7.2,,,,,,,2024-11,BILLERUD ESCANABA LLC
MI0000027,MI,paper_pulp,2024-12-31,BOD,63.973428999999996,,,,,,8.3,,,,,,,2024-12,BILLERUD ESCANABA LLC
MI0000027,MI,paper_pulp,2024-12-31,TSS,63.973428999999996,,,,,,15.0,,,,,,,2024-12,BILLERUD ESCANABA LLC
MO0136221,MO,tannery,2019-03-31,COD,,,,,,,69.2,,,,,,,2019-03,NATIONAL BEEF LEATHERS
MO0136221,MO,tannery,2019-03-31,Cr,,,,,,,4.6e-05,,,,,,,2019-03,NATIONAL BEEF LEATHERS
MO0136221,MO,tannery,2019-03-31,Cu,,,,,,,0.0,,,,,0.01,,2019-03,NATIONAL BEEF LEATHERS
MO0136221,MO,tannery,2019-03-31,Fe,,,,,,,1.36000006,,,,,,,2019-03,NATIONAL BEEF LEATHERS
MO0136221,MO,tannery,2019-03-31,TSS,,,,,,,57.0,,,,,,100.0,2019-03,NATIONAL BEEF LEATHERS
MO0136221,MO,tannery,2019-03-31,Zn,,,,,,,0.0824,,,,,,,2019-03,NATIONAL BEEF LEATHERS
MO0136221,MO,tannery,2019-06-30,COD,,,,,,,43.7,,,,,,,2019-06,NATIONAL BEEF LEATHERS
MO0136221,MO,tannery,2019-06-30,Cr,,,,,,,0.044,,,,,,,2019-06,NATIONAL BEEF LEATHERS
MO0136221,MO,tannery,2019-06-30,Cu,,,,,,,0.01,,,,,,,2019-06,NATIONAL BEEF LEATHERS
MO0136221,MO,tannery,2019-06-30,Fe,,,,,,,1.38000007,,,,,,,2019-06,NATIONAL BEEF LEATHERS
MO0136221,MO,tannery,2019-06-30,TSS,,,,,,,43.2,,,,,,100.0,2019-06,NATIONAL BEEF LEATHERS
MO0136221,MO,tannery,2019-06-30,Zn,,,,,,,0.0626,,,,,,,2019-06,NATIONAL BEEF LEATHERS
MO0136221,MO,tannery,2019-09-30,COD,,,,,,,31.5,,,,,,,2019-09,NATIONAL BEEF LEATHERS
MO0136221,MO,tannery,2019-09-30,Cr,,,,,,,2.6e-05,,,,,,,2019-09,NATIONAL BEEF LEATHERS
MO0136221,MO,tannery,2019-09-30,Cu,,,,,,,0.01,,,,,,,2019-09,NATIONAL BEEF LEATHERS
MO0136221,MO,tannery,2019-09-30,Fe,,,,,,,1.04000005,,,,,,,2019-09,NATIONAL BEEF LEATHERS
MO0136221,MO,tannery,2019-09-30,TSS,,,,,,,50.0,,,,,,100.0,2019-09,NATIONAL BEEF LEATHERS
MO0136221,MO,tannery,2019-09-30,Zn,,,,,,,0.05,,,,,,,2019-09,NATIONAL BEEF LEATHERS
MO0136221,MO,tannery,2020-03-31,COD,,,,,,,59.2,,,,,,,2020-03,NATIONAL BEEF LEATHERS
MO0136221,MO,tannery,2020-03-31,Cr,,,,,,,0.066,,,,,,,2020-03,NATIONAL BEEF LEATHERS
MO0136221,MO,tannery,2020-03-31,Cu,,,,,,,0.01,,,,,,,2020-03,NATIONAL BEEF LEATHERS
MO0136221,MO,tannery,2020-03-31,Fe,,,,,,,1.79000009,,,,,,,2020-03,NATIONAL BEEF LEATHERS
MO0136221,MO,tannery,2020-03-31,TSS,,,,,,,63.5,,,,,,100.0,2020-03,NATIONAL BEEF LEATHERS
MO0136221,MO,tannery,2020-03-31,Zn,,,,,,,0.12000001,,,,,,,2020-03,NATIONAL BEEF LEATHERS
MO0136221,MO,tannery,2020-06-30,COD,,,,,,,45.7,,,,,,,2020-06,NATIONAL BEEF LEATHERS
MO0136221,MO,tannery,2020-06-30,Cr,,,,,,,2e-05,,,,,,,2020-06,NATIONAL BEEF LEATHERS
MO0136221,MO,tannery,2020-06-30,Cu,,,,,,,0.01,,,,,,,2020-06,NATIONAL BEEF LEATHERS
MO0136221,MO,tannery,2020-06-30,Fe,,,,,,,0.58000003,,,,,,,2020-06,NATIONAL BEEF LEATHERS
MO0136221,MO,tannery,2020-06-30,TSS,,,,,,,14.0,,,,,,100.0,2020-06,NATIONAL BEEF LEATHERS
MO0136221,MO,tannery,2020-06-30,Zn,,,,,,,0.0668,,,,,,,2020-06,NATIONAL BEEF LEATHERS
MO0136221,MO,tannery,2020-09-30,COD,,,,,,,28.9,,,,,,,2020-09,NATIONAL BEEF LEATHERS
MO0136221,MO,tannery,2020-09-30,Cr,,,,,,,0.023,,,,,,,2020-09,NATIONAL BEEF LEATHERS
MO0136221,MO,tannery,2020-09-30,Cu,,,,,,,0.01,,,,,,,2020-09,NATIONAL BEEF LEATHERS
MO0136221,MO,tannery,2020-09-30,Fe,,,,,,,1.38000007,,,,,,,2020-09,NATIONAL BEEF LEATHERS
MO0136221,MO,tannery,2020-09-30,TSS,,,,,,,32.1,,,,,,100.0,2020-09,NATIONAL BEEF LEATHERS
MO0136221,MO,tannery,2020-09-30,Zn,,,,,,,0.05,,,,,,,2020-09,NATIONAL BEEF LEATHERS
MO0136221,MO,tannery,2020-12-31,COD,,,,,,,44.5,,,,,,,2020-12,NATIONAL BEEF LEATHERS
MO0136221,MO,tannery,2020-12-31,Cr,,,,,,,0.025,,,,,,,2020-12,NATIONAL BEEF LEATHERS
MO0136221,MO,tannery,2020-12-31,Cu,,,,,,,0.01,,,,,,,2020-12,NATIONAL BEEF LEATHERS
MO0136221,MO,tannery,2020-12-31,Fe,,,,,,,0.51600002,,,,,,,2020-12,NATIONAL BEEF LEATHERS
MO0136221,MO,tannery,2020-12-31,TSS,,,,,,,16.0,,,,,,100.0,2020-12,NATIONAL BEEF LEATHERS
MO0136221,MO,tannery,2020-12-31,Zn,,,,,,,0.0769,,,,,,,2020-12,NATIONAL BEEF LEATHERS
MO0136221,MO,tannery,2021-06-30,COD,,,,,,,64.1,,,,,,,2021-06,NATIONAL BEEF LEATHERS
MO0136221,MO,tannery,2021-06-30,Cr,,,,,,,59.80000284,,,,,,,2021-06,NATIONAL BEEF LEATHERS
MO0136221,MO,tannery,2021-06-30,Cu,,,,,,,0.01,,,,,,,2021-06,NATIONAL BEEF LEATHERS
MO0136221,MO,tannery,2021-06-30,Fe,,,,,,,0.96500005,,,,,,,2021-06,NATIONAL BEEF LEATHERS
MO0136221,MO,tannery,2021-06-30,TSS,,,,,,,27.7,,,,,,100.0,2021-06,NATIONAL BEEF LEATHERS
MO0136221,MO,tannery,2021-06-30,Zn,,,,,,,0.0872,,,,,,,2021-06,NATIONAL BEEF LEATHERS
MO0136221,MO,tannery,2021-09-30,COD,,,,,,,53.7,,,,,,,2021-09,NATIONAL BEEF LEATHERS
MO0136221,MO,tannery,2021-09-30,Cr,,,,,,,0.01,,,,,,,2021-09,NATIONAL BEEF LEATHERS
MO0136221,MO,tannery,2021-09-30,Cu,,,,,,,0.03,,,,,,,2021-09,NATIONAL BEEF LEATHERS
MO0136221,MO,tannery,2021-09-30,Fe,,,,,,,0.47800002,,,,,,,2021-09,NATIONAL BEEF LEATHERS
MO0136221,MO,tannery,2021-09-30,TSS,,,,,,,24.2,,,,,,100.0,2021-09,NATIONAL BEEF LEATHERS
MO0136221,MO,tannery,2021-09-30,Zn,,,,,,,0.15000001,,,,,,,2021-09,NATIONAL BEEF LEATHERS
MO0136221,MO,tannery,2022-03-31,COD,,,,,,,35.8,,,,,,,2022-03,NATIONAL BEEF LEATHERS
MO0136221,MO,tannery,2022-03-31,Cr,,,,,,,0.011,,,,,,,2022-03,NATIONAL BEEF LEATHERS
MO0136221,MO,tannery,2022-03-31,Cu,,,,,,,0.01,,,,,,,2022-03,NATIONAL BEEF LEATHERS
MO0136221,MO,tannery,2022-03-31,Fe,,,,,,,0.29000001,,,,,,,2022-03,NATIONAL BEEF LEATHERS
MO0136221,MO,tannery,2022-03-31,TSS,,,,,,,10.9,,,,,,100.0,2022-03,NATIONAL BEEF LEATHERS
MO0136221,MO,tannery,2022-03-31,Zn,,,,,,,0.05,,,,,,,2022-03,NATIONAL BEEF LEATHERS
MO0136221,MO,tannery,2022-09-30,COD,,,,,,,49.6,,,,,,,2022-09,NATIONAL BEEF LEATHERS
MO0136221,MO,tannery,2022-09-30,Cr,,,,,,,0.081,,,,,,,2022-09,NATIONAL BEEF LEATHERS
MO0136221,MO,tannery,2022-09-30,Cu,,,,,,,0.03,,,,,,,2022-09,NATIONAL BEEF LEATHERS
MO0136221,MO,tannery,2022-09-30,Fe,,,,,,,3.14000015,,,,,,,2022-09,NATIONAL BEEF LEATHERS
MO0136221,MO,tannery,2022-09-30,TSS,,,,,,,59.5,,,,,,100.0,2022-09,NATIONAL BEEF LEATHERS
MO0136221,MO,tannery,2022-09-30,Zn,,,,,,,0.15000001,,,,,,,2022-09,NATIONAL BEEF LEATHERS
MO0136221,MO,tannery,2022-12-31,COD,,,,,,,59.2,,,,,,,2022-12,NATIONAL BEEF LEATHERS
MO0136221,MO,tannery,2022-12-31,Cr,,,,,,,0.025,,,,,,,2022-12,NATIONAL BEEF LEATHERS
MO0136221,MO,tannery,2022-12-31,Cu,,,,,,,0.01,,,,,,,2022-12,NATIONAL BEEF LEATHERS
MO0136221,MO,tannery,2022-12-31,Fe,,,,,,,1.66000008,,,,,,,2022-12,NATIONAL BEEF LEATHERS
MO0136221,MO,tannery,2022-12-31,TSS,,,,,,,36.0,,,,,,100.0,2022-12,NATIONAL BEEF LEATHERS
MO0136221,MO,tannery,2022-12-31,Zn,,,,,,,0.05,,,,,,,2022-12,NATIONAL BEEF LEATHERS
MO0136221,MO,tannery,2023-03-31,COD,,,,,,,42.5,,,,,,,2023-03,NATIONAL BEEF LEATHERS
MO0136221,MO,tannery,2023-03-31,Cr,,,,,,,0.07,,,,,,,2023-03,NATIONAL BEEF LEATHERS
MO0136221,MO,tannery,2023-03-31,Cu,,,,,,,0.01,,,,,,,2023-03,NATIONAL BEEF LEATHERS
MO0136221,MO,tannery,2023-03-31,Fe,,,,,,,2.0500001,,,,,,,2023-03,NATIONAL BEEF LEATHERS
MO0136221,MO,tannery,2023-03-31,TSS,,,,,,,70.7,,,,,,100.0,2023-03,NATIONAL BEEF LEATHERS
MO0136221,MO,tannery,2023-03-31,Zn,,,,,,,0.38600002,,,,,,,2023-03,NATIONAL BEEF LEATHERS
MO0136221,MO,tannery,2023-09-30,COD,,,,,,,62.5,,,,,,,2023-09,NATIONAL BEEF LEATHERS
MO0136221,MO,tannery,2023-09-30,Cr,,,,,,,0.0218,,,,,,,2023-09,NATIONAL BEEF LEATHERS
MO0136221,MO,tannery,2023-09-30,Cu,,,,,,,0.03,,,,,,,2023-09,NATIONAL BEEF LEATHERS
MO0136221,MO,tannery,2023-09-30,Fe,,,,,,,1.46000007,,,,,,,2023-09,NATIONAL BEEF LEATHERS
MO0136221,MO,tannery,2023-09-30,TSS,,,,,,,33.8,,,,,,100.0,2023-09,NATIONAL BEEF LEATHERS
MO0136221,MO,tannery,2023-09-30,Zn,,,,,,,0.15000001,,,,,,,2023-09,NATIONAL BEEF LEATHERS
MO0136221,MO,tannery,2024-06-30,COD,,,,,,,40.5,,,,,,,2024-06,NATIONAL BEEF LEATHERS
MO0136221,MO,tannery,2024-06-30,Cr,,,,,,,0.044,,,,,,,2024-06,NATIONAL BEEF LEATHERS
MO0136221,MO,tannery,2024-06-30,Cu,,,,,,,0.01,,,,,,,2024-06,NATIONAL BEEF LEATHERS
MO0136221,MO,tannery,2024-06-30,Fe,,,,,,,2.59000012,,,,,,,2024-06,NATIONAL BEEF LEATHERS
MO0136221,MO,tannery,2024-06-30,TSS,,,,,,,122.0,,,,,,100.0,2024-06,NATIONAL BEEF LEATHERS
MO0136221,MO,tannery,2024-06-30,Zn,,,,,,,0.0778,,,,,,,2024-06,NATIONAL BEEF LEATHERS
MO0136221,MO,tannery,2024-12-31,COD,,,,,,,89.6,,,,,,,2024-12,NATIONAL BEEF LEATHERS
MO0136221,MO,tannery,2024-12-31,Cr,,,,,,,0.01,,,,,,,2024-12,NATIONAL BEEF LEATHERS
MO0136221,MO,tannery,2024-12-31,Cu,,,,,,,0.0298,,,,,,,2024-12,NATIONAL BEEF LEATHERS
MO0136221,MO,tannery,2024-12-31,Fe,,,,,,,9.98000047,,,,,,,2024-12,NATIONAL BEEF LEATHERS
MO0136221,MO,tannery,2024-12-31,TSS,,,,,,,535.0,,,,,,100.0,2024-12,NATIONAL BEEF LEATHERS
MO0136221,MO,tannery,2024-12-31,Zn,,,,,,,0.0362,,,,,,,2024-12,NATIONAL BEEF LEATHERS
MS0033057,MS,paper_pulp,2024-12-31,BOD,3.9561698451000002,,,,,,60.0,,,,,,15.0,2024-12,"COMPLETE PAPER WIGGINS LLC, BIORGIN SPECIALTY PRODUCTS, WIGGINS MIL"
MS0033057,MS,paper_pulp,2024-12-31,TSS,3.9561698451000002,,,,,,27.0,,,,,,44.0,2024-12,"COMPLETE PAPER WIGGINS LLC, BIORGIN SPECIALTY PRODUCTS, WIGGINS MIL"
MS0033057,MS,paper_pulp,2024-12-31,Zn,3.9561698451000002,,,,,,0.028,,,,,,0.0636,2024-12,"COMPLETE PAPER WIGGINS LLC, BIORGIN SPECIALTY PRODUCTS, WIGGINS MIL"
NC0000680,NC,paper_pulp,2019-01-31,DO,97.95215242233333,,,,,,10.9,10.5,10.3,,,,,2019-01,"DOMTAR PAPER COMPANY, LLC"
NC0000680,NC,paper_pulp,2019-01-31,EC,97.95215242233333,,,,,,,73.0,77.0,,,,,2019-01,"DOMTAR PAPER COMPANY, LLC"
NC0000680,NC,paper_pulp,2019-02-28,DO,68.691564024,,,,,,9.7,10.8,11.2,,,,,2019-02,"DOMTAR PAPER COMPANY, LLC"
NC0000680,NC,paper_pulp,2019-02-28,EC,68.691564024,,,,,,,81.0,88.0,,,,,2019-02,"DOMTAR PAPER COMPANY, LLC"
NC0000680,NC,paper_pulp,2019-03-31,DO,81.1213363,,,,,,9.6,10.2,10.8,,,,,2019-03,"DOMTAR PAPER COMPANY, LLC"
NC0000680,NC,paper_pulp,2019-03-31,EC,81.1213363,,,,,,,83.0,92.0,,,,,2019-03,"DOMTAR PAPER COMPANY, LLC"
NC0000680,NC,paper_pulp,2019-04-30,DO,106.89152431766668,,,,,,10.5,10.2,10.1,,,,,2019-04,"DOMTAR PAPER COMPANY, LLC"
NC0000680,NC,paper_pulp,2019-04-30,EC,106.89152431766668,,,,,,,88.0,99.0,,,,,2019-04,"DOMTAR PAPER COMPANY, LLC"
NC0000680,NC,paper_pulp,2019-05-31,DO,96.24783466000001,,,,,,6.3,6.3,6.1,,,,,2019-05,"DOMTAR PAPER COMPANY, LLC"
NC0000680,NC,paper_pulp,2019-05-31,EC,96.24783466000001,,,,,,,110.0,126.0,,,,,2019-05,"DOMTAR PAPER COMPANY, LLC"
NC0000680,NC,paper_pulp,2019-06-30,DO,61.76098303533334,,,,,,8.3,6.0,6.0,,,,,2019-06,"DOMTAR PAPER COMPANY, LLC"
NC0000680,NC,paper_pulp,2019-06-30,EC,61.76098303533334,,,,,,,101.0,122.0,,,,,2019-06,"DOMTAR PAPER COMPANY, LLC"
NC0000680,NC,paper_pulp,2019-07-31,DO,111.24827886700001,,,,,,6.0,6.3,6.5,,,,,2019-07,"DOMTAR PAPER COMPANY, LLC"
NC0000680,NC,paper_pulp,2019-07-31,EC,111.24827886700001,,,,,,,108.0,147.0,,,,,2019-07,"DOMTAR PAPER COMPANY, LLC"
NC0000680,NC,paper_pulp,2019-08-31,DO,89.09959259633334,,,,,,6.6,6.5,6.6,,,,,2019-08,"DOMTAR PAPER COMPANY, LLC"
NC0000680,NC,paper_pulp,2019-08-31,EC,89.09959259633334,,,,,,,115.0,168.0,,,,,2019-08,"DOMTAR PAPER COMPANY, LLC"
NC0000680,NC,paper_pulp,2019-09-30,DO,118.4706518765,,,,,,6.9,6.7,6.6,,,,,2019-09,"DOMTAR PAPER COMPANY, LLC"
NC0000680,NC,paper_pulp,2019-09-30,EC,118.4706518765,,,,,,,118.0,150.0,,,,,2019-09,"DOMTAR PAPER COMPANY, LLC"
NC0000680,NC,paper_pulp,2019-10-31,DO,105.0267682615,,,,,,8.5,7.1,7.2,,,,,2019-10,"DOMTAR PAPER COMPANY, LLC"
NC0000680,NC,paper_pulp,2019-10-31,EC,105.0267682615,,,,,,,183.0,217.0,,,,,2019-10,"DOMTAR PAPER COMPANY, LLC"
NC0000680,NC,paper_pulp,2019-11-30,DO,127.0446055265,,,,,,12.2,8.0,8.0,,,,,2019-11,"DOMTAR PAPER COMPANY, LLC"
NC0000680,NC,paper_pulp,2019-11-30,EC,127.0446055265,,,,,,,102.0,113.0,,,,,2019-11,"DOMTAR PAPER COMPANY, LLC"
NC0000680,NC,paper_pulp,2019-12-31,DO,98.756425867,,,,,,9.8,10.5,10.4,,,,,2019-12,"DOMTAR PAPER COMPANY, LLC"
NC0000680,NC,paper_pulp,2019-12-31,EC,98.756425867,,,,,,,105.0,126.0,,,,,2019-12,"DOMTAR PAPER COMPANY, LLC"
NC0000680,NC,paper_pulp,2020-01-31,DO,107.07202528450001,,,,,,10.0,10.8,10.8,,,,,2020-01,"DOMTAR PAPER COMPANY, LLC"
NC0000680,NC,paper_pulp,2020-01-31,EC,107.07202528450001,,,,,,,105.0,118.0,,,,,2020-01,"DOMTAR PAPER COMPANY, LLC"
NC0000680,NC,paper_pulp,2020-02-29,DO,116.94304967100001,,,,,,10.6,10.1,9.9,,,,,2020-02,"DOMTAR PAPER COMPANY, LLC"
NC0000680,NC,paper_pulp,2020-02-29,EC,116.94304967100001,,,,,,,86.0,89.0,,,,,2020-02,"DOMTAR PAPER COMPANY, LLC"
NC0000680,NC,paper_pulp,2020-04-30,DO,62.820897835333334,,,,,,8.8,8.5,8.3,,,,,2020-04,"DOMTAR PAPER COMPANY, LLC"
NC0000680,NC,paper_pulp,2020-04-30,EC,62.820897835333334,,,,,,,91.0,105.0,,,,,2020-04,"DOMTAR PAPER COMPANY, LLC"
NC0000680,NC,paper_pulp,2020-05-31,DO,109.55090102300001,,,,,,7.8,7.6,7.5,,,,,2020-05,"DOMTAR PAPER COMPANY, LLC"
NC0000680,NC,paper_pulp,2020-05-31,EC,109.55090102300001,,,,,,,144.0,167.0,,,,,2020-05,"DOMTAR PAPER COMPANY, LLC"
NC0000680,NC,paper_pulp,2020-06-30,DO,101.80216675300001,,,,,,6.9,5.9,5.9,,,,,2020-06,"DOMTAR PAPER COMPANY, LLC"
NC0000680,NC,paper_pulp,2020-06-30,EC,101.80216675300001,,,,,,,99.0,108.0,,,,,2020-06,"DOMTAR PAPER COMPANY, LLC"
NC0000680,NC,paper_pulp,2020-07-31,DO,83.822226335,,,,,,4.2,,,,,,,2020-07,"DOMTAR PAPER COMPANY, LLC"
NC0000680,NC,paper_pulp,2020-08-31,DO,127.42163236250002,,,,,,5.3,5.5,5.4,,,,,2020-08,"DOMTAR PAPER COMPANY, LLC"
NC0000680,NC,paper_pulp,2020-08-31,EC,127.42163236250002,,,,,,,131.0,181.0,,,,,2020-08,"DOMTAR PAPER COMPANY, LLC"
NC0000680,NC,paper_pulp,2020-09-30,DO,113.36659430300001,,,,,,7.5,6.5,6.4,,,,,2020-09,"DOMTAR PAPER COMPANY, LLC"
NC0000680,NC,paper_pulp,2020-09-30,EC,113.36659430300001,,,,,,,100.0,123.0,,,,,2020-09,"DOMTAR PAPER COMPANY, LLC"
NC0000680,NC,paper_pulp,2020-10-31,DO,116.9019779725,,,,,,7.2,7.1,7.1,,,,,2020-10,"DOMTAR PAPER COMPANY, LLC"
NC0000680,NC,paper_pulp,2020-10-31,EC,116.9019779725,,,,,,,147.0,176.0,,,,,2020-10,"DOMTAR PAPER COMPANY, LLC"
NC0000680,NC,paper_pulp,2020-11-30,DO,132.4766688765,,,,,,9.2,7.8,7.7,,,,,2020-11,"DOMTAR PAPER COMPANY, LLC"
NC0000680,NC,paper_pulp,2020-11-30,EC,132.4766688765,,,,,,,91.0,98.0,,,,,2020-11,"DOMTAR PAPER COMPANY, LLC"
NC0000680,NC,paper_pulp,2020-12-31,DO,115.11299320650001,,,,,,11.0,8.7,9.0,,,,,2020-12,"DOMTAR PAPER COMPANY, LLC"
NC0000680,NC,paper_pulp,2020-12-31,EC,115.11299320650001,,,,,,,77.0,84.0,,,,,2020-12,"DOMTAR PAPER COMPANY, LLC"
NC0000680,NC,paper_pulp,2021-01-31,DO,135.16355289450001,,,,,,12.0,11.2,11.5,,,,,2021-01,"DOMTAR PAPER COMPANY, LLC"
NC0000680,NC,paper_pulp,2021-01-31,EC,135.16355289450001,,,,,,,78.0,82.0,,,,,2021-01,"DOMTAR PAPER COMPANY, LLC"
NC0000680,NC,paper_pulp,2021-02-28,DO,142.892413762,,,,,,11.8,11.0,11.0,,,,,2021-02,"DOMTAR PAPER COMPANY, LLC"
NC0000680,NC,paper_pulp,2021-02-28,EC,142.892413762,,,,,,,77.0,83.0,,,,,2021-02,"DOMTAR PAPER COMPANY, LLC"
NC0000680,NC,paper_pulp,2021-03-31,DO,122.45176757349999,,,,,,8.6,11.0,11.0,,,,,2021-03,"DOMTAR PAPER COMPANY, LLC"
NC0000680,NC,paper_pulp,2021-03-31,EC,122.45176757349999,,,,,,,73.0,80.0,,,,,2021-03,"DOMTAR PAPER COMPANY, LLC"
NC0000680,NC,paper_pulp,2021-04-30,DO,120.1551593265,,,,,,7.8,9.0,9.3,,,,,2021-04,"DOMTAR PAPER COMPANY, LLC"
NC0000680,NC,paper_pulp,2021-04-30,EC,120.1551593265,,,,,,,93.0,115.0,,,,,2021-04,"DOMTAR PAPER COMPANY, LLC"
NC0000680,NC,paper_pulp,2021-05-31,DO,75.541263419,,,,,,6.9,8.5,8.2,,,,,2021-05,"DOMTAR PAPER COMPANY, LLC"
NC0000680,NC,paper_pulp,2021-05-31,EC,75.541263419,,,,,,,97.0,121.0,,,,,2021-05,"DOMTAR PAPER COMPANY, LLC"
NC0000680,NC,paper_pulp,2021-06-30,DO,129.55565725000002,,,,,,6.8,7.4,7.1,,,,,2021-06,"DOMTAR PAPER COMPANY, LLC"
NC0000680,NC,paper_pulp,2021-06-30,EC,129.55565725000002,,,,,,,112.0,129.0,,,,,2021-06,"DOMTAR PAPER COMPANY, LLC"
NC0000680,NC,paper_pulp,2021-07-31,DO,70.59991538533333,,,,,,7.1,7.1,7.1,,,,,2021-07,"DOMTAR PAPER COMPANY, LLC"
NC0000680,NC,paper_pulp,2021-07-31,EC,70.59991538533333,,,,,,,133.0,172.0,,,,,2021-07,"DOMTAR PAPER COMPANY, LLC"
NC0000680,NC,paper_pulp,2021-08-31,DO,129.96164247250002,,,,,,5.2,6.8,7.3,,,,,2021-08,"DOMTAR PAPER COMPANY, LLC"
NC0000680,NC,paper_pulp,2021-08-31,EC,129.96164247250002,,,,,,,104.0,190.0,,,,,2021-08,"DOMTAR PAPER COMPANY, LLC"
NC0000680,NC,paper_pulp,2021-09-30,DO,116.035308353,,,,,,6.2,7.6,7.5,,,,,2021-09,"DOMTAR PAPER COMPANY, LLC"
NC0000680,NC,paper_pulp,2021-09-30,EC,116.035308353,,,,,,,139.0,228.0,,,,,2021-09,"DOMTAR PAPER COMPANY, LLC"
NC0000680,NC,paper_pulp,2021-10-31,DO,93.29805391750001,,,,,,6.8,8.9,8.8,,,,,2021-10,"DOMTAR PAPER COMPANY, LLC"
NC0000680,NC,paper_pulp,2021-10-31,EC,93.29805391750001,,,,,,,154.0,211.0,,,,,2021-10,"DOMTAR PAPER COMPANY, LLC"
NC0000680,NC,paper_pulp,2021-11-30,DO,98.5026141265,,,,,,12.2,9.3,9.0,,,,,2021-11,"DOMTAR PAPER COMPANY, LLC"
NC0000680,NC,paper_pulp,2021-11-30,EC,98.5026141265,,,,,,,150.0,235.0,,,,,2021-11,"DOMTAR PAPER COMPANY, LLC"
NC0000680,NC,paper_pulp,2021-12-31,DO,102.1449356285,,,,,,10.9,10.7,11.0,,,,,2021-12,"DOMTAR PAPER COMPANY, LLC"
NC0000680,NC,paper_pulp,2021-12-31,EC,102.1449356285,,,,,,,187.0,260.0,,,,,2021-12,"DOMTAR PAPER COMPANY, LLC"
NC0000680,NC,paper_pulp,2022-01-31,DO,141.7940770505,,,,,,11.8,10.1,9.9,,,,,2022-01,"DOMTAR PAPER COMPANY, LLC"
NC0000680,NC,paper_pulp,2022-01-31,EC,141.7940770505,,,,,,,153.0,181.0,,,,,2022-01,"DOMTAR PAPER COMPANY, LLC"
NC0000680,NC,paper_pulp,2022-02-28,DO,114.67085731850001,,,,,,11.7,12.1,11.8,,,,,2022-02,"DOMTAR PAPER COMPANY, LLC"
NC0000680,NC,paper_pulp,2022-02-28,EC,114.67085731850001,,,,,,,163.0,200.0,,,,,2022-02,"DOMTAR PAPER COMPANY, LLC"
NC0000680,NC,paper_pulp,2022-03-31,DO,116.08981825699999,,,,,,8.1,10.1,10.2,,,,,2022-03,"DOMTAR PAPER COMPANY, LLC"
NC0000680,NC,paper_pulp,2022-03-31,EC,116.08981825699999,,,,,,,163.0,181.0,,,,,2022-03,"DOMTAR PAPER COMPANY, LLC"
NC0000680,NC,paper_pulp,2022-04-30,DO,105.97255295,,,,,,7.5,9.3,9.4,,,,,2022-04,"DOMTAR PAPER COMPANY, LLC"
NC0000680,NC,paper_pulp,2022-04-30,EC,105.97255295,,,,,,,113.0,145.0,,,,,2022-04,"DOMTAR PAPER COMPANY, LLC"
NC0000680,NC,paper_pulp,2022-05-31,DO,93.6826515735,,,,,,6.4,9.2,8.7,,,,,2022-05,"DOMTAR PAPER COMPANY, LLC"
NC0000680,NC,paper_pulp,2022-05-31,EC,93.6826515735,,,,,,,113.0,130.0,,,,,2022-05,"DOMTAR PAPER COMPANY, LLC"
NC0000680,NC,paper_pulp,2022-06-30,DO,79.93095103533335,,,,,,4.6,7.3,8.7,,,,,2022-06,"DOMTAR PAPER COMPANY, LLC"
NC0000680,NC,paper_pulp,2022-06-30,EC,79.93095103533335,,,,,,,173.0,248.0,,,,,2022-06,"DOMTAR PAPER COMPANY, LLC"
NC0000680,NC,paper_pulp,2022-07-31,DO,126.53035757800002,,,,,,4.6,7.1,7.1,,,,,2022-07,"DOMTAR PAPER COMPANY, LLC"
NC0000680,NC,paper_pulp,2022-07-31,EC,126.53035757800002,,,,,,,149.0,941.0,,,,,2022-07,"DOMTAR PAPER COMPANY, LLC"
NC0000680,NC,paper_pulp,2022-08-31,DO,112.6159475,,,,,,5.0,7.1,6.5,,,,,2022-08,"DOMTAR PAPER COMPANY, LLC"
NC0000680,NC,paper_pulp,2022-08-31,EC,112.6159475,,,,,,,123.0,291.0,,,,,2022-08,"DOMTAR PAPER COMPANY, LLC"
NC0000680,NC,paper_pulp,2022-09-30,DO,115.54964025000001,,,,,,6.1,7.8,7.4,,,,,2022-09,"DOMTAR PAPER COMPANY, LLC"
NC0000680,NC,paper_pulp,2022-09-30,EC,115.54964025000001,,,,,,,136.0,179.0,,,,,2022-09,"DOMTAR PAPER COMPANY, LLC"
NC0000680,NC,paper_pulp,2022-10-31,DO,151.0683315505,,,,,,6.0,8.0,8.4,,,,,2022-10,"DOMTAR PAPER COMPANY, LLC"
NC0000680,NC,paper_pulp,2022-10-31,EC,151.0683315505,,,,,,,145.0,195.0,,,,,2022-10,"DOMTAR PAPER COMPANY, LLC"
NC0000680,NC,paper_pulp,2022-11-30,DO,135.57445915,,,,,,8.8,8.4,8.1,,,,,2022-11,"DOMTAR PAPER COMPANY, LLC"
NC0000680,NC,paper_pulp,2022-11-30,EC,135.57445915,,,,,,,129.0,215.0,,,,,2022-11,"DOMTAR PAPER COMPANY, LLC"
NC0000680,NC,paper_pulp,2022-12-31,DO,144.511055078,,,,,,11.4,10.2,10.1,,,,,2022-12,"DOMTAR PAPER COMPANY, LLC"
NC0000680,NC,paper_pulp,2022-12-31,EC,144.511055078,,,,,,,119.0,139.0,,,,,2022-12,"DOMTAR PAPER COMPANY, LLC"
NC0000680,NC,paper_pulp,2023-01-31,DO,145.7259824175,,,,,,8.4,11.1,11.0,,,,,2023-01,"DOMTAR PAPER COMPANY, LLC"
NC0000680,NC,paper_pulp,2023-01-31,EC,145.7259824175,,,,,,,112.0,126.0,,,,,2023-01,"DOMTAR PAPER COMPANY, LLC"
NC0000680,NC,paper_pulp,2023-02-28,DO,146.393918012,,,,,,9.9,10.4,10.3,,,,,2023-02,"DOMTAR PAPER COMPANY, LLC"
NC0000680,NC,paper_pulp,2023-02-28,EC,146.393918012,,,,,,,99.0,115.0,,,,,2023-02,"DOMTAR PAPER COMPANY, LLC"
NC0000680,NC,paper_pulp,2023-03-31,DO,127.812475945,,,,,,9.6,9.9,9.6,,,,,2023-03,"DOMTAR PAPER COMPANY, LLC"
NC0000680,NC,paper_pulp,2023-03-31,EC,127.812475945,,,,,,,104.0,132.0,,,,,2023-03,"DOMTAR PAPER COMPANY, LLC"
NC0000680,NC,paper_pulp,2023-04-30,DO,138.47654372649998,,,,,,8.0,9.3,9.8,,,,,2023-04,"DOMTAR PAPER COMPANY, LLC"
NC0000680,NC,paper_pulp,2023-04-30,EC,138.47654372649998,,,,,,,114.0,138.0,,,,,2023-04,"DOMTAR PAPER COMPANY, LLC"
NC0000680,NC,paper_pulp,2023-05-31,DO,132.90442020650002,,,,,,6.8,8.0,7.9,,,,,2023-05,"DOMTAR PAPER COMPANY, LLC"
NC0000680,NC,paper_pulp,2023-05-31,EC,132.90442020650002,,,,,,,104.0,132.0,,,,,2023-05,"DOMTAR PAPER COMPANY, LLC"
NC0000680,NC,paper_pulp,2023-06-30,DO,84.76157582649999,,,,,,6.2,8.1,8.0,,,,,2023-06,"DOMTAR PAPER COMPANY, LLC"
NC0000680,NC,paper_pulp,2023-06-30,EC,84.76157582649999,,,,,,,115.0,151.0,,,,,2023-06,"DOMTAR PAPER COMPANY, LLC"
NC0000680,NC,paper_pulp,2023-07-31,DO,119.069314468,,,,,,5.6,6.3,6.4,,,,,2023-07,"DOMTAR PAPER COMPANY, LLC"
NC0000680,NC,paper_pulp,2023-07-31,EC,119.069314468,,,,,,,114.0,383.0,,,,,2023-07,"DOMTAR PAPER COMPANY, LLC"
NC0000680,NC,paper_pulp,2023-08-31,DO,146.79441439,,,,,,5.6,6.9,6.7,,,,,2023-08,"DOMTAR PAPER COMPANY, LLC"
NC0000680,NC,paper_pulp,2023-08-31,EC,146.79441439,,,,,,,127.0,444.0,,,,,2023-08,"DOMTAR PAPER COMPANY, LLC"
NC0000680,NC,paper_pulp,2023-09-30,DO,165.3718817765,,,,,,7.4,6.8,6.1,,,,,2023-09,"DOMTAR PAPER COMPANY, LLC"
NC0000680,NC,paper_pulp,2023-09-30,EC,165.3718817765,,,,,,,121.0,226.0,,,,,2023-09,"DOMTAR PAPER COMPANY, LLC"
NC0000680,NC,paper_pulp,2023-10-31,DO,122.616622179,,,,,,7.5,9.1,7.9,,,,,2023-10,"DOMTAR PAPER COMPANY, LLC"
NC0000680,NC,paper_pulp,2023-10-31,EC,122.616622179,,,,,,,134.0,1784.0,,,,,2023-10,"DOMTAR PAPER COMPANY, LLC"
NC0000680,NC,paper_pulp,2023-11-30,DO,147.1767408,,,,,,8.2,8.8,7.8,,,,,2023-11,"DOMTAR PAPER COMPANY, LLC"
NC0000680,NC,paper_pulp,2023-11-30,EC,147.1767408,,,,,,,123.0,1757.0,,,,,2023-11,"DOMTAR PAPER COMPANY, LLC"
NC0000680,NC,paper_pulp,2023-12-31,DO,153.02822757799998,,,,,,9.6,9.7,9.5,,,,,2023-12,"DOMTAR PAPER COMPANY, LLC"
NC0000680,NC,paper_pulp,2023-12-31,EC,153.02822757799998,,,,,,,111.0,160.0,,,,,2023-12,"DOMTAR PAPER COMPANY, LLC"
NC0000680,NC,paper_pulp,2024-01-31,DO,153.077059367,,,,,,9.3,8.6,8.6,,,,,2024-01,"DOMTAR PAPER COMPANY, LLC"
NC0000680,NC,paper_pulp,2024-01-31,EC,153.077059367,,,,,,,96.0,105.0,,,,,2024-01,"DOMTAR PAPER COMPANY, LLC"
NC0000680,NC,paper_pulp,2024-02-29,DO,166.55141553250002,,,,,,8.8,10.0,9.9,,,,,2024-02,"DOMTAR PAPER COMPANY, LLC"
NC0000680,NC,paper_pulp,2024-02-29,EC,166.55141553250002,,,,,,,89.0,100.0,,,,,2024-02,"DOMTAR PAPER COMPANY, LLC"
NC0000680,NC,paper_pulp,2024-03-31,DO,151.6056705,,,,,,9.0,8.5,8.6,,,,,2024-03,"DOMTAR PAPER COMPANY, LLC"
NC0000680,NC,paper_pulp,2024-03-31,EC,151.6056705,,,,,,,78.0,84.0,,,,,2024-03,"DOMTAR PAPER COMPANY, LLC"
NC0000680,NC,paper_pulp,2024-04-30,DO,129.19604329999999,,,,,,7.7,8.2,8.1,,,,,2024-04,"DOMTAR PAPER COMPANY, LLC"
NC0000680,NC,paper_pulp,2024-04-30,EC,129.19604329999999,,,,,,,92.0,110.0,,,,,2024-04,"DOMTAR PAPER COMPANY, LLC"
NC0000680,NC,paper_pulp,2024-05-31,DO,128.36798486249998,,,,,,5.9,7.2,7.6,,,,,2024-05,"DOMTAR PAPER COMPANY, LLC"
NC0000680,NC,paper_pulp,2024-05-31,EC,128.36798486249998,,,,,,,91.0,109.0,,,,,2024-05,"DOMTAR PAPER COMPANY, LLC"
NC0000680,NC,paper_pulp,2024-06-30,DO,126.54625630000001,,,,,,4.3,8.7,6.7,,,,,2024-06,"DOMTAR PAPER COMPANY, LLC"
NC0000680,NC,paper_pulp,2024-06-30,EC,126.54625630000001,,,,,,,102.0,194.0,,,,,2024-06,"DOMTAR PAPER COMPANY, LLC"
NC0000680,NC,paper_pulp,2024-07-31,DO,127.23860778899999,,,,,,4.9,7.0,6.7,,,,,2024-07,"DOMTAR PAPER COMPANY, LLC"
NC0000680,NC,paper_pulp,2024-07-31,EC,127.23860778899999,,,,,,,107.0,167.0,,,,,2024-07,"DOMTAR PAPER COMPANY, LLC"
NC0000680,NC,paper_pulp,2024-08-31,DO,132.7030363945,,,,,,5.2,4.7,5.0,,,,,2024-08,"DOMTAR PAPER COMPANY, LLC"
NC0000680,NC,paper_pulp,2024-08-31,EC,132.7030363945,,,,,,,121.0,154.0,,,,,2024-08,"DOMTAR PAPER COMPANY, LLC"
NC0000680,NC,paper_pulp,2024-09-30,DO,122.0478643265,,,,,,5.9,5.7,5.5,,,,,2024-09,"DOMTAR PAPER COMPANY, LLC"
NC0000680,NC,paper_pulp,2024-09-30,EC,122.0478643265,,,,,,,107.0,146.0,,,,,2024-09,"DOMTAR PAPER COMPANY, LLC"
NC0000680,NC,paper_pulp,2024-10-31,DO,122.44571091750001,,,,,,10.8,5.7,5.5,,,,,2024-10,"DOMTAR PAPER COMPANY, LLC"
NC0000680,NC,paper_pulp,2024-10-31,EC,122.44571091750001,,,,,,,108.0,132.0,,,,,2024-10,"DOMTAR PAPER COMPANY, LLC"
NC0000680,NC,paper_pulp,2024-11-30,DO,117.909086303,,,,,,9.0,7.2,7.2,,,,,2024-11,"DOMTAR PAPER COMPANY, LLC"
NC0000680,NC,paper_pulp,2024-11-30,EC,117.909086303,,,,,,,108.0,108.0,,,,,2024-11,"DOMTAR PAPER COMPANY, LLC"
NC0000680,NC,paper_pulp,2024-12-31,DO,126.157873234,,,,,,11.2,11.1,11.1,,,,,2024-12,"DOMTAR PAPER COMPANY, LLC"
NC0000680,NC,paper_pulp,2024-12-31,EC,126.157873234,,,,,,,103.0,134.0,,,,,2024-12,"DOMTAR PAPER COMPANY, LLC"
NC0002305,NC,textile,2019-01-31,DO,2.381401431,,,,,,,9.8,9.8,,,,,2019-01,LEAR CORPORATION WWTP
NC0002305,NC,textile,2019-01-31,EC,2.381401431,,,,,,417.0,89.6,96.0,,,,,2019-01,LEAR CORPORATION WWTP
NC0002305,NC,textile,2019-02-28,DO,2.401464104,,,,,,,7.87,8.84,,,,,2019-02,LEAR CORPORATION WWTP
NC0002305,NC,textile,2019-02-28,EC,2.401464104,,,,,,473.0,103.1,114.9,,,,,2019-02,LEAR CORPORATION WWTP
NC0002305,NC,textile,2019-03-31,DO,2.4983706000000003,,,,,,,8.3,9.3,,,,,2019-03,LEAR CORPORATION WWTP
NC0002305,NC,textile,2019-03-31,EC,2.4983706000000003,,,,,,471.0,147.0,155.0,,,,,2019-03,LEAR CORPORATION WWTP
NC0002305,NC,textile,2019-04-30,DO,2.261025393,,,,,,,7.9,8.2,,,,,2019-04,LEAR CORPORATION WWTP
NC0002305,NC,textile,2019-04-30,EC,2.261025393,,,,,,488.0,107.0,101.0,,,,,2019-04,LEAR CORPORATION WWTP
NC0002305,NC,textile,2019-05-31,DO,2.342790249,,,,,,,7.9,7.9,,,,,2019-05,LEAR CORPORATION WWTP
NC0002305,NC,textile,2019-05-31,EC,2.342790249,,,,,,477.0,201.0,247.0,,,,,2019-05,LEAR CORPORATION WWTP
NC0002305,NC,textile,2019-06-30,DO,2.7993106950000004,,,,,,,6.6,6.6,,,,,2019-06,LEAR CORPORATION WWTP
NC0002305,NC,textile,2019-06-30,EC,2.7993106950000004,,,,,,469.0,220.0,250.0,,,,,2019-06,LEAR CORPORATION WWTP
NC0002305,NC,textile,2019-07-31,DO,2.447646106,,,,,,,6.7,6.4,,,,,2019-07,LEAR CORPORATION WWTP
NC0002305,NC,textile,2019-07-31,EC,2.447646106,,,,,,494.0,238.0,267.0,,,,,2019-07,LEAR CORPORATION WWTP
NC0002305,NC,textile,2019-08-31,DO,2.6017122930000003,,,,,,,5.5,5.9,,,,,2019-08,LEAR CORPORATION WWTP
NC0002305,NC,textile,2019-08-31,EC,2.6017122930000003,,,,,,453.0,241.0,255.0,,,,,2019-08,LEAR CORPORATION WWTP
NC0002305,NC,textile,2019-09-30,DO,2.061155745,,,,,,,6.9,7.3,,,,,2019-09,LEAR CORPORATION WWTP
NC0002305,NC,textile,2019-09-30,EC,2.061155745,,,,,,474.0,140.0,144.0,,,,,2019-09,LEAR CORPORATION WWTP
NC0002305,NC,textile,2019-10-31,DO,2.6017122930000003,,,,,,,7.0,7.7,,,,,2019-10,LEAR CORPORATION WWTP
NC0002305,NC,textile,2019-10-31,EC,2.6017122930000003,,,,,,391.0,164.0,173.0,,,,,2019-10,LEAR CORPORATION WWTP
NC0002305,NC,textile,2019-11-30,DO,2.4601379590000003,,,,,,,7.8,8.5,,,,,2019-11,LEAR CORPORATION WWTP
NC0002305,NC,textile,2019-11-30,EC,2.4601379590000003,,,,,,399.0,166.0,181.0,,,,,2019-11,LEAR CORPORATION WWTP
NC0002305,NC,textile,2019-12-31,DO,2.844357074,,,,,,,8.0,8.4,,,,,2019-12,LEAR CORPORATION WWTP
NC0002305,NC,textile,2019-12-31,EC,2.844357074,,,,,,413.0,119.0,132.0,,,,,2019-12,LEAR CORPORATION WWTP
NC0002305,NC,textile,2020-01-31,DO,2.687262559,,,,,,,9.0,9.2,,,,,2020-01,LEAR CORPORATION WWTP
NC0002305,NC,textile,2020-01-31,EC,2.687262559,,,,,,445.0,104.0,114.0,,,,,2020-01,LEAR CORPORATION WWTP
NC0002305,NC,textile,2020-02-29,DO,2.866312452,,,,,,,9.3,9.5,,,,,2020-02,LEAR CORPORATION WWTP
NC0002305,NC,textile,2020-02-29,EC,2.866312452,,,,,,456.0,102.0,110.0,,,,,2020-02,LEAR CORPORATION WWTP
NC0002305,NC,textile,2020-03-31,DO,2.22582108,,,,,,,8.44,8.63,,,,,2020-03,LEAR CORPORATION WWTP
NC0002305,NC,textile,2020-03-31,EC,2.22582108,,,,,,394.0,98.2,118.0,,,,,2020-03,LEAR CORPORATION WWTP
NC0002305,NC,textile,2020-04-30,DO,0.69651544,,,,,,,9.1,9.4,,,,,2020-04,LEAR CORPORATION WWTP
NC0002305,NC,textile,2020-04-30,EC,0.69651544,,,,,,367.0,98.0,120.9,,,,,2020-04,LEAR CORPORATION WWTP
NC0002305,NC,textile,2020-05-31,DO,1.031524225,,,,,,,6.94,7.62,,,,,2020-05,LEAR CORPORATION WWTP
NC0002305,NC,textile,2020-05-31,EC,1.031524225,,,,,,439.0,94.7,98.1,,,,,2020-05,LEAR CORPORATION WWTP
NC0002305,NC,textile,2020-06-30,DO,2.026329973,,,,,,,9.24,9.34,,,,,2020-06,LEAR CORPORATION WWTP
NC0002305,NC,textile,2020-06-30,EC,2.026329973,,,,,,445.0,91.3,99.1,,,,,2020-06,LEAR CORPORATION WWTP
NC0002305,NC,textile,2020-07-31,DO,2.407899301,,,,,,,6.87,7.3,,,,,2020-07,LEAR CORPORATION WWTP
NC0002305,NC,textile,2020-07-31,EC,2.407899301,,,,,,441.0,188.0,210.0,,,,,2020-07,LEAR CORPORATION WWTP
NC0002305,NC,textile,2020-08-31,DO,2.707325232,,,,,,,5.9,6.8,,,,,2020-08,LEAR CORPORATION WWTP
NC0002305,NC,textile,2020-08-31,EC,2.707325232,,,,,,408.0,152.7,174.3,,,,,2020-08,LEAR CORPORATION WWTP
NC0002305,NC,textile,2020-09-30,DO,2.360960217,,,,,,,6.1,6.0,,,,,2020-09,LEAR CORPORATION WWTP
NC0002305,NC,textile,2020-09-30,EC,2.360960217,,,,,,396.0,97.1,98.6,,,,,2020-09,LEAR CORPORATION WWTP
NC0002305,NC,textile,2020-10-31,DO,2.71792438,,,,,,,6.4,6.7,,,,,2020-10,LEAR CORPORATION WWTP
NC0002305,NC,textile,2020-10-31,EC,2.71792438,,,,,,298.0,154.0,172.0,,,,,2020-10,LEAR CORPORATION WWTP
NC0002305,NC,textile,2020-11-30,DO,2.6815844440000003,,,,,,,6.3,5.8,,,,,2020-11,LEAR CORPORATION WWTP
NC0002305,NC,textile,2020-11-30,EC,2.6815844440000003,,,,,,312.0,150.0,173.0,,,,,2020-11,LEAR CORPORATION WWTP
NC0002305,NC,textile,2020-12-31,DO,2.376101857,,,,,,,7.9,6.8,,,,,2020-12,LEAR CORPORATION WWTP
NC0002305,NC,textile,2020-12-31,EC,2.376101857,,,,,,327.0,164.0,182.0,,,,,2020-12,LEAR CORPORATION WWTP
NC0002305,NC,textile,2021-01-31,DO,2.605876244,,,,,,,7.2,6.8,,,,,2021-01,LEAR CORPORATION WWTP
NC0002305,NC,textile,2021-01-31,EC,2.605876244,,,,,,342.0,162.0,181.0,,,,,2021-01,LEAR CORPORATION WWTP
NC0002305,NC,textile,2021-02-28,DO,2.552123422,,,,,,,6.9,6.6,,,,,2021-02,LEAR CORPORATION WWTP
NC0002305,NC,textile,2021-02-28,EC,2.552123422,,,,,,383.0,167.0,182.0,,,,,2021-02,LEAR CORPORATION WWTP
NC0002305,NC,textile,2021-03-31,DO,2.399571399,,,,,,,6.0,6.3,,,,,2021-03,LEAR CORPORATION WWTP
NC0002305,NC,textile,2021-03-31,EC,2.399571399,,,,,,458.0,170.0,168.0,,,,,2021-03,LEAR CORPORATION WWTP
NC0002305,NC,textile,2021-04-30,DO,1.518706492,,,,,,,5.3,6.3,,,,,2021-04,LEAR CORPORATION WWTP
NC0002305,NC,textile,2021-04-30,EC,1.518706492,,,,,,474.7,168.0,178.0,,,,,2021-04,LEAR CORPORATION WWTP
NC0002305,NC,textile,2021-05-31,DO,1.394545044,,,,,,,4.9,5.8,,,,,2021-05,LEAR CORPORATION WWTP
NC0002305,NC,textile,2021-05-31,EC,1.394545044,,,,,,468.0,174.0,184.0,,,,,2021-05,LEAR CORPORATION WWTP
NC0002305,NC,textile,2021-06-30,DO,1.54444728,,,,,,,5.6,5.8,,,,,2021-06,LEAR CORPORATION WWTP
NC0002305,NC,textile,2021-06-30,EC,1.54444728,,,,,,465.0,172.0,182.0,,,,,2021-06,LEAR CORPORATION WWTP
NC0002305,NC,textile,2021-07-31,DO,1.6977563850000001,,,,,,,4.2,5.2,,,,,2021-07,LEAR CORPORATION WWTP
NC0002305,NC,textile,2021-07-31,EC,1.6977563850000001,,,,,,464.0,168.0,172.0,,,,,2021-07,LEAR CORPORATION WWTP
NC0002305,NC,textile,2021-08-31,DO,1.660659367,,,,,,,3.8,5.1,,,,,2021-08,LEAR CORPORATION WWTP
NC0002305,NC,textile,2021-08-31,EC,1.660659367,,,,,,484.0,162.0,168.0,,,,,2021-08,LEAR CORPORATION WWTP
NC0002305,NC,textile,2021-09-30,DO,1.4835021790000003,,,,,,,4.0,5.2,,,,,2021-09,LEAR CORPORATION WWTP
NC0002305,NC,textile,2021-09-30,EC,1.4835021790000003,,,,,,470.0,148.0,152.0,,,,,2021-09,LEAR CORPORATION WWTP
NC0002305,NC,textile,2021-10-31,DO,1.502050688,,,,,,,4.0,5.8,,,,,2021-10,LEAR CORPORATION WWTP
NC0002305,NC,textile,2021-10-31,EC,1.502050688,,,,,,479.0,220.0,198.0,,,,,2021-10,LEAR CORPORATION WWTP
NC0002305,NC,textile,2021-11-30,DO,1.5929005280000001,,,,,,,7.0,10.3,,,,,2021-11,LEAR CORPORATION WWTP
NC0002305,NC,textile,2021-11-30,EC,1.5929005280000001,,,,,,486.0,209.0,188.0,,,,,2021-11,LEAR CORPORATION WWTP
NC0002305,NC,textile,2021-12-31,DO,2.0373076620000004,,,,,,,7.6,7.6,,,,,2021-12,LEAR CORPORATION WWTP
NC0002305,NC,textile,2021-12-31,EC,2.0373076620000004,,,,,,423.0,206.0,212.0,,,,,2021-12,LEAR CORPORATION WWTP
NC0002305,NC,textile,2022-01-31,DO,1.715926353,,,,,,,7.8,8.5,,,,,2022-01,LEAR CORPORATION WWTP
NC0002305,NC,textile,2022-01-31,EC,1.715926353,,,,,,452.0,210.0,232.0,,,,,2022-01,LEAR CORPORATION WWTP
NC0002305,NC,textile,2022-02-28,DO,1.912767673,,,,,,,7.4204,8.8,,,,,2022-02,LEAR CORPORATION WWTP
NC0002305,NC,textile,2022-02-28,EC,1.912767673,,,,,,457.0,204.0,214.0,,,,,2022-02,LEAR CORPORATION WWTP
NC0002305,NC,textile,2022-03-31,DO,2.2651893440000004,,,,,,,5.4,6.4,,,,,2022-03,LEAR CORPORATION WWTP
NC0002305,NC,textile,2022-03-31,EC,2.2651893440000004,,,,,,464.0,229.0,236.0,,,,,2022-03,LEAR CORPORATION WWTP
NC0002305,NC,textile,2022-04-30,DO,2.008160005,,,,,,,4.8,5.8,,,,,2022-04,LEAR CORPORATION WWTP
NC0002305,NC,textile,2022-04-30,EC,2.008160005,,,,,,463.0,224.0,237.0,,,,,2022-04,LEAR CORPORATION WWTP
NC0002305,NC,textile,2022-05-31,DO,1.912389132,,,,,,,3.9,6.1,,,,,2022-05,LEAR CORPORATION WWTP
NC0002305,NC,textile,2022-05-31,EC,1.912389132,,,,,,466.0,302.0,338.0,,,,,2022-05,LEAR CORPORATION WWTP
NC0002305,NC,textile,2022-06-30,DO,2.247776458,,,,,,,3.9,5.2,,,,,2022-06,LEAR CORPORATION WWTP
NC0002305,NC,textile,2022-06-30,EC,2.247776458,,,,,,478.0,296.0,340.0,,,,,2022-06,LEAR CORPORATION WWTP
NC0002305,NC,textile,2022-07-31,DO,2.157305159,,,,,,,2.6,3.7,,,,,2022-07,LEAR CORPORATION WWTP
NC0002305,NC,textile,2022-07-31,EC,2.157305159,,,,,,481.0,355.0,375.0,,,,,2022-07,LEAR CORPORATION WWTP
NC0002305,NC,textile,2022-08-31,DO,2.3091001,,,,,,,5.8,4.7,,,,,2022-08,LEAR CORPORATION WWTP
NC0002305,NC,textile,2022-08-31,EC,2.3091001,,,,,,451.0,340.0,362.0,,,,,2022-08,LEAR CORPORATION WWTP
NC0002305,NC,textile,2022-09-30,DO,2.507834125,,,,,,,8.77,6.31,,,,,2022-09,LEAR CORPORATION WWTP
NC0002305,NC,textile,2022-09-30,EC,2.507834125,,,,,,456.0,259.0,493.0,,,,,2022-09,LEAR CORPORATION WWTP
NC0002305,NC,textile,2022-10-31,DO,2.226578162,,,,,,,4.68,7.8,,,,,2022-10,LEAR CORPORATION WWTP
NC0002305,NC,textile,2022-10-31,EC,2.226578162,,,,,,406.0,409.0,370.0,,,,,2022-10,LEAR CORPORATION WWTP
NC0002305,NC,textile,2022-11-30,DO,2.1470845520000004,,,,,,,4.72,8.05,,,,,2022-11,LEAR CORPORATION WWTP
NC0002305,NC,textile,2022-11-30,EC,2.1470845520000004,,,,,,409.0,429.0,471.0,,,,,2022-11,LEAR CORPORATION WWTP
NC0002305,NC,textile,2022-12-31,DO,1.9180672470000002,,,,,,,6.72,6.42,,,,,2022-12,LEAR CORPORATION WWTP
NC0002305,NC,textile,2022-12-31,EC,1.9180672470000002,,,,,,382.0,382.0,383.0,,,,,2022-12,LEAR CORPORATION WWTP
NC0002305,NC,textile,2023-01-31,DO,2.1925094720000002,,,,,,,8.48,8.5,,,,,2023-01,LEAR CORPORATION WWTP
NC0002305,NC,textile,2023-01-31,EC,2.1925094720000002,,,,,,428.0,372.0,366.0,,,,,2023-01,LEAR CORPORATION WWTP
NC0002305,NC,textile,2023-02-28,DO,2.0554776300000004,,,,,,,8.06,9.47,,,,,2023-02,LEAR CORPORATION WWTP
NC0002305,NC,textile,2023-02-28,EC,2.0554776300000004,,,,,,443.0,247.0,239.0,,,,,2023-02,LEAR CORPORATION WWTP
NC0002305,NC,textile,2023-03-31,DO,2.0744046800000002,,,,,,,5.06,6.12,,,,,2023-03,LEAR CORPORATION WWTP
NC0002305,NC,textile,2023-03-31,EC,2.0744046800000002,,,,,,414.0,216.0,408.0,,,,,2023-03,LEAR CORPORATION WWTP
NC0002305,NC,textile,2023-04-30,DO,2.449538811,,,,,,,3.12,3.89,,,,,2023-04,LEAR CORPORATION WWTP
NC0002305,NC,textile,2023-04-30,EC,2.449538811,,,,,,410.0,224.0,368.0,,,,,2023-04,LEAR CORPORATION WWTP
NC0002305,NC,textile,2023-05-31,DO,2.3030434440000005,,,,,,,3.15,3.95,,,,,2023-05,LEAR CORPORATION WWTP
NC0002305,NC,textile,2023-05-31,EC,2.3030434440000005,,,,,,389.0,221.0,284.0,,,,,2023-05,LEAR CORPORATION WWTP
NC0002305,NC,textile,2023-06-30,DO,2.046771187,,,,,,,3.12,4.1,,,,,2023-06,LEAR CORPORATION WWTP
NC0002305,NC,textile,2023-06-30,EC,2.046771187,,,,,,370.0,292.0,284.0,,,,,2023-06,LEAR CORPORATION WWTP
NC0002305,NC,textile,2023-07-31,DO,1.711383861,,,,,,,2.93,4.47,,,,,2023-07,LEAR CORPORATION WWTP
NC0002305,NC,textile,2023-07-31,EC,1.711383861,,,,,,420.0,243.0,249.0,,,,,2023-07,LEAR CORPORATION WWTP
NC0002305,NC,textile,2023-08-31,DO,2.145570388,,,,,,,3.73,4.85,,,,,2023-08,LEAR CORPORATION WWTP
NC0002305,NC,textile,2023-08-31,EC,2.145570388,,,,,,427.0,340.0,320.0,,,,,2023-08,LEAR CORPORATION WWTP
NC0002305,NC,textile,2023-09-30,DO,1.992639824,,,,,,,4.46,6.72,,,,,2023-09,LEAR CORPORATION WWTP
NC0002305,NC,textile,2023-09-30,EC,1.992639824,,,,,,432.0,252.0,288.0,,,,,2023-09,LEAR CORPORATION WWTP
NC0002305,NC,textile,2023-10-31,DO,1.935858674,,,,,,,3.18,3.82,,,,,2023-10,LEAR CORPORATION WWTP
NC0002305,NC,textile,2023-10-31,EC,1.935858674,,,,,,402.0,254.0,254.0,,,,,2023-10,LEAR CORPORATION WWTP
NC0002305,NC,textile,2023-11-30,DO,2.064941155,,,,,,,7.35,6.73,,,,,2023-11,LEAR CORPORATION WWTP
NC0002305,NC,textile,2023-11-30,EC,2.064941155,,,,,,404.0,279.0,219.6,,,,,2023-11,LEAR CORPORATION WWTP
NC0002305,NC,textile,2023-12-31,DO,1.889676672,,,,,,,8.2,8.08,,,,,2023-12,LEAR CORPORATION WWTP
NC0002305,NC,textile,2023-12-31,EC,1.889676672,,,,,,396.0,209.9,254.0,,,,,2023-12,LEAR CORPORATION WWTP
NC0002305,NC,textile,2024-01-31,DO,2.0592630400000003,,,,,,,8.1,8.04,,,,,2024-01,LEAR CORPORATION WWTP
NC0002305,NC,textile,2024-01-31,EC,2.0592630400000003,,,,,,422.0,163.0,182.8,,,,,2024-01,LEAR CORPORATION WWTP
NC0002305,NC,textile,2024-02-29,DO,2.4181199080000004,,,,,,,8.1,8.4,,,,,2024-02,LEAR CORPORATION WWTP
NC0002305,NC,textile,2024-02-29,EC,2.4181199080000004,,,,,,405.0,184.9,216.6,,,,,2024-02,LEAR CORPORATION WWTP
NC0002305,NC,textile,2024-03-31,DO,2.25988977,,,,,,,5.64,6.32,,,,,2024-03,LEAR CORPORATION WWTP
NC0002305,NC,textile,2024-03-31,EC,2.25988977,,,,,,429.0,189.2,200.6,,,,,2024-03,LEAR CORPORATION WWTP
NC0002305,NC,textile,2024-04-30,DO,2.0320080880000004,,,,,,,4.52,5.24,,,,,2024-04,LEAR CORPORATION WWTP
NC0002305,NC,textile,2024-04-30,EC,2.0320080880000004,,,,,,424.0,214.2,218.0,,,,,2024-04,LEAR CORPORATION WWTP
NC0002305,NC,textile,2024-05-31,DO,2.0077814640000002,,,,,,,4.68,4.58,,,,,2024-05,LEAR CORPORATION WWTP
NC0002305,NC,textile,2024-05-31,EC,2.0077814640000002,,,,,,398.0,185.1,211.4,,,,,2024-05,LEAR CORPORATION WWTP
NC0002305,NC,textile,2024-06-30,DO,2.1588193230000003,,,,,,,4.88,8.33,,,,,2024-06,LEAR CORPORATION WWTP
NC0002305,NC,textile,2024-06-30,EC,2.1588193230000003,,,,,,372.0,242.0,325.0,,,,,2024-06,LEAR CORPORATION WWTP
NC0002305,NC,textile,2024-07-31,DO,2.1122587800000003,,,,,,,4.7,4.03,,,,,2024-07,LEAR CORPORATION WWTP
NC0002305,NC,textile,2024-07-31,EC,2.1122587800000003,,,,,,411.0,261.0,572.0,,,,,2024-07,LEAR CORPORATION WWTP
NC0002305,NC,textile,2024-08-31,DO,2.4302332200000003,,,,,,,2.87,3.7,,,,,2024-08,LEAR CORPORATION WWTP
NC0002305,NC,textile,2024-08-31,EC,2.4302332200000003,,,,,,376.0,187.1,214.0,,,,,2024-08,LEAR CORPORATION WWTP
NC0002305,NC,textile,2024-09-30,DO,2.261025393,,,,,,,3.44,5.5,,,,,2024-09,LEAR CORPORATION WWTP
NC0002305,NC,textile,2024-09-30,EC,2.261025393,,,,,,385.0,176.2,215.3,,,,,2024-09,LEAR CORPORATION WWTP
NC0002305,NC,textile,2024-10-31,DO,2.3306769370000002,,,,,,,5.78,6.57,,,,,2024-10,LEAR CORPORATION WWTP
NC0002305,NC,textile,2024-10-31,EC,2.3306769370000002,,,,,,376.0,190.8,235.0,,,,,2024-10,LEAR CORPORATION WWTP
NC0002305,NC,textile,2024-11-30,DO,2.000589185,,,,,,,5.8,7.75,,,,,2024-11,LEAR CORPORATION WWTP
NC0002305,NC,textile,2024-11-30,EC,2.000589185,,,,,,380.0,203.4,270.0,,,,,2024-11,LEAR CORPORATION WWTP
NC0002305,NC,textile,2024-12-31,DO,1.8060191110000001,,,,,,,9.08,9.88,,,,,2024-12,LEAR CORPORATION WWTP
NC0002305,NC,textile,2024-12-31,EC,1.8060191110000001,,,,,,374.0,192.1,242.0,,,,,2024-12,LEAR CORPORATION WWTP
NC0006190,NC,textile,2019-01-31,Color,2.409034924,,,,,,63.6,,,,,,549.0,2019-01,SOUTH FORK INDUSTRIES - MAIDEN PLANT
NC0006190,NC,textile,2019-01-31,Cr,2.409034924,,,,,,0.018,,,,,,0.40200002,2019-01,SOUTH FORK INDUSTRIES - MAIDEN PLANT
NC0006190,NC,textile,2019-01-31,DO,2.409034924,,,,,,,11.92,11.97,,,,,2019-01,SOUTH FORK INDUSTRIES - MAIDEN PLANT
NC0006190,NC,textile,2019-01-31,EC,2.409034924,,,,,,2240.0,144.0,134.0,,,,,2019-01,SOUTH FORK INDUSTRIES - MAIDEN PLANT
NC0006190,NC,textile,2019-02-28,Color,2.5248684700000004,,,,,414.5,69.25,,,,,,549.0,2019-02,SOUTH FORK INDUSTRIES - MAIDEN PLANT
NC0006190,NC,textile,2019-02-28,DO,2.5248684700000004,,,,,,,11.15,11.04,,,,,2019-02,SOUTH FORK INDUSTRIES - MAIDEN PLANT
NC0006190,NC,textile,2019-02-28,EC,2.5248684700000004,,,,,,2400.0,145.0,137.0,,,,,2019-02,SOUTH FORK INDUSTRIES - MAIDEN PLANT
NC0006190,NC,textile,2019-03-31,Color,2.617611015,,,,,410.0,120.0,,,,,,549.0,2019-03,SOUTH FORK INDUSTRIES - MAIDEN PLANT
NC0006190,NC,textile,2019-03-31,DO,2.617611015,,,,,,,11.34,11.36,,,,,2019-03,SOUTH FORK INDUSTRIES - MAIDEN PLANT
NC0006190,NC,textile,2019-03-31,EC,2.617611015,,,,,,2230.0,128.0,121.0,,,,,2019-03,SOUTH FORK INDUSTRIES - MAIDEN PLANT
NC0006190,NC,textile,2019-04-30,Color,2.7266308230000003,,,,,972.4,89.4,55.0,104.0,,,,549.0,2019-04,SOUTH FORK INDUSTRIES - MAIDEN PLANT
NC0006190,NC,textile,2019-04-30,DO,2.7266308230000003,,,,,,,10.24,10.17,,,,,2019-04,SOUTH FORK INDUSTRIES - MAIDEN PLANT
NC0006190,NC,textile,2019-04-30,EC,2.7266308230000003,,,,,,2200.0,142.0,157.0,,,,,2019-04,SOUTH FORK INDUSTRIES - MAIDEN PLANT
NC0006190,NC,textile,2019-05-31,Color,2.582028161,,,,,438.75,79.0,33.0,34.0,,,,549.0,2019-05,SOUTH FORK INDUSTRIES - MAIDEN PLANT
NC0006190,NC,textile,2019-05-31,DO,2.582028161,,,,,,,9.18,9.25,,,,,2019-05,SOUTH FORK INDUSTRIES - MAIDEN PLANT
NC0006190,NC,textile,2019-05-31,EC,2.582028161,,,,,,2220.0,164.0,195.0,,,,,2019-05,SOUTH FORK INDUSTRIES - MAIDEN PLANT
NC0006190,NC,textile,2019-06-30,Color,2.617232474,,,,,415.25,87.25,76.0,71.0,,,,549.0,2019-06,SOUTH FORK INDUSTRIES - MAIDEN PLANT
NC0006190,NC,textile,2019-06-30,DO,2.617232474,,,,,,,8.41,8.21,,,,,2019-06,SOUTH FORK INDUSTRIES - MAIDEN PLANT
NC0006190,NC,textile,2019-06-30,EC,2.617232474,,,,,,2340.0,160.0,196.0,,,,,2019-06,SOUTH FORK INDUSTRIES - MAIDEN PLANT
NC0006190,NC,textile,2019-07-31,Color,2.154655372,,,,,335.2,62.8,97.0,108.0,,,,549.0,2019-07,SOUTH FORK INDUSTRIES - MAIDEN PLANT
NC0006190,NC,textile,2019-07-31,DO,2.154655372,,,,,,,8.16,8.03,,,,,2019-07,SOUTH FORK INDUSTRIES - MAIDEN PLANT
NC0006190,NC,textile,2019-07-31,EC,2.154655372,,,,,,2340.0,160.0,328.0,,,,,2019-07,SOUTH FORK INDUSTRIES - MAIDEN PLANT
NC0006190,NC,textile,2019-08-31,Color,2.75956389,,,,,382.5,83.75,43.0,46.0,,,,549.0,2019-08,SOUTH FORK INDUSTRIES - MAIDEN PLANT
NC0006190,NC,textile,2019-08-31,DO,2.75956389,,,,,,,8.34,8.11,,,,,2019-08,SOUTH FORK INDUSTRIES - MAIDEN PLANT
NC0006190,NC,textile,2019-08-31,EC,2.75956389,,,,,,2670.0,201.0,251.0,,,,,2019-08,SOUTH FORK INDUSTRIES - MAIDEN PLANT
NC0006190,NC,textile,2019-09-30,Color,2.251940409,,,,,393.75,107.25,30.0,50.0,,,,549.0,2019-09,SOUTH FORK INDUSTRIES - MAIDEN PLANT
NC0006190,NC,textile,2019-09-30,DO,2.251940409,,,,,,,8.34,7.86,,,,,2019-09,SOUTH FORK INDUSTRIES - MAIDEN PLANT
NC0006190,NC,textile,2019-09-30,EC,2.251940409,,,,,,2820.0,208.0,303.0,,,,,2019-09,SOUTH FORK INDUSTRIES - MAIDEN PLANT
NC0006190,NC,textile,2019-10-31,Color,2.1819103240000004,,,,,459.4,133.6,60.0,77.0,,,,549.0,2019-10,SOUTH FORK INDUSTRIES - MAIDEN PLANT
NC0006190,NC,textile,2019-10-31,DO,2.1819103240000004,,,,,,,9.96,9.69,,,,,2019-10,SOUTH FORK INDUSTRIES - MAIDEN PLANT
NC0006190,NC,textile,2019-10-31,EC,2.1819103240000004,,,,,,2400.0,175.0,232.0,,,,,2019-10,SOUTH FORK INDUSTRIES - MAIDEN PLANT
NC0006190,NC,textile,2019-11-30,Color,1.657252498,,,,,888.0,111.5,,,,,,549.0,2019-11,SOUTH FORK INDUSTRIES - MAIDEN PLANT
NC0006190,NC,textile,2019-11-30,DO,1.657252498,,,,,,,11.86,11.93,,,,,2019-11,SOUTH FORK INDUSTRIES - MAIDEN PLANT
NC0006190,NC,textile,2019-11-30,EC,1.657252498,,,,,,2260.0,181.0,206.0,,,,,2019-11,SOUTH FORK INDUSTRIES - MAIDEN PLANT
NC0006190,NC,textile,2019-12-31,Color,1.410443766,,,,,791.8,107.0,,,,,,549.0,2019-12,SOUTH FORK INDUSTRIES - MAIDEN PLANT
NC0006190,NC,textile,2019-12-31,DO,1.410443766,,,,,,,11.7,11.68,,,,,2019-12,SOUTH FORK INDUSTRIES - MAIDEN PLANT
NC0006190,NC,textile,2019-12-31,EC,1.410443766,,,,,,2490.0,144.0,161.0,,,,,2019-12,SOUTH FORK INDUSTRIES - MAIDEN PLANT
NC0006190,NC,textile,2020-01-31,Color,1.888541049,,,,,271.75,115.5,,,,,,549.0,2020-01,SOUTH FORK INDUSTRIES - MAIDEN PLANT
NC0006190,NC,textile,2020-01-31,DO,1.888541049,,,,,,,12.08,12.32,,,,,2020-01,SOUTH FORK INDUSTRIES - MAIDEN PLANT
NC0006190,NC,textile,2020-01-31,EC,1.888541049,,,,,,2470.0,141.0,150.0,,,,,2020-01,SOUTH FORK INDUSTRIES - MAIDEN PLANT
NC0006190,NC,textile,2020-02-29,Color,1.74885942,,,,,253.5,106.25,,,,,,549.0,2020-02,SOUTH FORK INDUSTRIES - MAIDEN PLANT
NC0006190,NC,textile,2020-02-29,DO,1.74885942,,,,,,,10.77,10.59,,,,,2020-02,SOUTH FORK INDUSTRIES - MAIDEN PLANT
NC0006190,NC,textile,2020-02-29,EC,1.74885942,,,,,,2040.0,130.0,142.0,,,,,2020-02,SOUTH FORK INDUSTRIES - MAIDEN PLANT
NC0006190,NC,textile,2020-03-31,Color,1.7685435520000001,,,,,266.25,80.0,,,,,,549.0,2020-03,SOUTH FORK INDUSTRIES - MAIDEN PLANT
NC0006190,NC,textile,2020-03-31,DO,1.7685435520000001,,,,,,,10.39,10.07,,,,,2020-03,SOUTH FORK INDUSTRIES - MAIDEN PLANT
NC0006190,NC,textile,2020-03-31,EC,1.7685435520000001,,,,,,2220.0,325.0,1850.0,,,,,2020-03,SOUTH FORK INDUSTRIES - MAIDEN PLANT
NC0006190,NC,textile,2020-04-30,Color,1.9880973320000002,,,,,282.4,105.6,124.0,111.0,,,,549.0,2020-04,SOUTH FORK INDUSTRIES - MAIDEN PLANT
NC0006190,NC,textile,2020-04-30,DO,1.9880973320000002,,,,,,,10.53,10.26,,,,,2020-04,SOUTH FORK INDUSTRIES - MAIDEN PLANT
NC0006190,NC,textile,2020-04-30,EC,1.9880973320000002,,,,,,2090.0,138.0,148.0,,,,,2020-04,SOUTH FORK INDUSTRIES - MAIDEN PLANT
NC0006190,NC,textile,2020-05-31,Color,1.3805390270000002,,,,,433.25,143.5,79.0,90.0,,,,549.0,2020-05,SOUTH FORK INDUSTRIES - MAIDEN PLANT
NC0006190,NC,textile,2020-05-31,DO,1.3805390270000002,,,,,,,13.9,10.91,,,,,2020-05,SOUTH FORK INDUSTRIES - MAIDEN PLANT
NC0006190,NC,textile,2020-05-31,EC,1.3805390270000002,,,,,,2620.0,169.0,145.0,,,,,2020-05,SOUTH FORK INDUSTRIES - MAIDEN PLANT
NC0006190,NC,textile,2020-06-30,Color,1.2431286440000002,,,,,660.6,122.2,64.0,67.0,,,,549.0,2020-06,SOUTH FORK INDUSTRIES - MAIDEN PLANT
NC0006190,NC,textile,2020-06-30,DO,1.2431286440000002,,,,,,,9.07,9.07,,,,,2020-06,SOUTH FORK INDUSTRIES - MAIDEN PLANT
NC0006190,NC,textile,2020-06-30,EC,1.2431286440000002,,,,,,2620.0,138.0,155.0,,,,,2020-06,SOUTH FORK INDUSTRIES - MAIDEN PLANT
NC0006190,NC,textile,2020-07-31,Color,0.9951842890000001,,,,,312.0,131.0,33.0,38.0,,,,549.0,2020-07,SOUTH FORK INDUSTRIES - MAIDEN PLANT
NC0006190,NC,textile,2020-07-31,EC,0.9951842890000001,,,,,,3010.0,,,,,,,2020-07,SOUTH FORK INDUSTRIES - MAIDEN PLANT
NC0006190,NC,textile,2020-08-31,Color,1.203003298,,,,,492.0,63.0,161.0,144.0,,,,549.0,2020-08,SOUTH FORK INDUSTRIES - MAIDEN PLANT
NC0006190,NC,textile,2020-08-31,DO,1.203003298,,,,,,,7.97,7.84,,,,,2020-08,SOUTH FORK INDUSTRIES - MAIDEN PLANT
NC0006190,NC,textile,2020-08-31,EC,1.203003298,,,,,,2710.0,150.0,163.0,,,,,2020-08,SOUTH FORK INDUSTRIES - MAIDEN PLANT
NC0006190,NC,textile,2020-09-30,Color,1.460411178,,,,,816.4,87.8,114.0,119.0,,,,549.0,2020-09,SOUTH FORK INDUSTRIES - MAIDEN PLANT
NC0006190,NC,textile,2020-09-30,DO,1.460411178,,,,,,,8.76,8.68,,,,,2020-09,SOUTH FORK INDUSTRIES - MAIDEN PLANT
NC0006190,NC,textile,2020-09-30,EC,1.460411178,,,,,,2670.0,146.0,170.0,,,,,2020-09,SOUTH FORK INDUSTRIES - MAIDEN PLANT
NC0006190,NC,textile,2020-10-31,Color,1.2908248100000002,,,,,,116.25,137.0,43.0,,,,549.0,2020-10,SOUTH FORK INDUSTRIES - MAIDEN PLANT
NC0006190,NC,textile,2020-10-31,DO,1.2908248100000002,,,,,,,9.39,9.38,,,,,2020-10,SOUTH FORK INDUSTRIES - MAIDEN PLANT
NC0006190,NC,textile,2020-10-31,EC,1.2908248100000002,,,,,,3030.0,146.0,160.0,,,,,2020-10,SOUTH FORK INDUSTRIES - MAIDEN PLANT
NC0006190,NC,textile,2020-11-30,Color,1.387352765,,,,,,146.3333,,,,,,549.0,2020-11,SOUTH FORK INDUSTRIES - MAIDEN PLANT
NC0006190,NC,textile,2020-11-30,DO,1.387352765,,,,,,,10.59,10.54,,,,,2020-11,SOUTH FORK INDUSTRIES - MAIDEN PLANT
NC0006190,NC,textile,2020-11-30,EC,1.387352765,,,,,,2040.0,139.0,140.0,,,,,2020-11,SOUTH FORK INDUSTRIES - MAIDEN PLANT
NC0006190,NC,textile,2020-12-31,Color,1.190511445,,,,,,170.8,,,,,,549.0,2020-12,SOUTH FORK INDUSTRIES - MAIDEN PLANT
NC0006190,NC,textile,2020-12-31,DO,1.190511445,,,,,,,12.01,12.01,,,,,2020-12,SOUTH FORK INDUSTRIES - MAIDEN PLANT
NC0006190,NC,textile,2020-12-31,EC,1.190511445,,,,,,2000.0,124.0,118.0,,,,,2020-12,SOUTH FORK INDUSTRIES - MAIDEN PLANT
NC0006190,NC,textile,2021-01-31,Color,1.1458436070000002,,,,,,158.0,,,,,,549.0,2021-01,SOUTH FORK INDUSTRIES - MAIDEN PLANT
NC0006190,NC,textile,2021-01-31,DO,1.1458436070000002,,,,,,,12.09,12.25,,,,,2021-01,SOUTH FORK INDUSTRIES - MAIDEN PLANT
NC0006190,NC,textile,2021-01-31,EC,1.1458436070000002,,,,,,2280.0,137.0,126.0,,,,,2021-01,SOUTH FORK INDUSTRIES - MAIDEN PLANT
NC0006190,NC,textile,2021-02-28,Color,1.8007195370000002,,,,,,209.0,,,,,,549.0,2021-02,SOUTH FORK INDUSTRIES - MAIDEN PLANT
NC0006190,NC,textile,2021-02-28,DO,1.8007195370000002,,,,,,,11.59,11.61,,,,,2021-02,SOUTH FORK INDUSTRIES - MAIDEN PLANT
NC0006190,NC,textile,2021-02-28,EC,1.8007195370000002,,,,,,2790.0,126.0,131.0,,,,,2021-02,SOUTH FORK INDUSTRIES - MAIDEN PLANT
NC0006190,NC,textile,2021-03-31,Color,1.797312668,,,,,,166.5,,,,,,549.0,2021-03,SOUTH FORK INDUSTRIES - MAIDEN PLANT
NC0006190,NC,textile,2021-03-31,DO,1.797312668,,,,,,,11.73,11.57,,,,,2021-03,SOUTH FORK INDUSTRIES - MAIDEN PLANT
NC0006190,NC,textile,2021-03-31,EC,1.797312668,,,,,,2610.0,135.8,137.0,,,,,2021-03,SOUTH FORK INDUSTRIES - MAIDEN PLANT
NC0006190,NC,textile,2021-04-30,Color,2.1610905689999997,,,,,,205.0,45.0,43.0,,,,549.0,2021-04,SOUTH FORK INDUSTRIES - MAIDEN PLANT
NC0006190,NC,textile,2021-04-30,DO,2.1610905689999997,,,,,,,9.95,9.61,,,,,2021-04,SOUTH FORK INDUSTRIES - MAIDEN PLANT
NC0006190,NC,textile,2021-04-30,EC,2.1610905689999997,,,,,,2280.0,134.9,142.1,,,,,2021-04,SOUTH FORK INDUSTRIES - MAIDEN PLANT
NC0006190,NC,textile,2021-05-31,Color,1.9369942970000003,,,,,,197.0,32.0,39.0,,,,549.0,2021-05,SOUTH FORK INDUSTRIES - MAIDEN PLANT
NC0006190,NC,textile,2021-05-31,DO,1.9369942970000003,,,,,,,8.97,8.59,,,,,2021-05,SOUTH FORK INDUSTRIES - MAIDEN PLANT
NC0006190,NC,textile,2021-05-31,EC,1.9369942970000003,,,,,,1882.0,140.8,169.9,,,,,2021-05,SOUTH FORK INDUSTRIES - MAIDEN PLANT
NC0006190,NC,textile,2021-06-30,Color,2.031629547,,,,,,368.9,64.0,61.0,,,,549.0,2021-06,SOUTH FORK INDUSTRIES - MAIDEN PLANT
NC0006190,NC,textile,2021-06-30,DO,2.031629547,,,,,,,9.06,8.68,,,,,2021-06,SOUTH FORK INDUSTRIES - MAIDEN PLANT
NC0006190,NC,textile,2021-06-30,EC,2.031629547,,,,,,2660.0,158.0,210.0,,,,,2021-06,SOUTH FORK INDUSTRIES - MAIDEN PLANT
NC0006190,NC,textile,2021-07-31,Color,1.257134661,,,,,,297.75,43.0,54.0,,,,549.0,2021-07,SOUTH FORK INDUSTRIES - MAIDEN PLANT
NC0006190,NC,textile,2021-07-31,DO,1.257134661,,,,,,,8.15,8.35,,,,,2021-07,SOUTH FORK INDUSTRIES - MAIDEN PLANT
NC0006190,NC,textile,2021-07-31,EC,1.257134661,,,,,,3170.0,162.2,226.0,,,,,2021-07,SOUTH FORK INDUSTRIES - MAIDEN PLANT
NC0006190,NC,textile,2021-08-31,Color,1.7295538289999999,,,,,,276.0,44.0,51.0,,,,549.0,2021-08,SOUTH FORK INDUSTRIES - MAIDEN PLANT
NC0006190,NC,textile,2021-08-31,DO,1.7295538289999999,,,,,,,8.13,7.84,,,,,2021-08,SOUTH FORK INDUSTRIES - MAIDEN PLANT
NC0006190,NC,textile,2021-08-31,EC,1.7295538289999999,,,,,,2550.0,218.0,224.0,,,,,2021-08,SOUTH FORK INDUSTRIES - MAIDEN PLANT
NC0006190,NC,textile,2021-09-30,Color,1.9952896110000002,,,,,,333.2,33.0,31.0,,,,549.0,2021-09,SOUTH FORK INDUSTRIES - MAIDEN PLANT
NC0006190,NC,textile,2021-09-30,DO,1.9952896110000002,,,,,,,8.89,8.73,,,,,2021-09,SOUTH FORK INDUSTRIES - MAIDEN PLANT
NC0006190,NC,textile,2021-09-30,EC,1.9952896110000002,,,,,,3120.0,253.0,280.0,,,,,2021-09,SOUTH FORK INDUSTRIES - MAIDEN PLANT
NC0006190,NC,textile,2021-10-31,Color,1.7359890260000002,,,,,,212.25,16.0,22.0,,,,549.0,2021-10,SOUTH FORK INDUSTRIES - MAIDEN PLANT
NC0006190,NC,textile,2021-10-31,DO,1.7359890260000002,,,,,,,10.52,10.52,,,,,2021-10,SOUTH FORK INDUSTRIES - MAIDEN PLANT
NC0006190,NC,textile,2021-10-31,EC,1.7359890260000002,,,,,,2900.0,168.8,249.0,,,,,2021-10,SOUTH FORK INDUSTRIES - MAIDEN PLANT
NC0006190,NC,textile,2021-11-30,Color,1.9263951490000002,,,,,,268.8,,,,,,549.0,2021-11,SOUTH FORK INDUSTRIES - MAIDEN PLANT
NC0006190,NC,textile,2021-11-30,DO,1.9263951490000002,,,,,,,12.74,12.11,,,,,2021-11,SOUTH FORK INDUSTRIES - MAIDEN PLANT
NC0006190,NC,textile,2021-11-30,EC,1.9263951490000002,,,,,,3120.0,165.1,260.0,,,,,2021-11,SOUTH FORK INDUSTRIES - MAIDEN PLANT
NC0006190,NC,textile,2021-12-31,Color,1.5024292289999999,,,,,,308.75,,,,,,549.0,2021-12,SOUTH FORK INDUSTRIES - MAIDEN PLANT
NC0006190,NC,textile,2021-12-31,DO,1.5024292289999999,,,,,,,12.36,12.09,,,,,2021-12,SOUTH FORK INDUSTRIES - MAIDEN PLANT
NC0006190,NC,textile,2021-12-31,EC,1.5024292289999999,,,,,,3140.0,170.4,246.0,,,,,2021-12,SOUTH FORK INDUSTRIES - MAIDEN PLANT
NC0006190,NC,textile,2022-01-31,Color,1.507728803,,,,,,259.75,,,,,,549.0,2022-01,SOUTH FORK INDUSTRIES - MAIDEN PLANT
NC0006190,NC,textile,2022-01-31,DO,1.507728803,,,,,,,13.3,13.26,,,,,2022-01,SOUTH FORK INDUSTRIES - MAIDEN PLANT
NC0006190,NC,textile,2022-01-31,EC,1.507728803,,,,,,2620.0,373.0,350.0,,,,,2022-01,SOUTH FORK INDUSTRIES - MAIDEN PLANT
NC0006190,NC,textile,2022-02-28,Color,1.7318250750000002,,,,,,353.0,,,,,,549.0,2022-02,SOUTH FORK INDUSTRIES - MAIDEN PLANT
NC0006190,NC,textile,2022-02-28,DO,1.7318250750000002,,,,,,,13.15,13.05,,,,,2022-02,SOUTH FORK INDUSTRIES - MAIDEN PLANT
NC0006190,NC,textile,2022-02-28,EC,1.7318250750000002,,,,,,3060.0,164.4,205.0,,,,,2022-02,SOUTH FORK INDUSTRIES - MAIDEN PLANT
NC0006190,NC,textile,2022-03-31,Color,1.821160751,,,,,,256.2,,,,,,549.0,2022-03,SOUTH FORK INDUSTRIES - MAIDEN PLANT
NC0006190,NC,textile,2022-03-31,DO,1.821160751,,,,,,,11.64,11.42,,,,,2022-03,SOUTH FORK INDUSTRIES - MAIDEN PLANT
NC0006190,NC,textile,2022-03-31,EC,1.821160751,,,,,,2870.0,145.7,170.3,,,,,2022-03,SOUTH FORK INDUSTRIES - MAIDEN PLANT
NC0006190,NC,textile,2022-04-30,Color,1.9256380670000002,,,,,,266.5,0.0,32.0,,,,549.0,2022-04,SOUTH FORK INDUSTRIES - MAIDEN PLANT
NC0006190,NC,textile,2022-04-30,DO,1.9256380670000002,,,,,,,10.5,10.15,,,,,2022-04,SOUTH FORK INDUSTRIES - MAIDEN PLANT
NC0006190,NC,textile,2022-04-30,EC,1.9256380670000002,,,,,,2780.0,142.6,178.2,,,,,2022-04,SOUTH FORK INDUSTRIES - MAIDEN PLANT
NC0006190,NC,textile,2022-05-31,Color,2.151627044,,,,,,162.0,90.0,95.0,,,,549.0,2022-05,SOUTH FORK INDUSTRIES - MAIDEN PLANT
NC0006190,NC,textile,2022-05-31,DO,2.151627044,,,,,,,9.8,9.42,,,,,2022-05,SOUTH FORK INDUSTRIES - MAIDEN PLANT
NC0006190,NC,textile,2022-05-31,EC,2.151627044,,,,,,2920.0,187.1,237.0,,,,,2022-05,SOUTH FORK INDUSTRIES - MAIDEN PLANT
NC0006190,NC,textile,2022-06-30,Color,2.23717731,,,,,,251.0,11.0,25.0,,,,549.0,2022-06,SOUTH FORK INDUSTRIES - MAIDEN PLANT
NC0006190,NC,textile,2022-06-30,DO,2.23717731,,,,,,,8.64,8.24,,,,,2022-06,SOUTH FORK INDUSTRIES - MAIDEN PLANT
NC0006190,NC,textile,2022-06-30,EC,2.23717731,,,,,,3050.0,209.0,317.0,,,,,2022-06,SOUTH FORK INDUSTRIES - MAIDEN PLANT
NC0006190,NC,textile,2022-07-31,Color,1.386974224,,,,,,197.25,31.0,36.0,,,,549.0,2022-07,SOUTH FORK INDUSTRIES - MAIDEN PLANT
NC0006190,NC,textile,2022-07-31,DO,1.386974224,,,,,,,7.95,7.62,,,,,2022-07,SOUTH FORK INDUSTRIES - MAIDEN PLANT
NC0006190,NC,textile,2022-07-31,EC,1.386974224,,,,,,3040.0,185.1,282.0,,,,,2022-07,SOUTH FORK INDUSTRIES - MAIDEN PLANT
NC0006190,NC,textile,2022-08-31,Color,2.071754893,,,,,,226.0,53.0,60.0,,,,549.0,2022-08,SOUTH FORK INDUSTRIES - MAIDEN PLANT
NC0006190,NC,textile,2022-08-31,DO,2.071754893,,,,,,,8.07,7.76,,,,,2022-08,SOUTH FORK INDUSTRIES - MAIDEN PLANT
NC0006190,NC,textile,2022-08-31,EC,2.071754893,,,,,,2830.0,185.3,277.0,,,,,2022-08,SOUTH FORK INDUSTRIES - MAIDEN PLANT
NC0006190,NC,textile,2022-09-30,Color,1.9805265120000002,,,,,,248.75,89.0,95.0,,,,549.0,2022-09,SOUTH FORK INDUSTRIES - MAIDEN PLANT
NC0006190,NC,textile,2022-09-30,DO,1.9805265120000002,,,,,,,9.8,9.34,,,,,2022-09,SOUTH FORK INDUSTRIES - MAIDEN PLANT
NC0006190,NC,textile,2022-09-30,EC,1.9805265120000002,,,,,,3160.0,204.0,317.0,,,,,2022-09,SOUTH FORK INDUSTRIES - MAIDEN PLANT
NC0006190,NC,textile,2022-10-31,Color,2.199701751,,,,,,217.0,16.0,23.0,,,,549.0,2022-10,SOUTH FORK INDUSTRIES - MAIDEN PLANT
NC0006190,NC,textile,2022-10-31,DO,2.199701751,,,,,,,10.89,10.47,,,,,2022-10,SOUTH FORK INDUSTRIES - MAIDEN PLANT
NC0006190,NC,textile,2022-10-31,EC,2.199701751,,,,,,2950.0,296.0,283.0,,,,,2022-10,SOUTH FORK INDUSTRIES - MAIDEN PLANT
NC0006190,NC,textile,2022-11-30,Color,2.332948183,,,,,,129.4,,,,,,549.0,2022-11,SOUTH FORK INDUSTRIES - MAIDEN PLANT
NC0006190,NC,textile,2022-11-30,DO,2.332948183,,,,,,,12.28,11.92,,,,,2022-11,SOUTH FORK INDUSTRIES - MAIDEN PLANT
NC0006190,NC,textile,2022-11-30,EC,2.332948183,,,,,,2630.0,162.1,197.2,,,,,2022-11,SOUTH FORK INDUSTRIES - MAIDEN PLANT
NC0006190,NC,textile,2022-12-31,Color,1.576244724,,,,,,106.125,,,,,,549.0,2022-12,SOUTH FORK INDUSTRIES - MAIDEN PLANT
NC0006190,NC,textile,2022-12-31,DO,1.576244724,,,,,,,13.26,13.29,,,,,2022-12,SOUTH FORK INDUSTRIES - MAIDEN PLANT
NC0006190,NC,textile,2022-12-31,EC,1.576244724,,,,,,2300.0,150.6,184.1,,,,,2022-12,SOUTH FORK INDUSTRIES - MAIDEN PLANT
NC0006190,NC,textile,2023-01-31,Color,2.215979014,,,,,,98.8333,,,,,,549.0,2023-01,SOUTH FORK INDUSTRIES - MAIDEN PLANT
NC0006190,NC,textile,2023-01-31,DO,2.215979014,,,,,,,12.1,12.15,,,,,2023-01,SOUTH FORK INDUSTRIES - MAIDEN PLANT
NC0006190,NC,textile,2023-01-31,EC,2.215979014,,,,,,1972.0,149.3,156.8,,,,,2023-01,SOUTH FORK INDUSTRIES - MAIDEN PLANT
NC0006190,NC,textile,2023-02-28,Color,1.920717034,,,,,,81.125,,,,,,549.0,2023-02,SOUTH FORK INDUSTRIES - MAIDEN PLANT
NC0006190,NC,textile,2023-02-28,DO,1.920717034,,,,,,,11.99,11.41,,,,,2023-02,SOUTH FORK INDUSTRIES - MAIDEN PLANT
NC0006190,NC,textile,2023-02-28,EC,1.920717034,,,,,,2060.0,139.1,156.5,,,,,2023-02,SOUTH FORK INDUSTRIES - MAIDEN PLANT
NC0006190,NC,textile,2023-03-31,Color,2.060777204,,,,,,100.625,,,,,,549.0,2023-03,SOUTH FORK INDUSTRIES - MAIDEN PLANT
NC0006190,NC,textile,2023-03-31,DO,2.060777204,,,,,,,11.8,11.55,,,,,2023-03,SOUTH FORK INDUSTRIES - MAIDEN PLANT
NC0006190,NC,textile,2023-03-31,EC,2.060777204,,,,,,1988.0,161.5,153.8,,,,,2023-03,SOUTH FORK INDUSTRIES - MAIDEN PLANT
NC0006190,NC,textile,2023-04-30,Color,1.9074680990000001,,,,,,73.5,93.0,89.0,,,,549.0,2023-04,SOUTH FORK INDUSTRIES - MAIDEN PLANT
NC0006190,NC,textile,2023-04-30,DO,1.9074680990000001,,,,,,,10.62,10.23,,,,,2023-04,SOUTH FORK INDUSTRIES - MAIDEN PLANT
NC0006190,NC,textile,2023-04-30,EC,1.9074680990000001,,,,,,2290.0,174.0,185.0,,,,,2023-04,SOUTH FORK INDUSTRIES - MAIDEN PLANT
NC0006190,NC,textile,2023-05-31,Color,1.9562998880000002,,,,,,92.6,25.0,43.0,,,,549.0,2023-05,SOUTH FORK INDUSTRIES - MAIDEN PLANT
NC0006190,NC,textile,2023-05-31,DO,1.9562998880000002,,,,,,,9.66,9.3,,,,,2023-05,SOUTH FORK INDUSTRIES - MAIDEN PLANT
NC0006190,NC,textile,2023-05-31,EC,1.9562998880000002,,,,,,2240.0,173.0,201.0,,,,,2023-05,SOUTH FORK INDUSTRIES - MAIDEN PLANT
NC0006190,NC,textile,2023-06-30,Color,1.726525501,,,,,,86.25,51.0,178.0,,,,549.0,2023-06,SOUTH FORK INDUSTRIES - MAIDEN PLANT
NC0006190,NC,textile,2023-06-30,DO,1.726525501,,,,,,,8.83,8.7,,,,,2023-06,SOUTH FORK INDUSTRIES - MAIDEN PLANT
NC0006190,NC,textile,2023-06-30,EC,1.726525501,,,,,,2270.0,175.0,193.0,,,,,2023-06,SOUTH FORK INDUSTRIES - MAIDEN PLANT
NC0006190,NC,textile,2023-07-31,Color,1.2544848739999999,,,,,,92.125,24.0,29.0,,,,549.0,2023-07,SOUTH FORK INDUSTRIES - MAIDEN PLANT
NC0006190,NC,textile,2023-07-31,DO,1.2544848739999999,,,,,,,8.03,7.75,,,,,2023-07,SOUTH FORK INDUSTRIES - MAIDEN PLANT
NC0006190,NC,textile,2023-07-31,EC,1.2544848739999999,,,,,,2210.0,211.0,273.0,,,,,2023-07,SOUTH FORK INDUSTRIES - MAIDEN PLANT
NC0006190,NC,textile,2023-08-31,Color,1.8945977049999998,,,,,,80.8,49.0,45.0,,,,549.0,2023-08,SOUTH FORK INDUSTRIES - MAIDEN PLANT
NC0006190,NC,textile,2023-08-31,DO,1.8945977049999998,,,,,,,8.09,7.68,,,,,2023-08,SOUTH FORK INDUSTRIES - MAIDEN PLANT
NC0006190,NC,textile,2023-08-31,EC,1.8945977049999998,,,,,,2480.0,198.0,288.0,,,,,2023-08,SOUTH FORK INDUSTRIES - MAIDEN PLANT
NC0006190,NC,textile,2023-09-30,Color,1.5247631480000001,,,,,,79.5,34.0,43.0,,,,549.0,2023-09,SOUTH FORK INDUSTRIES - MAIDEN PLANT
NC0006190,NC,textile,2023-09-30,DO,1.5247631480000001,,,,,,,8.78,8.48,,,,,2023-09,SOUTH FORK INDUSTRIES - MAIDEN PLANT
NC0006190,NC,textile,2023-09-30,EC,1.5247631480000001,,,,,,2210.0,229.0,265.0,,,,,2023-09,SOUTH FORK INDUSTRIES - MAIDEN PLANT
NC0006190,NC,textile,2023-10-31,Color,1.689049942,,,,,,127.2,17.0,21.0,,,,549.0,2023-10,SOUTH FORK INDUSTRIES - MAIDEN PLANT
NC0006190,NC,textile,2023-10-31,DO,1.689049942,,,,,,,10.53,9.71,,,,,2023-10,SOUTH FORK INDUSTRIES - MAIDEN PLANT
NC0006190,NC,textile,2023-10-31,EC,1.689049942,,,,,,2530.0,223.0,283.0,,,,,2023-10,SOUTH FORK INDUSTRIES - MAIDEN PLANT
NC0006190,NC,textile,2023-11-30,Color,1.734096321,,,,,,111.0,,,,,,549.0,2023-11,SOUTH FORK INDUSTRIES - MAIDEN PLANT
NC0006190,NC,textile,2023-11-30,DO,1.734096321,,,,,,,12.29,11.68,,,,,2023-11,SOUTH FORK INDUSTRIES - MAIDEN PLANT
NC0006190,NC,textile,2023-11-30,EC,1.734096321,,,,,,2530.0,204.0,268.0,,,,,2023-11,SOUTH FORK INDUSTRIES - MAIDEN PLANT
NC0006190,NC,textile,2023-12-31,Color,1.2681123500000002,,,,,,194.875,,,,,,549.0,2023-12,SOUTH FORK INDUSTRIES - MAIDEN PLANT
NC0006190,NC,textile,2023-12-31,DO,1.2681123500000002,,,,,,,11.88,11.64,,,,,2023-12,SOUTH FORK INDUSTRIES - MAIDEN PLANT
NC0006190,NC,textile,2023-12-31,EC,1.2681123500000002,,,,,,2580.0,200.0,248.0,,,,,2023-12,SOUTH FORK INDUSTRIES - MAIDEN PLANT
NC0006190,NC,textile,2024-01-31,Color,1.9983179390000003,,,,,,109.0,,,,,,549.0,2024-01,SOUTH FORK INDUSTRIES - MAIDEN PLANT
NC0006190,NC,textile,2024-01-31,DO,1.9983179390000003,,,,,,,12.73,12.37,,,,,2024-01,SOUTH FORK INDUSTRIES - MAIDEN PLANT
NC0006190,NC,textile,2024-01-31,EC,1.9983179390000003,,,,,,2020.0,173.4,181.9,,,,,2024-01,SOUTH FORK INDUSTRIES - MAIDEN PLANT
NC0006190,NC,textile,2024-02-29,Color,1.696620762,,,,,,173.5,,,,,,549.0,2024-02,SOUTH FORK INDUSTRIES - MAIDEN PLANT
NC0006190,NC,textile,2024-02-29,DO,1.696620762,,,,,,,11.87,11.64,,,,,2024-02,SOUTH FORK INDUSTRIES - MAIDEN PLANT
NC0006190,NC,textile,2024-02-29,EC,1.696620762,,,,,,1994.0,169.0,177.0,,,,,2024-02,SOUTH FORK INDUSTRIES - MAIDEN PLANT
NC0006190,NC,textile,2024-03-31,Color,1.476688441,,,,,,99.0,,,,,,549.0,2024-03,SOUTH FORK INDUSTRIES - MAIDEN PLANT
NC0006190,NC,textile,2024-03-31,DO,1.476688441,,,,,,,10.79,10.34,,,,,2024-03,SOUTH FORK INDUSTRIES - MAIDEN PLANT
NC0006190,NC,textile,2024-03-31,EC,1.476688441,,,,,,2100.0,170.6,171.0,,,,,2024-03,SOUTH FORK INDUSTRIES - MAIDEN PLANT
NC0006190,NC,textile,2024-04-30,Color,1.542554575,,,,,,68.4,22.0,17.0,,,,549.0,2024-04,SOUTH FORK INDUSTRIES - MAIDEN PLANT
NC0006190,NC,textile,2024-04-30,DO,1.542554575,,,,,,,10.02,9.56,,,,,2024-04,SOUTH FORK INDUSTRIES - MAIDEN PLANT
NC0006190,NC,textile,2024-04-30,EC,1.542554575,,,,,,1907.0,174.0,188.3,,,,,2024-04,SOUTH FORK INDUSTRIES - MAIDEN PLANT
NC0006190,NC,textile,2024-05-31,Color,1.255241956,,,,,,73.0,23.0,22.0,,,,549.0,2024-05,SOUTH FORK INDUSTRIES - MAIDEN PLANT
NC0006190,NC,textile,2024-05-31,DO,1.255241956,,,,,,,8.67,8.44,,,,,2024-05,SOUTH FORK INDUSTRIES - MAIDEN PLANT
NC0006190,NC,textile,2024-05-31,EC,1.255241956,,,,,,1468.0,165.6,156.2,,,,,2024-05,SOUTH FORK INDUSTRIES - MAIDEN PLANT
NC0006190,NC,textile,2024-06-30,Color,1.7269040420000001,,,,,,163.25,22.0,33.0,,,,549.0,2024-06,SOUTH FORK INDUSTRIES - MAIDEN PLANT
NC0006190,NC,textile,2024-06-30,DO,1.7269040420000001,,,,,,,8.28,7.94,,,,,2024-06,SOUTH FORK INDUSTRIES - MAIDEN PLANT
NC0006190,NC,textile,2024-06-30,EC,1.7269040420000001,,,,,,1984.0,192.0,272.0,,,,,2024-06,SOUTH FORK INDUSTRIES - MAIDEN PLANT
NC0006190,NC,textile,2024-07-31,Color,1.673908302,,,,,,199.2,42.0,58.0,,,,549.0,2024-07,SOUTH FORK INDUSTRIES - MAIDEN PLANT
NC0006190,NC,textile,2024-07-31,DO,1.673908302,,,,,,,8.03,7.8,,,,,2024-07,SOUTH FORK INDUSTRIES - MAIDEN PLANT
NC0006190,NC,textile,2024-07-31,EC,1.673908302,,,,,,1947.0,215.0,281.0,,,,,2024-07,SOUTH FORK INDUSTRIES - MAIDEN PLANT
NC0006190,NC,textile,2024-08-31,Color,2.2473979170000002,,,,,,310.25,21.0,22.0,,,,549.0,2024-08,SOUTH FORK INDUSTRIES - MAIDEN PLANT
NC0006190,NC,textile,2024-08-31,DO,2.2473979170000002,,,,,,,8.44,8.11,,,,,2024-08,SOUTH FORK INDUSTRIES - MAIDEN PLANT
NC0006190,NC,textile,2024-08-31,EC,2.2473979170000002,,,,,,1870.0,191.3,200.0,,,,,2024-08,SOUTH FORK INDUSTRIES - MAIDEN PLANT
NC0006190,NC,textile,2024-09-30,Color,2.6463801310000004,,,,,,577.0,47.0,85.0,,,,549.0,2024-09,SOUTH FORK INDUSTRIES - MAIDEN PLANT
NC0006190,NC,textile,2024-09-30,DO,2.6463801310000004,,,,,,,8.74,8.39,,,,,2024-09,SOUTH FORK INDUSTRIES - MAIDEN PLANT
NC0006190,NC,textile,2024-09-30,EC,2.6463801310000004,,,,,,2090.0,202.0,251.0,,,,,2024-09,SOUTH FORK INDUSTRIES - MAIDEN PLANT
NC0006190,NC,textile,2024-10-31,Color,2.728902069,,,,,,469.8,31.0,38.0,,,,549.0,2024-10,SOUTH FORK INDUSTRIES - MAIDEN PLANT
NC0006190,NC,textile,2024-10-31,DO,2.728902069,,,,,,,9.66,9.11,,,,,2024-10,SOUTH FORK INDUSTRIES - MAIDEN PLANT
NC0006190,NC,textile,2024-10-31,EC,2.728902069,,,,,,2310.0,193.3,208.0,,,,,2024-10,SOUTH FORK INDUSTRIES - MAIDEN PLANT
NC0006190,NC,textile,2024-11-30,Color,2.399571399,,,,,,359.0,,,,,,549.0,2024-11,SOUTH FORK INDUSTRIES - MAIDEN PLANT
NC0006190,NC,textile,2024-11-30,DO,2.399571399,,,,,,,10.88,10.2,,,,,2024-11,SOUTH FORK INDUSTRIES - MAIDEN PLANT
NC0006190,NC,textile,2024-11-30,EC,2.399571399,,,,,,2110.0,176.0,213.0,,,,,2024-11,SOUTH FORK INDUSTRIES - MAIDEN PLANT
NC0006190,NC,textile,2024-12-31,Color,1.871128163,,,,,,381.5,,,,,,549.0,2024-12,SOUTH FORK INDUSTRIES - MAIDEN PLANT
NC0006190,NC,textile,2024-12-31,DO,1.871128163,,,,,,,12.51,12.78,,,,,2024-12,SOUTH FORK INDUSTRIES - MAIDEN PLANT
NC0006190,NC,textile,2024-12-31,EC,1.871128163,,,,,,2210.0,196.0,165.0,,,,,2024-12,SOUTH FORK INDUSTRIES - MAIDEN PLANT
NC0007820,NC,textile,2019-01-31,BOD,0.191541746,,,,,272.0,3.46,,,,,,30.0,2019-01,FRANKLINVILLE WWTP
NC0007820,NC,textile,2019-01-31,TSS,0.191541746,,,,,321.0,13.2,,,,,,30.0,2019-01,FRANKLINVILLE WWTP
NC0007820,NC,textile,2019-02-28,BOD,0.194191533,,,,,296.0,2.825,,,,,,30.0,2019-02,FRANKLINVILLE WWTP
NC0007820,NC,textile,2019-02-28,TSS,0.194191533,,,,,456.0,17.5,,,,,,30.0,2019-02,FRANKLINVILLE WWTP
NC0007820,NC,textile,2019-03-31,BOD,0.1892705,,,,,278.0,2.3,,,,,,30.0,2019-03,FRANKLINVILLE WWTP
NC0007820,NC,textile,2019-03-31,TSS,0.1892705,,,,,493.0,18.75,,,,,,30.0,2019-03,FRANKLINVILLE WWTP
NC0007820,NC,textile,2019-04-30,BOD,0.221825026,,,,,269.0,4.04,,,,,,30.0,2019-04,FRANKLINVILLE WWTP
NC0007820,NC,textile,2019-04-30,TSS,0.221825026,,,,,312.0,24.4,,,,,,30.0,2019-04,FRANKLINVILLE WWTP
NC0007820,NC,textile,2019-05-31,BOD,0.142709957,,,,,311.0,4.02,,,,,,30.0,2019-05,FRANKLINVILLE WWTP
NC0007820,NC,textile,2019-05-31,TSS,0.142709957,,,,,616.0,12.6,,,,,,30.0,2019-05,FRANKLINVILLE WWTP
NC0007820,NC,textile,2019-06-30,BOD,0.132110809,,,,,337.0,2.325,,,,,,30.0,2019-06,FRANKLINVILLE WWTP
NC0007820,NC,textile,2019-06-30,TSS,0.132110809,,,,,464.0,6.5,,,,,,30.0,2019-06,FRANKLINVILLE WWTP
NC0007820,NC,textile,2019-07-31,BOD,0.12340436599999999,,,,,657.0,2.14,,,,,,30.0,2019-07,FRANKLINVILLE WWTP
NC0007820,NC,textile,2019-07-31,TSS,0.12340436599999999,,,,,596.0,4.6,,,,,,30.0,2019-07,FRANKLINVILLE WWTP
NC0007820,NC,textile,2019-08-31,BOD,0.122647284,,,,,493.0,0.0,,,,,,30.0,2019-08,FRANKLINVILLE WWTP
NC0007820,NC,textile,2019-08-31,TSS,0.122647284,,,,,560.0,5.75,,,,,,30.0,2019-08,FRANKLINVILLE WWTP
NC0007820,NC,textile,2019-09-30,BOD,0.116212087,,,,,469.0,0.725,,,,,,30.0,2019-09,FRANKLINVILLE WWTP
NC0007820,NC,textile,2019-09-30,TSS,0.116212087,,,,,848.0,3.5,,,,,,30.0,2019-09,FRANKLINVILLE WWTP
NC0007820,NC,textile,2019-10-31,BOD,0.115455005,,,,,495.0,2.3,,,,,,30.0,2019-10,FRANKLINVILLE WWTP
NC0007820,NC,textile,2019-10-31,TSS,0.115455005,,,,,904.0,12.4,,,,,,30.0,2019-10,FRANKLINVILLE WWTP
NC0007820,NC,textile,2019-11-30,BOD,0.11734771000000001,,,,,432.0,0.0,,,,,,30.0,2019-11,FRANKLINVILLE WWTP
NC0007820,NC,textile,2019-11-30,TSS,0.11734771000000001,,,,,616.0,12.5,,,,,,30.0,2019-11,FRANKLINVILLE WWTP
NC0007820,NC,textile,2020-01-31,BOD,0.13627476,,,,,430.0,2.78,,,,,,30.0,2020-01,FRANKLINVILLE WWTP
NC0007820,NC,textile,2020-01-31,TSS,0.13627476,,,,,1860.0,15.8,,,,,,30.0,2020-01,FRANKLINVILLE WWTP
NC0007820,NC,textile,2020-02-29,BOD,0.19078466400000002,,,,,290.0,6.45,,,,,,30.0,2020-02,FRANKLINVILLE WWTP
NC0007820,NC,textile,2020-02-29,TSS,0.19078466400000002,,,,,826.0,31.0,,,,,,30.0,2020-02,FRANKLINVILLE WWTP
NC0007820,NC,textile,2020-03-31,BOD,0.13324643200000003,,,,,542.0,3.66,,,,,,30.0,2020-03,FRANKLINVILLE WWTP
NC0007820,NC,textile,2020-03-31,TSS,0.13324643200000003,,,,,780.0,23.0,,,,,,30.0,2020-03,FRANKLINVILLE WWTP
NC0007820,NC,textile,2020-04-30,BOD,0.129082481,,,,,542.0,4.36,,,,,,30.0,2020-04,FRANKLINVILLE WWTP
NC0007820,NC,textile,2020-04-30,TSS,0.129082481,,,,,664.0,13.8,,,,,,30.0,2020-04,FRANKLINVILLE WWTP
NC0007820,NC,textile,2020-05-31,BOD,0.207819009,,,,,812.0,3.9,,,,,,30.0,2020-05,FRANKLINVILLE WWTP
NC0007820,NC,textile,2020-05-31,TSS,0.207819009,,,,,836.0,12.5,,,,,,30.0,2020-05,FRANKLINVILLE WWTP
NC0007820,NC,textile,2020-06-30,BOD,0.167315122,,,,,580.0,4.78,,,,,,30.0,2020-06,FRANKLINVILLE WWTP
NC0007820,NC,textile,2020-06-30,TSS,0.167315122,,,,,396.0,5.0,,,,,,30.0,2020-06,FRANKLINVILLE WWTP
NC0007820,NC,textile,2020-07-31,BOD,0.13173226799999999,,,,,,4.06,,,,,,30.0,2020-07,FRANKLINVILLE WWTP
NC0007820,NC,textile,2020-07-31,TSS,0.13173226799999999,,,,,,3.0,,,,,,30.0,2020-07,FRANKLINVILLE WWTP
NC0007820,NC,textile,2020-08-31,BOD,0.150280777,,,,,372.0,2.1,,,,,,30.0,2020-08,FRANKLINVILLE WWTP
NC0007820,NC,textile,2020-08-31,TSS,0.150280777,,,,,346.0,3.75,,,,,,30.0,2020-08,FRANKLINVILLE WWTP
NC0007820,NC,textile,2020-09-30,BOD,0.162015548,,,,,445.0,0.92,,,,,,30.0,2020-09,FRANKLINVILLE WWTP
NC0007820,NC,textile,2020-09-30,TSS,0.162015548,,,,,602.0,2.6,,,,,,30.0,2020-09,FRANKLINVILLE WWTP
NC0007820,NC,textile,2020-10-31,BOD,0.17185761400000002,,,,,395.0,0.55,,,,,,30.0,2020-10,FRANKLINVILLE WWTP
NC0007820,NC,textile,2020-10-31,TSS,0.17185761400000002,,,,,464.0,6.0,,,,,,30.0,2020-10,FRANKLINVILLE WWTP
NC0007820,NC,textile,2020-11-30,BOD,0.167315122,,,,,622.0,2.7,,,,,,30.0,2020-11,FRANKLINVILLE WWTP
NC0007820,NC,textile,2020-11-30,TSS,0.167315122,,,,,436.0,6.0,,,,,,30.0,2020-11,FRANKLINVILLE WWTP
NC0007820,NC,textile,2020-12-31,BOD,0.19835548400000003,,,,,448.0,0.5,,,,,,30.0,2020-12,FRANKLINVILLE WWTP
NC0007820,NC,textile,2020-12-31,TSS,0.19835548400000003,,,,,582.0,7.2,,,,,,30.0,2020-12,FRANKLINVILLE WWTP
NC0007820,NC,textile,2021-01-31,BOD,0.19911256600000002,,,,,541.0,2.25,,,,,,30.0,2021-01,FRANKLINVILLE WWTP
NC0007820,NC,textile,2021-01-31,TSS,0.19911256600000002,,,,,2586.0,11.0,,,,,,30.0,2021-01,FRANKLINVILLE WWTP
NC0007820,NC,textile,2021-02-28,BOD,0.17791427,,,,,360.0,3.775,,,,,,30.0,2021-02,FRANKLINVILLE WWTP
NC0007820,NC,textile,2021-02-28,TSS,0.17791427,,,,,436.0,13.5,,,,,,30.0,2021-02,FRANKLINVILLE WWTP
NC0007820,NC,textile,2021-03-31,BOD,0.14384558,,,,,357.0,7.18,,,,,,30.0,2021-03,FRANKLINVILLE WWTP
NC0007820,NC,textile,2021-03-31,TSS,0.14384558,,,,,560.0,9.2,,,,,,30.0,2021-03,FRANKLINVILLE WWTP
NC0007820,NC,textile,2021-04-30,BOD,0.180942598,,,,,661.0,1.25,,,,,,30.0,2021-04,FRANKLINVILLE WWTP
NC0007820,NC,textile,2021-04-30,TSS,0.180942598,,,,,964.0,5.0,,,,,,30.0,2021-04,FRANKLINVILLE WWTP
NC0007820,NC,textile,2021-05-31,BOD,0.14043871100000002,,,,,377.0,2.85,,,,,,30.0,2021-05,FRANKLINVILLE WWTP
NC0007820,NC,textile,2021-05-31,TSS,0.14043871100000002,,,,,720.0,5.75,,,,,,30.0,2021-05,FRANKLINVILLE WWTP
NC0007820,NC,textile,2021-06-30,BOD,0.149523695,,,,,518.0,3.82,,,,,,30.0,2021-06,FRANKLINVILLE WWTP
NC0007820,NC,textile,2021-06-30,TSS,0.149523695,,,,,556.0,3.6,,,,,,30.0,2021-06,FRANKLINVILLE WWTP
NC0007820,NC,textile,2021-07-31,BOD,0.14763099000000002,,,,,467.0,4.75,,,,,,30.0,2021-07,FRANKLINVILLE WWTP
NC0007820,NC,textile,2021-07-31,TSS,0.14763099000000002,,,,,452.0,2.25,,,,,,30.0,2021-07,FRANKLINVILLE WWTP
NC0007820,NC,textile,2021-08-31,BOD,0.163908253,,,,,360.0,1.9,,,,,,30.0,2021-08,FRANKLINVILLE WWTP
NC0007820,NC,textile,2021-08-31,TSS,0.163908253,,,,,866.0,2.8,,,,,,30.0,2021-08,FRANKLINVILLE WWTP
NC0007820,NC,textile,2021-09-30,BOD,0.159365761,,,,,411.0,0.0,,,,,,30.0,2021-09,FRANKLINVILLE WWTP
NC0007820,NC,textile,2021-09-30,TSS,0.159365761,,,,,628.0,3.4,,,,,,30.0,2021-09,FRANKLINVILLE WWTP
NC0007820,NC,textile,2021-10-31,BOD,0.166936581,,,,,264.0,3.425,,,,,,30.0,2021-10,FRANKLINVILLE WWTP
NC0007820,NC,textile,2021-10-31,TSS,0.166936581,,,,,612.0,16.75,,,,,,30.0,2021-10,FRANKLINVILLE WWTP
NC0007820,NC,textile,2021-11-30,BOD,0.142709957,,,,,442.0,1.42,,,,,,30.0,2021-11,FRANKLINVILLE WWTP
NC0007820,NC,textile,2021-11-30,TSS,0.142709957,,,,,608.0,4.0,,,,,,30.0,2021-11,FRANKLINVILLE WWTP
NC0007820,NC,textile,2021-12-31,BOD,0.13286789100000002,,,,,465.0,4.28,,,,,,30.0,2021-12,FRANKLINVILLE WWTP
NC0007820,NC,textile,2021-12-31,TSS,0.13286789100000002,,,,,680.0,6.6,,,,,,30.0,2021-12,FRANKLINVILLE WWTP
NC0007820,NC,textile,2022-01-31,BOD,0.180942598,,,,,428.0,2.35,,,,,,30.0,2022-01,FRANKLINVILLE WWTP
NC0007820,NC,textile,2022-01-31,TSS,0.180942598,,,,,462.0,21.75,,,,,,30.0,2022-01,FRANKLINVILLE WWTP
NC0007820,NC,textile,2022-02-28,BOD,0.16882928600000002,,,,,409.0,4.05,,,,,,30.0,2022-02,FRANKLINVILLE WWTP
NC0007820,NC,textile,2022-02-28,TSS,0.16882928600000002,,,,,600.0,24.5,,,,,,30.0,2022-02,FRANKLINVILLE WWTP
NC0007820,NC,textile,2022-03-31,BOD,0.188134877,,,,,445.0,0.62,,,,,,30.0,2022-03,FRANKLINVILLE WWTP
NC0007820,NC,textile,2022-03-31,TSS,0.188134877,,,,,532.0,4.0,,,,,,30.0,2022-03,FRANKLINVILLE WWTP
NC0007820,NC,textile,2022-04-30,BOD,0.201383812,,,,,533.0,2.525,,,,,,30.0,2022-04,FRANKLINVILLE WWTP
NC0007820,NC,textile,2022-04-30,TSS,0.201383812,,,,,426.0,3.5,,,,,,30.0,2022-04,FRANKLINVILLE WWTP
NC0007820,NC,textile,2022-05-31,BOD,0.16655804,,,,,330.0,4.225,,,,,,30.0,2022-05,FRANKLINVILLE WWTP
NC0007820,NC,textile,2022-05-31,TSS,0.16655804,,,,,634.0,4.25,,,,,,30.0,2022-05,FRANKLINVILLE WWTP
NC0007820,NC,textile,2022-06-30,BOD,0.16239408900000002,,,,,393.0,1.88,,,,,,30.0,2022-06,FRANKLINVILLE WWTP
NC0007820,NC,textile,2022-06-30,TSS,0.16239408900000002,,,,,560.0,4.4,,,,,,30.0,2022-06,FRANKLINVILLE WWTP
NC0007820,NC,textile,2022-07-31,BOD,0.1514164,,,,,515.0,2.525,,,,,,30.0,2022-07,FRANKLINVILLE WWTP
NC0007820,NC,textile,2022-07-31,TSS,0.1514164,,,,,362.0,4.75,,,,,,30.0,2022-07,FRANKLINVILLE WWTP
NC0007820,NC,textile,2022-08-31,BOD,0.137788924,,,,,674.0,2.6,,,,,,30.0,2022-08,FRANKLINVILLE WWTP
NC0007820,NC,textile,2022-08-31,TSS,0.137788924,,,,,492.0,6.0,,,,,,30.0,2022-08,FRANKLINVILLE WWTP
NC0007820,NC,textile,2022-09-30,BOD,0.162015548,,,,,498.0,1.725,,,,,,30.0,2022-09,FRANKLINVILLE WWTP
NC0007820,NC,textile,2022-09-30,TSS,0.162015548,,,,,416.0,0.0,,,,,,30.0,2022-09,FRANKLINVILLE WWTP
NC0007820,NC,textile,2022-10-31,BOD,0.14535974399999999,,,,,476.0,1.8,,,,,,30.0,2022-10,FRANKLINVILLE WWTP
NC0007820,NC,textile,2022-10-31,TSS,0.14535974399999999,,,,,390.0,1.75,,,,,,30.0,2022-10,FRANKLINVILLE WWTP
NC0007820,NC,textile,2022-11-30,BOD,0.151037859,,,,,311.0,1.34,,,,,,30.0,2022-11,FRANKLINVILLE WWTP
NC0007820,NC,textile,2022-11-30,TSS,0.151037859,,,,,338.0,3.0,,,,,,30.0,2022-11,FRANKLINVILLE WWTP
NC0007820,NC,textile,2022-12-31,BOD,0.190027582,,,,,404.0,3.4,,,,,,30.0,2022-12,FRANKLINVILLE WWTP
NC0007820,NC,textile,2022-12-31,TSS,0.190027582,,,,,480.0,11.75,,,,,,30.0,2022-12,FRANKLINVILLE WWTP
NC0007820,NC,textile,2023-01-31,BOD,0.18359238500000002,,,,,557.0,4.38,,,,,,30.0,2023-01,FRANKLINVILLE WWTP
NC0007820,NC,textile,2023-01-31,TSS,0.18359238500000002,,,,,366.0,17.6,,,,,,30.0,2023-01,FRANKLINVILLE WWTP
NC0007820,NC,textile,2023-02-28,BOD,0.209711714,,,,,378.0,4.06,,,,,,30.0,2023-02,FRANKLINVILLE WWTP
NC0007820,NC,textile,2023-02-28,TSS,0.209711714,,,,,488.0,19.6,,,,,,30.0,2023-02,FRANKLINVILLE WWTP
NC0007820,NC,textile,2023-03-31,BOD,0.181321139,,,,,324.0,1.85,,,,,,30.0,2023-03,FRANKLINVILLE WWTP
NC0007820,NC,textile,2023-03-31,TSS,0.181321139,,,,,342.0,7.75,,,,,,30.0,2023-03,FRANKLINVILLE WWTP
NC0007820,NC,textile,2023-04-30,BOD,0.208954632,,,,,391.0,5.85,,,,,,30.0,2023-04,FRANKLINVILLE WWTP
NC0007820,NC,textile,2023-04-30,TSS,0.208954632,,,,,398.0,12.5,,,,,,30.0,2023-04,FRANKLINVILLE WWTP
NC0007820,NC,textile,2023-05-31,BOD,0.175643024,,,,,445.0,4.86,,,,,,30.0,2023-05,FRANKLINVILLE WWTP
NC0007820,NC,textile,2023-05-31,TSS,0.175643024,,,,,312.0,7.2,,,,,,30.0,2023-05,FRANKLINVILLE WWTP
NC0007820,NC,textile,2023-06-30,BOD,0.19192028700000002,,,,,411.0,5.675,,,,,,30.0,2023-06,FRANKLINVILLE WWTP
NC0007820,NC,textile,2023-06-30,TSS,0.19192028700000002,,,,,317.0,7.5,,,,,,30.0,2023-06,FRANKLINVILLE WWTP
NC0007820,NC,textile,2023-07-31,BOD,0.20214089400000002,,,,,442.0,1.85,,,,,,30.0,2023-07,FRANKLINVILLE WWTP
NC0007820,NC,textile,2023-07-31,TSS,0.20214089400000002,,,,,298.0,4.75,,,,,,30.0,2023-07,FRANKLINVILLE WWTP
NC0007820,NC,textile,2023-08-31,BOD,0.10977689000000002,,,,,501.0,1.46,,,,,,30.0,2023-08,FRANKLINVILLE WWTP
NC0007820,NC,textile,2023-08-31,TSS,0.10977689000000002,,,,,504.0,2.0,,,,,,30.0,2023-08,FRANKLINVILLE WWTP
NC0007820,NC,textile,2023-09-30,BOD,0.09842066,,,,,341.0,1.75,,,,,,30.0,2023-09,FRANKLINVILLE WWTP
NC0007820,NC,textile,2023-09-30,TSS,0.09842066,,,,,812.0,5.25,,,,,,30.0,2023-09,FRANKLINVILLE WWTP
NC0007820,NC,textile,2023-10-31,BOD,0.09917774200000001,,,,,475.0,3.56,,,,,,30.0,2023-10,FRANKLINVILLE WWTP
NC0007820,NC,textile,2023-10-31,TSS,0.09917774200000001,,,,,434.0,12.8,,,,,,30.0,2023-10,FRANKLINVILLE WWTP
NC0007820,NC,textile,2023-11-30,BOD,0.10107044700000001,,,,,475.0,4.54,,,,,,30.0,2023-11,FRANKLINVILLE WWTP
NC0007820,NC,textile,2023-11-30,TSS,0.10107044700000001,,,,,362.0,13.0,,,,,,30.0,2023-11,FRANKLINVILLE WWTP
NC0007820,NC,textile,2023-12-31,BOD,0.148388072,,,,,434.0,4.8,,,,,,30.0,2023-12,FRANKLINVILLE WWTP
NC0007820,NC,textile,2023-12-31,TSS,0.148388072,,,,,452.0,14.5,,,,,,30.0,2023-12,FRANKLINVILLE WWTP
NC0007820,NC,textile,2024-01-31,BOD,0.212361501,,,,,354.0,8.4,,,,,,30.0,2024-01,FRANKLINVILLE WWTP
NC0007820,NC,textile,2024-01-31,TSS,0.212361501,,,,,440.0,26.8,,,,,,30.0,2024-01,FRANKLINVILLE WWTP
NC0007820,NC,textile,2024-02-29,BOD,0.134760596,,,,,374.0,7.325,,,,,,30.0,2024-02,FRANKLINVILLE WWTP
NC0007820,NC,textile,2024-02-29,TSS,0.134760596,,,,,356.0,37.5,,,,,,30.0,2024-02,FRANKLINVILLE WWTP
NC0007820,NC,textile,2024-03-31,BOD,0.149145154,,,,,351.0,5.05,,,,,,30.0,2024-03,FRANKLINVILLE WWTP
NC0007820,NC,textile,2024-03-31,TSS,0.149145154,,,,,278.0,14.5,,,,,,30.0,2024-03,FRANKLINVILLE WWTP
NC0007820,NC,textile,2024-04-30,BOD,0.11318375900000001,,,,,474.0,3.88,,,,,,30.0,2024-04,FRANKLINVILLE WWTP
NC0007820,NC,textile,2024-04-30,TSS,0.11318375900000001,,,,,352.0,8.4,,,,,,30.0,2024-04,FRANKLINVILLE WWTP
NC0007820,NC,textile,2024-05-31,BOD,0.130218104,,,,,474.0,3.42,,,,,,30.0,2024-05,FRANKLINVILLE WWTP
NC0007820,NC,textile,2024-05-31,TSS,0.130218104,,,,,343.0,7.4,,,,,,30.0,2024-05,FRANKLINVILLE WWTP
NC0007820,NC,textile,2024-06-30,BOD,0.09463525,,,,,400.0,1.375,,,,,,30.0,2024-06,FRANKLINVILLE WWTP
NC0007820,NC,textile,2024-06-30,TSS,0.09463525,,,,,497.0,1.5,,,,,,30.0,2024-06,FRANKLINVILLE WWTP
NC0007820,NC,textile,2024-07-31,BOD,0.11734771000000001,,,,,621.0,1.52,,,,,,30.0,2024-07,FRANKLINVILLE WWTP
NC0007820,NC,textile,2024-07-31,TSS,0.11734771000000001,,,,,492.0,6.0,,,,,,30.0,2024-07,FRANKLINVILLE WWTP
NC0007820,NC,textile,2024-08-31,BOD,0.158608679,,,,,445.0,0.775,,,,,,30.0,2024-08,FRANKLINVILLE WWTP
NC0007820,NC,textile,2024-08-31,TSS,0.158608679,,,,,288.0,6.5,,,,,,30.0,2024-08,FRANKLINVILLE WWTP
NC0007820,NC,textile,2024-09-30,BOD,0.156715974,,,,,327.0,1.9,,,,,,30.0,2024-09,FRANKLINVILLE WWTP
NC0007820,NC,textile,2024-09-30,TSS,0.156715974,,,,,340.0,4.5,,,,,,30.0,2024-09,FRANKLINVILLE WWTP
NC0007820,NC,textile,2024-10-31,BOD,0.1135623,,,,,2802.0,0.42,,,,,,30.0,2024-10,FRANKLINVILLE WWTP
NC0007820,NC,textile,2024-10-31,TSS,0.1135623,,,,,390.0,5.6,,,,,,30.0,2024-10,FRANKLINVILLE WWTP
NC0007820,NC,textile,2024-11-30,BOD,0.091228381,,,,,437.0,0.0,,,,,,30.0,2024-11,FRANKLINVILLE WWTP
NC0007820,NC,textile,2024-11-30,TSS,0.091228381,,,,,440.0,6.0,,,,,,30.0,2024-11,FRANKLINVILLE WWTP
NC0007820,NC,textile,2024-12-31,BOD,,,,,,,5.3,,,,,,30.0,2024-12,FRANKLINVILLE WWTP
NC0007820,NC,textile,2024-12-31,TSS,,,,,,,26.6,,,,,,30.0,2024-12,FRANKLINVILLE WWTP
NE0000795,NE,meat,2020-06-30,BOD,8.11970445,,,,,,9.06,,,,,,,2020-06,CARGILL MEATS SOLUTIONS CORP.
NE0000795,NE,meat,2020-06-30,TSS,8.11970445,,,,,,46.63,,,,,,,2020-06,CARGILL MEATS SOLUTIONS CORP.
NE0000795,NE,meat,2020-07-31,BOD,7.72980722,,,,,,8.29,,,,,,,2020-07,CARGILL MEATS SOLUTIONS CORP.
NE0000795,NE,meat,2020-07-31,TSS,7.72980722,,,,,,21.2,,,,,,,2020-07,CARGILL MEATS SOLUTIONS CORP.
NE0000795,NE,meat,2020-08-31,BOD,7.131712440000001,,,,,,11.04,,,,,,,2020-08,CARGILL MEATS SOLUTIONS CORP.
NE0000795,NE,meat,2020-08-31,TSS,7.131712440000001,,,,,,23.5,,,,,,,2020-08,CARGILL MEATS SOLUTIONS CORP.
NE0000795,NE,meat,2020-09-30,BOD,7.25284556,,,,,,9.33,,,,,,,2020-09,CARGILL MEATS SOLUTIONS CORP.
NE0000795,NE,meat,2020-09-30,TSS,7.25284556,,,,,,54.1,,,,,,,2020-09,CARGILL MEATS SOLUTIONS CORP.
NE0000795,NE,meat,2020-10-31,BOD,7.19984982,,,,,,11.4,,,,,,,2020-10,CARGILL MEATS SOLUTIONS CORP.
NE0000795,NE,meat,2020-10-31,TSS,7.19984982,,,,,,57.75,,,,,,,2020-10,CARGILL MEATS SOLUTIONS CORP.
NE0000795,NE,meat,2020-11-30,BOD,8.549348485,,,,,,14.29,,,,,,,2020-11,CARGILL MEATS SOLUTIONS CORP.
NE0000795,NE,meat,2020-11-30,TSS,8.549348485,,,,,,49.63,,,,,,,2020-11,CARGILL MEATS SOLUTIONS CORP.
NE0000795,NE,meat,2020-12-31,BOD,8.339258230000002,,,,,,10.11,,,,,,,2020-12,CARGILL MEATS SOLUTIONS CORP.
NE0000795,NE,meat,2020-12-31,TSS,8.339258230000002,,,,,,35.0,,,,,,,2020-12,CARGILL MEATS SOLUTIONS CORP.
NE0000795,NE,meat,2021-01-31,BOD,8.878679155,,,,,,15.58,,,,,,,2021-01,CARGILL MEATS SOLUTIONS CORP.
NE0000795,NE,meat,2021-01-31,TSS,8.878679155,,,,,,42.75,,,,,,,2021-01,CARGILL MEATS SOLUTIONS CORP.
NE0000795,NE,meat,2021-02-28,BOD,8.467962170000002,,,,,,39.38,,,,,,,2021-02,CARGILL MEATS SOLUTIONS CORP.
NE0000795,NE,meat,2021-02-28,TSS,8.467962170000002,,,,,,38.63,,,,,,,2021-02,CARGILL MEATS SOLUTIONS CORP.
NE0000795,NE,meat,2021-03-31,BOD,8.734833575000001,,,,,,8.71,,,,,,,2021-03,CARGILL MEATS SOLUTIONS CORP.
NE0000795,NE,meat,2021-03-31,TSS,8.734833575000001,,,,,,37.2,,,,,,,2021-03,CARGILL MEATS SOLUTIONS CORP.
NE0000795,NE,meat,2021-04-30,BOD,8.583417175000001,,,,,,6.16,,,,,,,2021-04,CARGILL MEATS SOLUTIONS CORP.
NE0000795,NE,meat,2021-04-30,TSS,8.583417175000001,,,,,,34.13,,,,,,,2021-04,CARGILL MEATS SOLUTIONS CORP.
NE0000795,NE,meat,2021-05-31,BOD,7.917185015,,,,,,9.77,,,,,,,2021-05,CARGILL MEATS SOLUTIONS CORP.
NE0000795,NE,meat,2021-05-31,TSS,7.917185015,,,,,,57.0,,,,,,,2021-05,CARGILL MEATS SOLUTIONS CORP.
NE0000795,NE,meat,2021-06-30,BOD,7.612459510000001,,,,,,9.12,,,,,,,2021-06,CARGILL MEATS SOLUTIONS CORP.
NE0000795,NE,meat,2021-06-30,TSS,7.612459510000001,,,,,,30.4,,,,,,,2021-06,CARGILL MEATS SOLUTIONS CORP.
NE0000795,NE,meat,2021-07-31,BOD,6.791025540000001,,,,,,1.87,,,,,,,2021-07,CARGILL MEATS SOLUTIONS CORP.
NE0000795,NE,meat,2021-07-31,TSS,6.791025540000001,,,,,,62.13,,,,,,,2021-07,CARGILL MEATS SOLUTIONS CORP.
NE0000795,NE,meat,2021-08-31,BOD,7.902043375000002,,,,,,6.75,,,,,,,2021-08,CARGILL MEATS SOLUTIONS CORP.
NE0000795,NE,meat,2021-08-31,TSS,7.902043375000002,,,,,,40.13,,,,,,,2021-08,CARGILL MEATS SOLUTIONS CORP.
NE0000795,NE,meat,2021-09-30,BOD,8.449035120000001,,,,,,6.41,,,,,,,2021-09,CARGILL MEATS SOLUTIONS CORP.
NE0000795,NE,meat,2021-09-30,TSS,8.449035120000001,,,,,,23.0,,,,,,,2021-09,CARGILL MEATS SOLUTIONS CORP.
NE0000795,NE,meat,2021-10-31,BOD,8.35439987,,,,,,5.33,,,,,,,2021-10,CARGILL MEATS SOLUTIONS CORP.
NE0000795,NE,meat,2021-10-31,TSS,8.35439987,,,,,,20.0,,,,,,,2021-10,CARGILL MEATS SOLUTIONS CORP.
NE0000795,NE,meat,2021-11-30,BOD,8.371434215,,,,,,7.21,,,,,,,2021-11,CARGILL MEATS SOLUTIONS CORP.
NE0000795,NE,meat,2021-11-30,TSS,8.371434215,,,,,,32.13,,,,,,,2021-11,CARGILL MEATS SOLUTIONS CORP.
NE0000795,NE,meat,2021-12-31,BOD,7.686275005000001,,,,,,13.66,,,,,,,2021-12,CARGILL MEATS SOLUTIONS CORP.
NE0000795,NE,meat,2021-12-31,TSS,7.686275005000001,,,,,,38.6,,,,,,,2021-12,CARGILL MEATS SOLUTIONS CORP.
NE0000795,NE,meat,2022-01-31,BOD,8.193519945,,,,,,11.85,,,,,,,2022-01,CARGILL MEATS SOLUTIONS CORP.
NE0000795,NE,meat,2022-01-31,TSS,8.193519945,,,,,,26.25,,,,,,,2022-01,CARGILL MEATS SOLUTIONS CORP.
NE0000795,NE,meat,2022-02-28,BOD,7.58974705,,,,,,35.63,,,,,,,2022-02,CARGILL MEATS SOLUTIONS CORP.
NE0000795,NE,meat,2022-02-28,TSS,7.58974705,,,,,,47.13,,,,,,,2022-02,CARGILL MEATS SOLUTIONS CORP.
NE0000795,NE,meat,2022-03-31,BOD,8.01749838,,,,,,21.88,,,,,,,2022-03,CARGILL MEATS SOLUTIONS CORP.
NE0000795,NE,meat,2022-03-31,TSS,8.01749838,,,,,,30.0,,,,,,,2022-03,CARGILL MEATS SOLUTIONS CORP.
NE0000795,NE,meat,2022-04-30,BOD,6.866733740000001,,,,,,12.52,,,,,,,2022-04,CARGILL MEATS SOLUTIONS CORP.
NE0000795,NE,meat,2022-04-30,TSS,6.866733740000001,,,,,,25.75,,,,,,,2022-04,CARGILL MEATS SOLUTIONS CORP.
NE0000795,NE,meat,2022-05-31,BOD,7.9115069,,,,,,11.54,,,,,,,2022-05,CARGILL MEATS SOLUTIONS CORP.
NE0000795,NE,meat,2022-05-31,TSS,7.9115069,,,,,,27.13,,,,,,,2022-05,CARGILL MEATS SOLUTIONS CORP.
NE0000795,NE,meat,2022-06-30,BOD,8.801078250000002,,,,,,5.52,,,,,,,2022-06,CARGILL MEATS SOLUTIONS CORP.
NE0000795,NE,meat,2022-06-30,TSS,8.801078250000002,,,,,,19.2,,,,,,,2022-06,CARGILL MEATS SOLUTIONS CORP.
NE0000795,NE,meat,2022-07-31,BOD,6.88187538,,,,,,18.96,,,,,,,2022-07,CARGILL MEATS SOLUTIONS CORP.
NE0000795,NE,meat,2022-07-31,TSS,6.88187538,,,,,,16.88,,,,,,,2022-07,CARGILL MEATS SOLUTIONS CORP.
NE0000795,NE,meat,2022-08-31,BOD,4.656811382,,,,,,19.14,,,,,,,2022-08,CARGILL MEATS SOLUTIONS CORP.
NE0000795,NE,meat,2022-08-31,TSS,4.656811382,,,,,,22.67,,,,,,,2022-08,CARGILL MEATS SOLUTIONS CORP.
NE0000795,NE,meat,2022-09-30,As,8.375219625000001,,,,,,0.004,,,,,,,2022-09,CARGILL MEATS SOLUTIONS CORP.
NE0000795,NE,meat,2022-09-30,BOD,8.375219625000001,,,,,,8.13,,,,,,,2022-09,CARGILL MEATS SOLUTIONS CORP.
NE0000795,NE,meat,2022-09-30,TSS,8.375219625000001,,,,,,45.88,,,,,,,2022-09,CARGILL MEATS SOLUTIONS CORP.
NE0000795,NE,meat,2022-10-31,BOD,8.117811745,,,,,,8.16,,,,,,,2022-10,CARGILL MEATS SOLUTIONS CORP.
NE0000795,NE,meat,2022-10-31,TSS,8.117811745,,,,,,35.75,,,,,,,2022-10,CARGILL MEATS SOLUTIONS CORP.
NE0000795,NE,meat,2022-11-30,BOD,8.091313875,,,,,,15.95,,,,,,,2022-11,CARGILL MEATS SOLUTIONS CORP.
NE0000795,NE,meat,2022-11-30,TSS,8.091313875,,,,,,33.0,,,,,,,2022-11,CARGILL MEATS SOLUTIONS CORP.
NE0000795,NE,meat,2022-12-31,BOD,8.299511425,,,,,,10.57,,,,,,,2022-12,CARGILL MEATS SOLUTIONS CORP.
NE0000795,NE,meat,2022-12-31,TSS,8.299511425,,,,,,33.0,,,,,,,2022-12,CARGILL MEATS SOLUTIONS CORP.
NE0000795,NE,meat,2023-01-31,BOD,8.189734535,,,,,,7.7,,,,,,,2023-01,CARGILL MEATS SOLUTIONS CORP.
NE0000795,NE,meat,2023-01-31,TSS,8.189734535,,,,,,38.38,,,,,,,2023-01,CARGILL MEATS SOLUTIONS CORP.
NE0000795,NE,meat,2023-02-28,BOD,8.447142415,,,,,,16.27,,,,,,,2023-02,CARGILL MEATS SOLUTIONS CORP.
NE0000795,NE,meat,2023-02-28,TSS,8.447142415,,,,,,66.63,,,,,,,2023-02,CARGILL MEATS SOLUTIONS CORP.
NE0000795,NE,meat,2023-03-31,BOD,8.185949125,,,,,,12.02,,,,,,,2023-03,CARGILL MEATS SOLUTIONS CORP.
NE0000795,NE,meat,2023-03-31,TSS,8.185949125,,,,,,40.4,,,,,,,2023-03,CARGILL MEATS SOLUTIONS CORP.
NE0000795,NE,meat,2023-04-30,BOD,8.360077985,,,,,,8.42,,,,,,,2023-04,CARGILL MEATS SOLUTIONS CORP.
NE0000795,NE,meat,2023-04-30,TSS,8.360077985,,,,,,27.63,,,,,,,2023-04,CARGILL MEATS SOLUTIONS CORP.
NE0000795,NE,meat,2023-05-31,BOD,7.7865883700000005,,,,,,9.75,,,,,,,2023-05,CARGILL MEATS SOLUTIONS CORP.
NE0000795,NE,meat,2023-05-31,TSS,7.7865883700000005,,,,,,40.0,,,,,,,2023-05,CARGILL MEATS SOLUTIONS CORP.
NE0000795,NE,meat,2023-06-30,BOD,7.9096141950000005,,,,,,12.08,,,,,,,2023-06,CARGILL MEATS SOLUTIONS CORP.
NE0000795,NE,meat,2023-06-30,TSS,7.9096141950000005,,,,,,32.5,,,,,,,2023-06,CARGILL MEATS SOLUTIONS CORP.
NE0000795,NE,meat,2023-07-31,BOD,8.08942117,,,,,,8.03,,,,,,,2023-07,CARGILL MEATS SOLUTIONS CORP.
NE0000795,NE,meat,2023-07-31,TSS,8.08942117,,,,,,32.0,,,,,,,2023-07,CARGILL MEATS SOLUTIONS CORP.
NE0000795,NE,meat,2023-08-31,BOD,7.951253705,,,,,,11.34,,,,,,,2023-08,CARGILL MEATS SOLUTIONS CORP.
NE0000795,NE,meat,2023-08-31,TSS,7.951253705,,,,,,30.88,,,,,,,2023-08,CARGILL MEATS SOLUTIONS CORP.
NE0000795,NE,meat,2023-09-30,As,7.7260218100000015,,,,,,0.004,,,,,,,2023-09,CARGILL MEATS SOLUTIONS CORP.
NE0000795,NE,meat,2023-09-30,BOD,7.7260218100000015,,,,,,5.9,,,,,,,2023-09,CARGILL MEATS SOLUTIONS CORP.
NE0000795,NE,meat,2023-09-30,TSS,7.7260218100000015,,,,,,26.5,,,,,,,2023-09,CARGILL MEATS SOLUTIONS CORP.
NE0000795,NE,meat,2023-10-31,BOD,7.548107539999999,,,,,,4.12,,,,,,,2023-10,CARGILL MEATS SOLUTIONS CORP.
NE0000795,NE,meat,2023-10-31,TSS,7.548107539999999,,,,,,16.16,,,,,,,2023-10,CARGILL MEATS SOLUTIONS CORP.
NE0000795,NE,meat,2023-11-30,BOD,8.339258230000002,,,,,,12.98,,,,,,,2023-11,CARGILL MEATS SOLUTIONS CORP.
NE0000795,NE,meat,2023-11-30,TSS,8.339258230000002,,,,,,31.2,,,,,,,2023-11,CARGILL MEATS SOLUTIONS CORP.
NE0000795,NE,meat,2023-12-31,BOD,8.09320658,,,,,,7.23,,,,,,,2023-12,CARGILL MEATS SOLUTIONS CORP.
NE0000795,NE,meat,2023-12-31,TSS,8.09320658,,,,,,22.0,,,,,,,2023-12,CARGILL MEATS SOLUTIONS CORP.
NE0000795,NE,meat,2024-01-31,BOD,7.604888690000002,,,,,,8.12,,,,,,,2024-01,CARGILL MEATS SOLUTIONS CORP.
NE0000795,NE,meat,2024-01-31,TSS,7.604888690000002,,,,,,29.4,,,,,,,2024-01,CARGILL MEATS SOLUTIONS CORP.
NE0000795,NE,meat,2024-02-29,BOD,8.522850615000001,,,,,,9.38,,,,,,,2024-02,CARGILL MEATS SOLUTIONS CORP.
NE0000795,NE,meat,2024-02-29,TSS,8.522850615000001,,,,,,32.63,,,,,,,2024-02,CARGILL MEATS SOLUTIONS CORP.
NE0000795,NE,meat,2024-03-31,BOD,7.994785920000001,,,,,,7.71,,,,,,,2024-03,CARGILL MEATS SOLUTIONS CORP.
NE0000795,NE,meat,2024-03-31,TSS,7.994785920000001,,,,,,23.38,,,,,,,2024-03,CARGILL MEATS SOLUTIONS CORP.
NE0000795,NE,meat,2024-04-30,BOD,7.932326655,,,,,,3.92,,,,,,,2024-04,CARGILL MEATS SOLUTIONS CORP.
NE0000795,NE,meat,2024-04-30,TSS,7.932326655,,,,,,18.13,,,,,,,2024-04,CARGILL MEATS SOLUTIONS CORP.
NE0000795,NE,meat,2024-05-31,BOD,8.75943874,,,,,,4.16,,,,,,,2024-05,CARGILL MEATS SOLUTIONS CORP.
NE0000795,NE,meat,2024-05-31,TSS,8.75943874,,,,,,15.5,,,,,,,2024-05,CARGILL MEATS SOLUTIONS CORP.
NE0000795,NE,meat,2024-06-30,BOD,10.194109130000001,,,,,,4.43,,,,,,,2024-06,CARGILL MEATS SOLUTIONS CORP.
NE0000795,NE,meat,2024-06-30,TSS,10.194109130000001,,,,,,13.25,,,,,,,2024-06,CARGILL MEATS SOLUTIONS CORP.
NE0000795,NE,meat,2024-07-31,BOD,10.354989055,,,,,,5.08,,,,,,,2024-07,CARGILL MEATS SOLUTIONS CORP.
NE0000795,NE,meat,2024-07-31,TSS,10.354989055,,,,,,27.25,,,,,,,2024-07,CARGILL MEATS SOLUTIONS CORP.
NE0000795,NE,meat,2024-08-31,BOD,10.580220950000001,,,,,,2.8,,,,,,,2024-08,CARGILL MEATS SOLUTIONS CORP.
NE0000795,NE,meat,2024-08-31,TSS,10.580220950000001,,,,,,11.75,,,,,,,2024-08,CARGILL MEATS SOLUTIONS CORP.
NE0000795,NE,meat,2024-09-30,As,9.37267516,,,,,,0.004,,,,,,,2024-09,CARGILL MEATS SOLUTIONS CORP.
NE0000795,NE,meat,2024-09-30,BOD,9.37267516,,,,,,3.04,,,,,,,2024-09,CARGILL MEATS SOLUTIONS CORP.
NE0000795,NE,meat,2024-09-30,TSS,9.37267516,,,,,,13.5,,,,,,,2024-09,CARGILL MEATS SOLUTIONS CORP.
NE0000795,NE,meat,2024-10-31,BOD,9.365104340000002,,,,,,4.14,,,,,,,2024-10,CARGILL MEATS SOLUTIONS CORP.
NE0000795,NE,meat,2024-10-31,TSS,9.365104340000002,,,,,,22.9,,,,,,,2024-10,CARGILL MEATS SOLUTIONS CORP.
NE0000795,NE,meat,2024-11-30,BOD,8.35439987,,,,,,2.53,,,,,,,2024-11,CARGILL MEATS SOLUTIONS CORP.
NE0000795,NE,meat,2024-11-30,TSS,8.35439987,,,,,,11.38,,,,,,,2024-11,CARGILL MEATS SOLUTIONS CORP.
NE0000795,NE,meat,2024-12-31,BOD,8.220017815,,,,,,5.04,,,,,,,2024-12,CARGILL MEATS SOLUTIONS CORP.
NE0000795,NE,meat,2024-12-31,TSS,8.220017815,,,,,,27.88,,,,,,,2024-12,CARGILL MEATS SOLUTIONS CORP.
NE0001392,NE,tannery,2019-01-31,BOD,10.420287377500001,,,,,,3.0,,,,,,,2019-01,"TYSON FRESH MEATS, INC"
NE0001392,NE,tannery,2019-01-31,TSS,10.420287377500001,,,,,,10.0,,,,,,,2019-01,"TYSON FRESH MEATS, INC"
NE0001392,NE,tannery,2019-02-28,BOD,10.105151995000002,,,,,,4.0,,,,,,,2019-02,"TYSON FRESH MEATS, INC"
NE0001392,NE,tannery,2019-02-28,TSS,10.105151995000002,,,,,,14.0,,,,,,,2019-02,"TYSON FRESH MEATS, INC"
NE0001392,NE,tannery,2019-03-31,BOD,10.411770205,,,,,,4.0,,,,,,,2019-03,"TYSON FRESH MEATS, INC"
NE0001392,NE,tannery,2019-03-31,TSS,10.411770205,,,,,,10.0,,,,,,,2019-03,"TYSON FRESH MEATS, INC"
NE0001392,NE,tannery,2019-04-30,BOD,9.6518491475,,,,,,3.0,,,,,,,2019-04,"TYSON FRESH MEATS, INC"
NE0001392,NE,tannery,2019-04-30,TSS,9.6518491475,,,,,,6.0,,,,,,,2019-04,"TYSON FRESH MEATS, INC"
NE0001392,NE,tannery,2019-05-31,BOD,10.3540427025,,,,,,3.0,,,,,,,2019-05,"TYSON FRESH MEATS, INC"
NE0001392,NE,tannery,2019-05-31,TSS,10.3540427025,,,,,,6.0,,,,,,,2019-05,"TYSON FRESH MEATS, INC"
NE0001392,NE,tannery,2019-06-30,BOD,10.6833733725,,,,,,3.0,,,,,,,2019-06,"TYSON FRESH MEATS, INC"
NE0001392,NE,tannery,2019-06-30,TSS,10.6833733725,,,,,,0.0,,,,,5.0,,2019-06,"TYSON FRESH MEATS, INC"
NE0001392,NE,tannery,2019-07-31,BOD,10.817755427500002,,,,,,3.0,,,,,,,2019-07,"TYSON FRESH MEATS, INC"
NE0001392,NE,tannery,2019-07-31,TSS,10.817755427500002,,,,,,0.0,,,,,5.0,,2019-07,"TYSON FRESH MEATS, INC"
NE0001392,NE,tannery,2019-08-31,BOD,10.919015145000001,,,,,,3.0,,,,,,,2019-08,"TYSON FRESH MEATS, INC"
NE0001392,NE,tannery,2019-08-31,TSS,10.919015145000001,,,,,,0.0,,,,,6.0,,2019-08,"TYSON FRESH MEATS, INC"
NE0001392,NE,tannery,2019-09-30,BOD,10.0152485075,,,,,,3.0,,,,,,,2019-09,"TYSON FRESH MEATS, INC"
NE0001392,NE,tannery,2019-09-30,TSS,10.0152485075,,,,,,0.0,,,,,5.0,,2019-09,"TYSON FRESH MEATS, INC"
NE0001392,NE,tannery,2019-10-31,BOD,9.9660381775,,,,,,4.0,,,,,,,2019-10,"TYSON FRESH MEATS, INC"
NE0001392,NE,tannery,2019-10-31,TSS,9.9660381775,,,,,,8.0,,,,,,,2019-10,"TYSON FRESH MEATS, INC"
NE0001392,NE,tannery,2019-11-30,BOD,9.89127633,,,,,,3.0,,,,,,,2019-11,"TYSON FRESH MEATS, INC"
NE0001392,NE,tannery,2019-11-30,TSS,9.89127633,,,,,,8.0,,,,,,,2019-11,"TYSON FRESH MEATS, INC"
NE0001392,NE,tannery,2019-12-31,BOD,9.8240853025,,,,,,5.0,,,,,,,2019-12,"TYSON FRESH MEATS, INC"
NE0001392,NE,tannery,2019-12-31,TSS,9.8240853025,,,,,,11.0,,,,,,,2019-12,"TYSON FRESH MEATS, INC"
NE0001392,NE,tannery,2020-01-31,BOD,9.2259905225,,,,,,4.0,,,,,,,2020-01,"TYSON FRESH MEATS, INC"
NE0001392,NE,tannery,2020-01-31,TSS,9.2259905225,,,,,,7.0,,,,,,,2020-01,"TYSON FRESH MEATS, INC"
NE0001392,NE,tannery,2020-02-29,BOD,9.33860647,,,,,,4.0,,,,,,,2020-02,"TYSON FRESH MEATS, INC"
NE0001392,NE,tannery,2020-02-29,TSS,9.33860647,,,,,,7.0,,,,,,,2020-02,"TYSON FRESH MEATS, INC"
NE0001392,NE,tannery,2020-03-31,BOD,10.062566132499999,,,,,,6.0,,,,,,,2020-03,"TYSON FRESH MEATS, INC"
NE0001392,NE,tannery,2020-03-31,TSS,10.062566132499999,,,,,,8.0,,,,,,,2020-03,"TYSON FRESH MEATS, INC"
NE0001392,NE,tannery,2020-04-30,BOD,9.442705245,,,,,,4.0,,,,,,,2020-04,"TYSON FRESH MEATS, INC"
NE0001392,NE,tannery,2020-04-30,TSS,9.442705245,,,,,,0.0,,,,,5.0,,2020-04,"TYSON FRESH MEATS, INC"
NE0001392,NE,tannery,2020-05-31,BOD,7.1941717050000005,,,,,,4.0,,,,,,,2020-05,"TYSON FRESH MEATS, INC"
NE0001392,NE,tannery,2020-05-31,TSS,7.1941717050000005,,,,,,7.0,,,,,,,2020-05,"TYSON FRESH MEATS, INC"
NE0001392,NE,tannery,2020-06-30,BOD,9.9130424375,,,,,,3.0,,,,,,,2020-06,"TYSON FRESH MEATS, INC"
NE0001392,NE,tannery,2020-06-30,TSS,9.9130424375,,,,,,0.0,,,,,5.0,,2020-06,"TYSON FRESH MEATS, INC"
NE0001392,NE,tannery,2020-07-31,BOD,10.11840093,,,,,,3.0,,,,,,,2020-07,"TYSON FRESH MEATS, INC"
NE0001392,NE,tannery,2020-07-31,TSS,10.11840093,,,,,,0.0,,,,,4.0,,2020-07,"TYSON FRESH MEATS, INC"
NE0001392,NE,tannery,2020-08-31,BOD,9.669829845,,,,,,4.0,,,,,,,2020-08,"TYSON FRESH MEATS, INC"
NE0001392,NE,tannery,2020-08-31,TSS,9.669829845,,,,,,0.0,,,,,5.0,,2020-08,"TYSON FRESH MEATS, INC"
NE0001392,NE,tannery,2020-09-30,BOD,9.196653595,,,,,,3.0,,,,,,,2020-09,"TYSON FRESH MEATS, INC"
NE0001392,NE,tannery,2020-09-30,TSS,9.196653595,,,,,,0.0,,,,,5.0,,2020-09,"TYSON FRESH MEATS, INC"
NE0001392,NE,tannery,2020-10-31,BOD,10.01619486,,,,,,3.0,,,,,,,2020-10,"TYSON FRESH MEATS, INC"
NE0001392,NE,tannery,2020-10-31,TSS,10.01619486,,,,,,7.0,,,,,,,2020-10,"TYSON FRESH MEATS, INC"
NE0001392,NE,tannery,2020-11-30,BOD,9.9016862075,,,,,,4.0,,,,,,,2020-11,"TYSON FRESH MEATS, INC"
NE0001392,NE,tannery,2020-11-30,TSS,9.9016862075,,,,,,0.0,,,,,7.0,,2020-11,"TYSON FRESH MEATS, INC"
NE0001392,NE,tannery,2020-12-31,BOD,9.9755017025,,,,,,4.0,,,,,,,2020-12,"TYSON FRESH MEATS, INC"
NE0001392,NE,tannery,2020-12-31,TSS,9.9755017025,,,,,,0.0,,,,,12.0,,2020-12,"TYSON FRESH MEATS, INC"
NE0001392,NE,tannery,2021-01-31,BOD,10.010516745,,,,,,6.0,,,,,,,2021-01,"TYSON FRESH MEATS, INC"
NE0001392,NE,tannery,2021-01-31,TSS,10.010516745,,,,,,8.0,,,,,,,2021-01,"TYSON FRESH MEATS, INC"
NE0001392,NE,tannery,2021-02-28,BOD,9.644278327499999,,,,,,4.0,,,,,,,2021-02,"TYSON FRESH MEATS, INC"
NE0001392,NE,tannery,2021-02-28,TSS,9.644278327499999,,,,,,8.0,,,,,,,2021-02,"TYSON FRESH MEATS, INC"
NE0001392,NE,tannery,2021-03-31,BOD,9.75121616,,,,,,4.0,,,,,,,2021-03,"TYSON FRESH MEATS, INC"
NE0001392,NE,tannery,2021-03-31,TSS,9.75121616,,,,,,7.0,,,,,,,2021-03,"TYSON FRESH MEATS, INC"
NE0001392,NE,tannery,2021-04-30,BOD,8.9250504275,,,,,,4.0,,,,,,,2021-04,"TYSON FRESH MEATS, INC"
NE0001392,NE,tannery,2021-04-30,TSS,8.9250504275,,,,,,7.0,,,,,,,2021-04,"TYSON FRESH MEATS, INC"
NE0001392,NE,tannery,2021-05-31,BOD,9.1975999475,,,,,,3.0,,,,,,,2021-05,"TYSON FRESH MEATS, INC"
NE0001392,NE,tannery,2021-05-31,TSS,9.1975999475,,,,,,0.0,,,,,5.0,,2021-05,"TYSON FRESH MEATS, INC"
NE0001392,NE,tannery,2021-06-30,BOD,9.686864190000001,,,,,,3.0,,,,,,,2021-06,"TYSON FRESH MEATS, INC"
NE0001392,NE,tannery,2021-06-30,TSS,9.686864190000001,,,,,,0.0,,,,,5.0,,2021-06,"TYSON FRESH MEATS, INC"
NE0001392,NE,tannery,2021-07-31,BOD,9.5401795525,,,,,,4.0,,,,,,,2021-07,"TYSON FRESH MEATS, INC"
NE0001392,NE,tannery,2021-07-31,TSS,9.5401795525,,,,,,0.0,,,,,5.0,,2021-07,"TYSON FRESH MEATS, INC"
NE0001392,NE,tannery,2021-08-31,BOD,9.370782455,,,,,,4.0,,,,,,,2021-08,"TYSON FRESH MEATS, INC"
NE0001392,NE,tannery,2021-08-31,TSS,9.370782455,,,,,,5.0,,,,,,,2021-08,"TYSON FRESH MEATS, INC"
NE0001392,NE,tannery,2021-09-30,BOD,9.99726781,,,,,,4.0,,,,,,,2021-09,"TYSON FRESH MEATS, INC"
NE0001392,NE,tannery,2021-09-30,TSS,9.99726781,,,,,,7.0,,,,,,,2021-09,"TYSON FRESH MEATS, INC"
NE0001392,NE,tannery,2021-10-31,BOD,9.971716292500002,,,,,,3.0,,,,,,,2021-10,"TYSON FRESH MEATS, INC"
NE0001392,NE,tannery,2021-10-31,TSS,9.971716292500002,,,,,,6.0,,,,,,,2021-10,"TYSON FRESH MEATS, INC"
NE0001392,NE,tannery,2021-11-30,BOD,9.342391880000001,,,,,,4.0,,,,,,,2021-11,"TYSON FRESH MEATS, INC"
NE0001392,NE,tannery,2021-11-30,TSS,9.342391880000001,,,,,,7.0,,,,,,,2021-11,"TYSON FRESH MEATS, INC"
NE0001392,NE,tannery,2021-12-31,BOD,9.220312407500002,,,,,,3.0,,,,,,,2021-12,"TYSON FRESH MEATS, INC"
NE0001392,NE,tannery,2021-12-31,TSS,9.220312407500002,,,,,,0.0,,,,,4.0,,2021-12,"TYSON FRESH MEATS, INC"
NE0001392,NE,tannery,2022-01-31,BOD,9.3376601175,,,,,,5.0,,,,,,,2022-01,"TYSON FRESH MEATS, INC"
NE0001392,NE,tannery,2022-01-31,TSS,9.3376601175,,,,,,11.0,,,,,,,2022-01,"TYSON FRESH MEATS, INC"
NE0001392,NE,tannery,2022-02-28,BOD,9.17204843,,,,,,3.0,,,,,,,2022-02,"TYSON FRESH MEATS, INC"
NE0001392,NE,tannery,2022-02-28,TSS,9.17204843,,,,,,7.0,,,,,,,2022-02,"TYSON FRESH MEATS, INC"
NE0001392,NE,tannery,2022-03-31,BOD,9.7824457925,,,,,,3.0,,,,,,,2022-03,"TYSON FRESH MEATS, INC"
NE0001392,NE,tannery,2022-03-31,TSS,9.7824457925,,,,,,5.0,,,,,,,2022-03,"TYSON FRESH MEATS, INC"
NE0001392,NE,tannery,2022-04-30,BOD,9.67929337,,,,,,3.0,,,,,,,2022-04,"TYSON FRESH MEATS, INC"
NE0001392,NE,tannery,2022-04-30,TSS,9.67929337,,,,,,8.0,,,,,,,2022-04,"TYSON FRESH MEATS, INC"
NE0001392,NE,tannery,2022-05-31,BOD,9.91020338,,,,,,3.0,,,,,,,2022-05,"TYSON FRESH MEATS, INC"
NE0001392,NE,tannery,2022-05-31,TSS,9.91020338,,,,,,0.0,,,,,5.0,,2022-05,"TYSON FRESH MEATS, INC"
NE0001392,NE,tannery,2022-06-30,BOD,9.4909692225,,,,,,3.0,,,,,,,2022-06,"TYSON FRESH MEATS, INC"
NE0001392,NE,tannery,2022-06-30,TSS,9.4909692225,,,,,,0.0,,,,,5.0,,2022-06,"TYSON FRESH MEATS, INC"
NE0001392,NE,tannery,2022-07-31,BOD,9.518413445,,,,,,3.0,,,,,,,2022-07,"TYSON FRESH MEATS, INC"
NE0001392,NE,tannery,2022-07-31,TSS,9.518413445,,,,,,0.0,,,,,4.0,,2022-07,"TYSON FRESH MEATS, INC"
NE0001392,NE,tannery,2022-08-31,BOD,10.154362325000001,,,,,,0.0,,,,,3.0,,2022-08,"TYSON FRESH MEATS, INC"
NE0001392,NE,tannery,2022-08-31,TSS,10.154362325000001,,,,,,0.0,,,,,5.0,,2022-08,"TYSON FRESH MEATS, INC"
NE0001392,NE,tannery,2022-09-30,BOD,9.8799201,,,,,,3.0,,,,,,,2022-09,"TYSON FRESH MEATS, INC"
NE0001392,NE,tannery,2022-09-30,TSS,9.8799201,,,,,,0.0,,,,,7.0,,2022-09,"TYSON FRESH MEATS, INC"
NE0001392,NE,tannery,2022-10-31,BOD,9.448383360000001,,,,,,3.0,,,,,,,2022-10,"TYSON FRESH MEATS, INC"
NE0001392,NE,tannery,2022-10-31,TSS,9.448383360000001,,,,,,0.0,,,,,7.0,,2022-10,"TYSON FRESH MEATS, INC"
NE0001392,NE,tannery,2022-11-30,BOD,9.7540552175,,,,,,4.0,,,,,,,2022-11,"TYSON FRESH MEATS, INC"
NE0001392,NE,tannery,2022-11-30,TSS,9.7540552175,,,,,,8.0,,,,,,,2022-11,"TYSON FRESH MEATS, INC"
NE0001392,NE,tannery,2022-12-31,BOD,8.71779923,,,,,,6.0,,,,,,,2022-12,"TYSON FRESH MEATS, INC"
NE0001392,NE,tannery,2022-12-31,TSS,8.71779923,,,,,,11.0,,,,,,,2022-12,"TYSON FRESH MEATS, INC"
NE0001392,NE,tannery,2023-01-31,BOD,9.168263020000001,,,,,,7.0,,,,,,,2023-01,"TYSON FRESH MEATS, INC"
NE0001392,NE,tannery,2023-01-31,TSS,9.168263020000001,,,,,,22.0,,,,,,,2023-01,"TYSON FRESH MEATS, INC"
NE0001392,NE,tannery,2023-02-28,BOD,9.041451785000001,,,,,,5.0,,,,,,,2023-02,"TYSON FRESH MEATS, INC"
NE0001392,NE,tannery,2023-02-28,TSS,9.041451785000001,,,,,,15.0,,,,,,,2023-02,"TYSON FRESH MEATS, INC"
NE0001392,NE,tannery,2023-03-31,BOD,8.9477628875,,,,,,4.0,,,,,,,2023-03,"TYSON FRESH MEATS, INC"
NE0001392,NE,tannery,2023-03-31,TSS,8.9477628875,,,,,,8.0,,,,,,,2023-03,"TYSON FRESH MEATS, INC"
NE0001392,NE,tannery,2023-04-30,BOD,8.507708974999998,,,,,,3.0,,,,,,,2023-04,"TYSON FRESH MEATS, INC"
NE0001392,NE,tannery,2023-04-30,TSS,8.507708974999998,,,,,,0.0,,,,,5.0,,2023-04,"TYSON FRESH MEATS, INC"
NE0001392,NE,tannery,2023-05-31,BOD,8.6070759875,,,,,,3.0,,,,,,,2023-05,"TYSON FRESH MEATS, INC"
NE0001392,NE,tannery,2023-05-31,TSS,8.6070759875,,,,,,0.0,,,,,4.0,,2023-05,"TYSON FRESH MEATS, INC"
NE0001392,NE,tannery,2023-06-30,BOD,8.27112085,,,,,,3.0,,,,,,,2023-06,"TYSON FRESH MEATS, INC"
NE0001392,NE,tannery,2023-06-30,TSS,8.27112085,,,,,,0.0,,,,,4.0,,2023-06,"TYSON FRESH MEATS, INC"
NE0001392,NE,tannery,2023-07-31,BOD,8.564490125,,,,,,3.0,,,,,,,2023-07,"TYSON FRESH MEATS, INC"
NE0001392,NE,tannery,2023-07-31,TSS,8.564490125,,,,,,0.0,,,,,4.0,,2023-07,"TYSON FRESH MEATS, INC"
NE0001392,NE,tannery,2023-08-31,BOD,8.4594449975,,,,,,3.0,,,,,,,2023-08,"TYSON FRESH MEATS, INC"
NE0001392,NE,tannery,2023-08-31,TSS,8.4594449975,,,,,,0.0,,,,,5.0,,2023-08,"TYSON FRESH MEATS, INC"
NE0001392,NE,tannery,2023-09-30,BOD,8.7584923875,,,,,,3.0,,,,,,,2023-09,"TYSON FRESH MEATS, INC"
NE0001392,NE,tannery,2023-09-30,TSS,8.7584923875,,,,,,6.0,,,,,,,2023-09,"TYSON FRESH MEATS, INC"
NE0001392,NE,tannery,2023-10-31,BOD,9.214634292500001,,,,,,3.0,,,,,,,2023-10,"TYSON FRESH MEATS, INC"
NE0001392,NE,tannery,2023-10-31,TSS,9.214634292500001,,,,,,0.0,,,,,5.0,,2023-10,"TYSON FRESH MEATS, INC"
NE0001392,NE,tannery,2023-11-30,BOD,8.8379859975,,,,,,3.0,,,,,,,2023-11,"TYSON FRESH MEATS, INC"
NE0001392,NE,tannery,2023-11-30,TSS,8.8379859975,,,,,,7.0,,,,,,,2023-11,"TYSON FRESH MEATS, INC"
NE0001392,NE,tannery,2023-12-31,BOD,9.096340230000001,,,,,,4.0,,,,,,,2023-12,"TYSON FRESH MEATS, INC"
NE0001392,NE,tannery,2023-12-31,TSS,9.096340230000001,,,,,,9.0,,,,,,,2023-12,"TYSON FRESH MEATS, INC"
NE0001392,NE,tannery,2024-01-31,BOD,9.002651332500001,,,,,,5.0,,,,,,,2024-01,"TYSON FRESH MEATS, INC"
NE0001392,NE,tannery,2024-01-31,TSS,9.002651332500001,,,,,,10.0,,,,,,,2024-01,"TYSON FRESH MEATS, INC"
NE0001392,NE,tannery,2024-02-29,BOD,8.7793121425,,,,,,4.0,,,,,,,2024-02,"TYSON FRESH MEATS, INC"
NE0001392,NE,tannery,2024-02-29,TSS,8.7793121425,,,,,,7.0,,,,,,,2024-02,"TYSON FRESH MEATS, INC"
NE0001392,NE,tannery,2024-03-31,BOD,8.371434215,,,,,,3.0,,,,,,,2024-03,"TYSON FRESH MEATS, INC"
NE0001392,NE,tannery,2024-03-31,TSS,8.371434215,,,,,,6.0,,,,,,,2024-03,"TYSON FRESH MEATS, INC"
NE0001392,NE,tannery,2024-04-30,BOD,8.7584923875,,,,,,3.0,,,,,,,2024-04,"TYSON FRESH MEATS, INC"
NE0001392,NE,tannery,2024-04-30,TSS,8.7584923875,,,,,,0.0,,,,,5.0,,2024-04,"TYSON FRESH MEATS, INC"
NE0001392,NE,tannery,2024-05-31,BOD,8.6771060725,,,,,,3.0,,,,,,,2024-05,"TYSON FRESH MEATS, INC"
NE0001392,NE,tannery,2024-05-31,TSS,8.6771060725,,,,,,0.0,,,,,5.0,,2024-05,"TYSON FRESH MEATS, INC"
NE0001392,NE,tannery,2024-06-30,BOD,8.5446167225,,,,,,3.0,,,,,,,2024-06,"TYSON FRESH MEATS, INC"
NE0001392,NE,tannery,2024-06-30,TSS,8.5446167225,,,,,,0.0,,,,,5.0,,2024-06,"TYSON FRESH MEATS, INC"
NE0001392,NE,tannery,2024-07-31,BOD,9.8221925975,,,,,,3.0,,,,,,,2024-07,"TYSON FRESH MEATS, INC"
NE0001392,NE,tannery,2024-07-31,TSS,9.8221925975,,,,,,0.0,,,,,5.0,,2024-07,"TYSON FRESH MEATS, INC"
NE0001392,NE,tannery,2024-08-31,BOD,9.399173029999998,,,,,,3.0,,,,,,,2024-08,"TYSON FRESH MEATS, INC"
NE0001392,NE,tannery,2024-08-31,TSS,9.399173029999998,,,,,,0.0,,,,,5.0,,2024-08,"TYSON FRESH MEATS, INC"
NE0001392,NE,tannery,2024-09-30,BOD,8.678052425,,,,,,4.0,,,,,,,2024-09,"TYSON FRESH MEATS, INC"
NE0001392,NE,tannery,2024-09-30,TSS,8.678052425,,,,,,6.0,,,,,,,2024-09,"TYSON FRESH MEATS, INC"
NE0001392,NE,tannery,2024-10-31,BOD,8.43010807,,,,,,5.0,,,,,,,2024-10,"TYSON FRESH MEATS, INC"
NE0001392,NE,tannery,2024-10-31,TSS,8.43010807,,,,,,9.0,,,,,,,2024-10,"TYSON FRESH MEATS, INC"
NE0001392,NE,tannery,2024-11-30,BOD,8.5275823775,,,,,,5.0,,,,,,,2024-11,"TYSON FRESH MEATS, INC"
NE0001392,NE,tannery,2024-11-30,TSS,8.5275823775,,,,,,9.0,,,,,,,2024-11,"TYSON FRESH MEATS, INC"
NE0001392,NE,tannery,2024-12-31,BOD,8.6297884475,,,,,,5.0,,,,,,,2024-12,"TYSON FRESH MEATS, INC"
NE0001392,NE,tannery,2024-12-31,TSS,8.6297884475,,,,,,10.0,,,,,,,2024-12,"TYSON FRESH MEATS, INC"
NY0003344,NY,paper_pulp,2019-01-31,BOD,7.4194036,,,,,,4.5,,,,,,30.0,2019-01,ALKEGEN - FULTON PLANT
NY0003344,NY,paper_pulp,2019-01-31,TSS,7.4194036,,,,,,21.0,,,,,,30.0,2019-01,ALKEGEN - FULTON PLANT
NY0003344,NY,paper_pulp,2019-02-28,BOD,3.450401215,,,,,,8.3,,,,,,30.0,2019-02,ALKEGEN - FULTON PLANT
NY0003344,NY,paper_pulp,2019-02-28,TSS,3.450401215,,,,,,21.0,,,,,,30.0,2019-02,ALKEGEN - FULTON PLANT
NY0003344,NY,paper_pulp,2019-03-31,BOD,5.2238658,,,,,,19.2,,,,,,30.0,2019-03,ALKEGEN - FULTON PLANT
NY0003344,NY,paper_pulp,2019-03-31,TSS,5.2238658,,,,,,56.0,,,,,,30.0,2019-03,ALKEGEN - FULTON PLANT
NY0006157,NY,paper_pulp,2019-01-31,BOD,,,,,,,0.0,,,,,4.0,30.0,2019-01,ANCRAM MILL
NY0006157,NY,paper_pulp,2019-01-31,TDS,,,,,,,20.0,,,,,,,2019-01,ANCRAM MILL
NY0006157,NY,paper_pulp,2019-01-31,TSS,,,,,,,2.2,,,,,,30.0,2019-01,ANCRAM MILL
NY0006157,NY,paper_pulp,2019-02-28,BOD,,,,,,,2.0,,,,,,30.0,2019-02,ANCRAM MILL
NY0006157,NY,paper_pulp,2019-02-28,TDS,,,,,,,105.0,,,,,,,2019-02,ANCRAM MILL
NY0006157,NY,paper_pulp,2019-02-28,TSS,,,,,,,1.3,,,,,,30.0,2019-02,ANCRAM MILL
NY0006157,NY,paper_pulp,2019-04-30,BOD,,,,,,,0.0,,,,,4.0,30.0,2019-04,ANCRAM MILL
NY0006157,NY,paper_pulp,2019-04-30,TDS,,,,,,,150.0,,,,,,,2019-04,ANCRAM MILL
NY0006157,NY,paper_pulp,2019-04-30,TSS,,,,,,,2.3,,,,,,30.0,2019-04,ANCRAM MILL
NY0006157,NY,paper_pulp,2019-05-31,BOD,,,,,,,0.0,,,,,4.0,30.0,2019-05,ANCRAM MILL
NY0006157,NY,paper_pulp,2019-05-31,TDS,,,,,,,160.0,,,,,,,2019-05,ANCRAM MILL
NY0006157,NY,paper_pulp,2019-05-31,TSS,,,,,,,0.0,,,,,1.2,30.0,2019-05,ANCRAM MILL
NY0006157,NY,paper_pulp,2019-06-30,BOD,,,,,,,0.0,,,,,4.0,30.0,2019-06,ANCRAM MILL
NY0006157,NY,paper_pulp,2019-06-30,TDS,,,,,,,130.0,,,,,,,2019-06,ANCRAM MILL
NY0006157,NY,paper_pulp,2019-06-30,TSS,,,,,,,0.0,,,,,1.2,30.0,2019-06,ANCRAM MILL
NY0006157,NY,paper_pulp,2019-07-31,BOD,,,,,,,0.0,,,,,4.0,30.0,2019-07,ANCRAM MILL
NY0006157,NY,paper_pulp,2019-07-31,TDS,,,,,,,155.0,,,,,,,2019-07,ANCRAM MILL
NY0006157,NY,paper_pulp,2019-07-31,TSS,,,,,,,0.0,,,,,1.2,30.0,2019-07,ANCRAM MILL
NY0006157,NY,paper_pulp,2019-08-31,BOD,,,,,,,0.0,,,,,4.0,30.0,2019-08,ANCRAM MILL
NY0006157,NY,paper_pulp,2019-08-31,TDS,,,,,,,215.0,,,,,,,2019-08,ANCRAM MILL
NY0006157,NY,paper_pulp,2019-08-31,TSS,,,,,,,9.3,,,,,,30.0,2019-08,ANCRAM MILL
NY0006157,NY,paper_pulp,2019-09-30,BOD,,,,,,,0.0,,,,,4.0,30.0,2019-09,ANCRAM MILL
NY0006157,NY,paper_pulp,2019-09-30,TDS,,,,,,,915.0,,,,,,,2019-09,ANCRAM MILL
NY0006157,NY,paper_pulp,2019-09-30,TSS,,,,,,,21.5,,,,,,30.0,2019-09,ANCRAM MILL
NY0006157,NY,paper_pulp,2019-10-31,BOD,,,,,,,0.0,,,,,4.0,30.0,2019-10,ANCRAM MILL
NY0006157,NY,paper_pulp,2019-10-31,TDS,,,,,,,765.0,,,,,,,2019-10,ANCRAM MILL
NY0006157,NY,paper_pulp,2019-10-31,TSS,,,,,,,0.0,,,,,1.2,30.0,2019-10,ANCRAM MILL
NY0006157,NY,paper_pulp,2019-11-30,BOD,,,,,,,0.0,,,,,4.0,30.0,2019-11,ANCRAM MILL
NY0006157,NY,paper_pulp,2019-11-30,TDS,,,,,,,190.0,,,,,,,2019-11,ANCRAM MILL
NY0006157,NY,paper_pulp,2019-11-30,TSS,,,,,,,0.0,,,,,1.2,30.0,2019-11,ANCRAM MILL
NY0006157,NY,paper_pulp,2019-12-31,BOD,,,,,,,0.0,,,,,4.0,30.0,2019-12,ANCRAM MILL
NY0006157,NY,paper_pulp,2019-12-31,TDS,,,,,,,85.0,,,,,,,2019-12,ANCRAM MILL
NY0006157,NY,paper_pulp,2019-12-31,TSS,,,,,,,0.0,,,,,1.2,30.0,2019-12,ANCRAM MILL
NY0006157,NY,paper_pulp,2020-01-31,BOD,,,,,,,0.0,,,,,4.0,30.0,2020-01,ANCRAM MILL
NY0006157,NY,paper_pulp,2020-01-31,TDS,,,,,,,115.0,,,,,,,2020-01,ANCRAM MILL
NY0006157,NY,paper_pulp,2020-01-31,TSS,,,,,,,0.0,,,,,1.2,30.0,2020-01,ANCRAM MILL
NY0006157,NY,paper_pulp,2020-02-29,BOD,,,,,,,0.0,,,,,4.0,30.0,2020-02,ANCRAM MILL
NY0006157,NY,paper_pulp,2020-02-29,TDS,,,,,,,140.0,,,,,,,2020-02,ANCRAM MILL
NY0006157,NY,paper_pulp,2020-02-29,TSS,,,,,,,0.0,,,,,1.2,30.0,2020-02,ANCRAM MILL
NY0006157,NY,paper_pulp,2020-03-31,BOD,,,,,,,0.0,,,,,4.0,30.0,2020-03,ANCRAM MILL
NY0006157,NY,paper_pulp,2020-03-31,TDS,,,,,,,75.0,,,,,,,2020-03,ANCRAM MILL
NY0006157,NY,paper_pulp,2020-03-31,TSS,,,,,,,0.0,,,,,1.2,30.0,2020-03,ANCRAM MILL
NY0006157,NY,paper_pulp,2020-04-30,BOD,,,,,,,0.0,,,,,4.0,30.0,2020-04,ANCRAM MILL
NY0006157,NY,paper_pulp,2020-04-30,TDS,,,,,,,115.0,,,,,,,2020-04,ANCRAM MILL
NY0006157,NY,paper_pulp,2020-04-30,TSS,,,,,,,0.0,,,,,1.2,30.0,2020-04,ANCRAM MILL
NY0006157,NY,paper_pulp,2020-05-31,BOD,,,,,,,0.0,,,,,4.0,30.0,2020-05,ANCRAM MILL
NY0006157,NY,paper_pulp,2020-05-31,TDS,,,,,,,105.0,,,,,,,2020-05,ANCRAM MILL
NY0006157,NY,paper_pulp,2020-05-31,TSS,,,,,,,0.0,,,,,1.3,30.0,2020-05,ANCRAM MILL
NY0006157,NY,paper_pulp,2020-06-30,BOD,,,,,,,0.0,,,,,4.0,30.0,2020-06,ANCRAM MILL
NY0006157,NY,paper_pulp,2020-06-30,TDS,,,,,,,5.0,,,,,,,2020-06,ANCRAM MILL
NY0006157,NY,paper_pulp,2020-06-30,TSS,,,,,,,0.0,,,,,1.2,30.0,2020-06,ANCRAM MILL
NY0006157,NY,paper_pulp,2020-07-31,BOD,,,,,,,0.0,,,,,4.0,30.0,2020-07,ANCRAM MILL
NY0006157,NY,paper_pulp,2020-07-31,TDS,,,,,,,175.0,,,,,,,2020-07,ANCRAM MILL
NY0006157,NY,paper_pulp,2020-07-31,TSS,,,,,,,0.0,,,,,2.2,30.0,2020-07,ANCRAM MILL
NY0006157,NY,paper_pulp,2020-08-31,BOD,,,,,,,0.0,,,,,4.0,30.0,2020-08,ANCRAM MILL
NY0006157,NY,paper_pulp,2020-08-31,TDS,,,,,,,0.0,,,,,5.0,,2020-08,ANCRAM MILL
NY0006157,NY,paper_pulp,2020-08-31,TSS,,,,,,,5.0,,,,,,30.0,2020-08,ANCRAM MILL
NY0006157,NY,paper_pulp,2020-09-30,BOD,,,,,,,0.0,,,,,4.0,30.0,2020-09,ANCRAM MILL
NY0006157,NY,paper_pulp,2020-09-30,TDS,,,,,,,280.0,,,,,,,2020-09,ANCRAM MILL
NY0006157,NY,paper_pulp,2020-09-30,TSS,,,,,,,0.0,,,,,1.2,30.0,2020-09,ANCRAM MILL
NY0006157,NY,paper_pulp,2020-10-31,BOD,,,,,,,0.0,,,,,4.0,30.0,2020-10,ANCRAM MILL
NY0006157,NY,paper_pulp,2020-10-31,TDS,,,,,,,1120.0,,,,,,,2020-10,ANCRAM MILL
NY0006157,NY,paper_pulp,2020-10-31,TSS,,,,,,,0.0,,,,,1.3,30.0,2020-10,ANCRAM MILL
NY0006157,NY,paper_pulp,2020-11-30,BOD,,,,,,,0.0,,,,,4.0,30.0,2020-11,ANCRAM MILL
NY0006157,NY,paper_pulp,2020-11-30,TDS,,,,,,,495.0,,,,,,,2020-11,ANCRAM MILL
NY0006157,NY,paper_pulp,2020-11-30,TSS,,,,,,,0.0,,,,,1.4,30.0,2020-11,ANCRAM MILL
NY0006157,NY,paper_pulp,2020-12-31,BOD,,,,,,,0.0,,,,,4.0,30.0,2020-12,ANCRAM MILL
NY0006157,NY,paper_pulp,2020-12-31,TDS,,,,,,,145.0,,,,,,,2020-12,ANCRAM MILL
NY0006157,NY,paper_pulp,2020-12-31,TSS,,,,,,,0.0,,,,,1.3,30.0,2020-12,ANCRAM MILL
NY0006157,NY,paper_pulp,2021-01-31,BOD,,,,,,,0.0,,,,,4.0,30.0,2021-01,ANCRAM MILL
NY0006157,NY,paper_pulp,2021-01-31,TDS,,,,,,,180.0,,,,,,,2021-01,ANCRAM MILL
NY0006157,NY,paper_pulp,2021-01-31,TSS,,,,,,,0.0,,,,,1.2,30.0,2021-01,ANCRAM MILL
NY0006157,NY,paper_pulp,2021-02-28,BOD,,,,,,,0.0,,,,,4.0,30.0,2021-02,ANCRAM MILL
NY0006157,NY,paper_pulp,2021-02-28,TDS,,,,,,,185.0,,,,,,,2021-02,ANCRAM MILL
NY0006157,NY,paper_pulp,2021-02-28,TSS,,,,,,,0.0,,,,,1.0,30.0,2021-02,ANCRAM MILL
NY0006157,NY,paper_pulp,2021-03-31,BOD,,,,,,,2.4,,,,,,30.0,2021-03,ANCRAM MILL
NY0006157,NY,paper_pulp,2021-03-31,TDS,,,,,,,260.0,,,,,,,2021-03,ANCRAM MILL
NY0006157,NY,paper_pulp,2021-03-31,TSS,,,,,,,1.5,,,,,,30.0,2021-03,ANCRAM MILL
NY0006157,NY,paper_pulp,2021-04-30,BOD,,,,,,,0.0,,,,,4.0,30.0,2021-04,ANCRAM MILL
NY0006157,NY,paper_pulp,2021-04-30,TDS,,,,,,,170.0,,,,,,,2021-04,ANCRAM MILL
NY0006157,NY,paper_pulp,2021-04-30,TSS,,,,,,,0.0,,,,,1.0,30.0,2021-04,ANCRAM MILL
NY0006157,NY,paper_pulp,2021-05-31,BOD,,,,,,,0.0,,,,,4.0,30.0,2021-05,ANCRAM MILL
NY0006157,NY,paper_pulp,2021-05-31,TDS,,,,,,,180.0,,,,,,,2021-05,ANCRAM MILL
NY0006157,NY,paper_pulp,2021-05-31,TSS,,,,,,,0.0,,,,,1.0,30.0,2021-05,ANCRAM MILL
NY0006157,NY,paper_pulp,2021-06-30,BOD,,,,,,,0.0,,,,,4.0,30.0,2021-06,ANCRAM MILL
NY0006157,NY,paper_pulp,2021-06-30,TDS,,,,,,,100.0,,,,,,,2021-06,ANCRAM MILL
NY0006157,NY,paper_pulp,2021-06-30,TSS,,,,,,,0.0,,,,,1.0,30.0,2021-06,ANCRAM MILL
NY0006157,NY,paper_pulp,2021-07-31,BOD,,,,,,,0.0,,,,,4.0,30.0,2021-07,ANCRAM MILL
NY0006157,NY,paper_pulp,2021-07-31,TDS,,,,,,,170.0,,,,,,,2021-07,ANCRAM MILL
NY0006157,NY,paper_pulp,2021-07-31,TSS,,,,,,,0.0,,,,,1.0,30.0,2021-07,ANCRAM MILL
NY0006157,NY,paper_pulp,2021-08-31,BOD,,,,,,,0.0,,,,,4.0,30.0,2021-08,ANCRAM MILL
NY0006157,NY,paper_pulp,2021-08-31,TDS,,,,,,,165.0,,,,,,,2021-08,ANCRAM MILL
NY0006157,NY,paper_pulp,2021-08-31,TSS,,,,,,,0.0,,,,,1.0,30.0,2021-08,ANCRAM MILL
NY0006157,NY,paper_pulp,2021-09-30,BOD,,,,,,,0.0,,,,,4.0,30.0,2021-09,ANCRAM MILL
NY0006157,NY,paper_pulp,2021-09-30,TDS,,,,,,,185.0,,,,,,,2021-09,ANCRAM MILL
NY0006157,NY,paper_pulp,2021-09-30,TSS,,,,,,,0.0,,,,,1.0,30.0,2021-09,ANCRAM MILL
NY0006157,NY,paper_pulp,2021-10-31,BOD,,,,,,,0.0,,,,,4.0,30.0,2021-10,ANCRAM MILL
NY0006157,NY,paper_pulp,2021-10-31,TDS,,,,,,,150.0,,,,,,,2021-10,ANCRAM MILL
NY0006157,NY,paper_pulp,2021-10-31,TSS,,,,,,,0.0,,,,,1.0,30.0,2021-10,ANCRAM MILL
NY0006157,NY,paper_pulp,2021-11-30,BOD,,,,,,,0.0,,,,,4.0,30.0,2021-11,ANCRAM MILL
NY0006157,NY,paper_pulp,2021-11-30,TDS,,,,,,,20.0,,,,,,,2021-11,ANCRAM MILL
NY0006157,NY,paper_pulp,2021-11-30,TSS,,,,,,,0.0,,,,,1.0,30.0,2021-11,ANCRAM MILL
NY0006157,NY,paper_pulp,2021-12-31,BOD,,,,,,,0.0,,,,,4.0,30.0,2021-12,ANCRAM MILL
NY0006157,NY,paper_pulp,2021-12-31,TDS,,,,,,,20.0,,,,,,,2021-12,ANCRAM MILL
NY0006157,NY,paper_pulp,2021-12-31,TSS,,,,,,,0.0,,,,,1.0,30.0,2021-12,ANCRAM MILL
NY0006157,NY,paper_pulp,2022-01-31,BOD,,,,,,,0.0,,,,,4.0,30.0,2022-01,ANCRAM MILL
NY0006157,NY,paper_pulp,2022-01-31,TDS,,,,,,,110.0,,,,,,,2022-01,ANCRAM MILL
NY0006157,NY,paper_pulp,2022-01-31,TSS,,,,,,,0.0,,,,,1.0,30.0,2022-01,ANCRAM MILL
NY0006157,NY,paper_pulp,2022-02-28,BOD,,,,,,,0.0,,,,,4.0,30.0,2022-02,ANCRAM MILL
NY0006157,NY,paper_pulp,2022-02-28,TDS,,,,,,,80.0,,,,,,,2022-02,ANCRAM MILL
NY0006157,NY,paper_pulp,2022-02-28,TSS,,,,,,,0.0,,,,,1.0,30.0,2022-02,ANCRAM MILL
NY0006157,NY,paper_pulp,2022-03-31,BOD,,,,,,,0.0,,,,,4.0,30.0,2022-03,ANCRAM MILL
NY0006157,NY,paper_pulp,2022-03-31,TDS,,,,,,,135.0,,,,,,,2022-03,ANCRAM MILL
NY0006157,NY,paper_pulp,2022-03-31,TSS,,,,,,,0.0,,,,,1.0,30.0,2022-03,ANCRAM MILL
NY0006157,NY,paper_pulp,2022-04-30,BOD,,,,,,,0.0,,,,,4.0,30.0,2022-04,ANCRAM MILL
NY0006157,NY,paper_pulp,2022-04-30,TDS,,,,,,,195.0,,,,,,,2022-04,ANCRAM MILL
NY0006157,NY,paper_pulp,2022-04-30,TSS,,,,,,,3.1,,,,,,30.0,2022-04,ANCRAM MILL
NY0006157,NY,paper_pulp,2022-05-31,BOD,,,,,,,0.0,,,,,4.0,30.0,2022-05,ANCRAM MILL
NY0006157,NY,paper_pulp,2022-05-31,TDS,,,,,,,95.0,,,,,,,2022-05,ANCRAM MILL
NY0006157,NY,paper_pulp,2022-05-31,TSS,,,,,,,0.0,,,,,1.0,30.0,2022-05,ANCRAM MILL
NY0006157,NY,paper_pulp,2022-06-30,BOD,,,,,,,0.0,,,,,4.0,30.0,2022-06,ANCRAM MILL
NY0006157,NY,paper_pulp,2022-06-30,TDS,,,,,,,75.0,,,,,,,2022-06,ANCRAM MILL
NY0006157,NY,paper_pulp,2022-06-30,TSS,,,,,,,0.0,,,,,1.0,30.0,2022-06,ANCRAM MILL
NY0006157,NY,paper_pulp,2022-07-31,BOD,,,,,,,0.0,,,,,4.0,30.0,2022-07,ANCRAM MILL
NY0006157,NY,paper_pulp,2022-07-31,TDS,,,,,,,615.0,,,,,,,2022-07,ANCRAM MILL
NY0006157,NY,paper_pulp,2022-07-31,TSS,,,,,,,1.0,,,,,,30.0,2022-07,ANCRAM MILL
NY0006157,NY,paper_pulp,2022-08-31,BOD,,,,,,,0.0,,,,,4.0,30.0,2022-08,ANCRAM MILL
NY0006157,NY,paper_pulp,2022-08-31,TDS,,,,,,,670.0,,,,,,,2022-08,ANCRAM MILL
NY0006157,NY,paper_pulp,2022-08-31,TSS,,,,,,,0.0,,,,,1.0,30.0,2022-08,ANCRAM MILL
NY0006157,NY,paper_pulp,2022-09-30,BOD,,,,,,,0.0,,,,,4.0,30.0,2022-09,ANCRAM MILL
NY0006157,NY,paper_pulp,2022-09-30,TDS,,,,,,,685.0,,,,,,,2022-09,ANCRAM MILL
NY0006157,NY,paper_pulp,2022-09-30,TSS,,,,,,,0.0,,,,,1.0,30.0,2022-09,ANCRAM MILL
NY0006157,NY,paper_pulp,2022-10-31,BOD,,,,,,,0.0,,,,,4.0,30.0,2022-10,ANCRAM MILL
NY0006157,NY,paper_pulp,2022-10-31,TDS,,,,,,,505.0,,,,,,,2022-10,ANCRAM MILL
NY0006157,NY,paper_pulp,2022-10-31,TSS,,,,,,,1.6,,,,,,30.0,2022-10,ANCRAM MILL
NY0006157,NY,paper_pulp,2022-11-30,BOD,,,,,,,0.0,,,,,4.0,30.0,2022-11,ANCRAM MILL
NY0006157,NY,paper_pulp,2022-11-30,TDS,,,,,,,235.0,,,,,,,2022-11,ANCRAM MILL
NY0006157,NY,paper_pulp,2022-11-30,TSS,,,,,,,0.0,,,,,1.0,30.0,2022-11,ANCRAM MILL
NY0006157,NY,paper_pulp,2022-12-31,BOD,,,,,,,0.0,,,,,4.0,30.0,2022-12,ANCRAM MILL
NY0006157,NY,paper_pulp,2022-12-31,TDS,,,,,,,165.0,,,,,,,2022-12,ANCRAM MILL
NY0006157,NY,paper_pulp,2022-12-31,TSS,,,,,,,1.3,,,,,,30.0,2022-12,ANCRAM MILL
NY0006157,NY,paper_pulp,2023-01-31,BOD,,,,,,,0.0,,,,,4.0,30.0,2023-01,ANCRAM MILL
NY0006157,NY,paper_pulp,2023-01-31,TDS,,,,,,,200.0,,,,,,,2023-01,ANCRAM MILL
NY0006157,NY,paper_pulp,2023-01-31,TSS,,,,,,,0.0,,,,,2.0,30.0,2023-01,ANCRAM MILL
NY0006157,NY,paper_pulp,2023-02-28,BOD,,,,,,,0.0,,,,,4.0,30.0,2023-02,ANCRAM MILL
NY0006157,NY,paper_pulp,2023-02-28,TDS,,,,,,,170.0,,,,,,,2023-02,ANCRAM MILL
NY0006157,NY,paper_pulp,2023-02-28,TSS,,,,,,,0.0,,,,,1.0,30.0,2023-02,ANCRAM MILL
NY0006157,NY,paper_pulp,2023-03-31,BOD,,,,,,,0.0,,,,,4.0,30.0,2023-03,ANCRAM MILL
NY0006157,NY,paper_pulp,2023-03-31,TDS,,,,,,,80.0,,,,,,,2023-03,ANCRAM MILL
NY0006157,NY,paper_pulp,2023-03-31,TSS,,,,,,,0.0,,,,,1.0,30.0,2023-03,ANCRAM MILL
NY0006157,NY,paper_pulp,2023-04-30,BOD,,,,,,,0.0,,,,,4.0,30.0,2023-04,ANCRAM MILL
NY0006157,NY,paper_pulp,2023-04-30,TDS,,,,,,,55.0,,,,,,,2023-04,ANCRAM MILL
NY0006157,NY,paper_pulp,2023-04-30,TSS,,,,,,,0.0,,,,,1.0,30.0,2023-04,ANCRAM MILL
NY0006157,NY,paper_pulp,2023-05-31,BOD,,,,,,,0.0,,,,,4.0,30.0,2023-05,ANCRAM MILL
NY0006157,NY,paper_pulp,2023-05-31,TDS,,,,,,,185.0,,,,,,,2023-05,ANCRAM MILL
NY0006157,NY,paper_pulp,2023-05-31,TSS,,,,,,,0.0,,,,,1.0,30.0,2023-05,ANCRAM MILL
NY0006157,NY,paper_pulp,2023-06-30,BOD,,,,,,,0.0,,,,,4.0,30.0,2023-06,ANCRAM MILL
NY0006157,NY,paper_pulp,2023-06-30,TDS,,,,,,,75.0,,,,,,,2023-06,ANCRAM MILL
NY0006157,NY,paper_pulp,2023-06-30,TSS,,,,,,,0.0,,,,,1.0,30.0,2023-06,ANCRAM MILL
NY0006157,NY,paper_pulp,2023-07-31,BOD,,,,,,,0.0,,,,,4.0,30.0,2023-07,ANCRAM MILL
NY0006157,NY,paper_pulp,2023-07-31,TDS,,,,,,,240.0,,,,,,,2023-07,ANCRAM MILL
NY0006157,NY,paper_pulp,2023-07-31,TSS,,,,,,,0.0,,,,,1.0,30.0,2023-07,ANCRAM MILL
NY0006157,NY,paper_pulp,2023-08-31,BOD,,,,,,,0.0,,,,,4.0,30.0,2023-08,ANCRAM MILL
NY0006157,NY,paper_pulp,2023-08-31,TDS,,,,,,,125.0,,,,,,,2023-08,ANCRAM MILL
NY0006157,NY,paper_pulp,2023-08-31,TSS,,,,,,,2.3,,,,,,30.0,2023-08,ANCRAM MILL
NY0006157,NY,paper_pulp,2023-09-30,BOD,,,,,,,0.0,,,,,4.0,30.0,2023-09,ANCRAM MILL
NY0006157,NY,paper_pulp,2023-09-30,TDS,,,,,,,235.0,,,,,,,2023-09,ANCRAM MILL
NY0006157,NY,paper_pulp,2023-09-30,TSS,,,,,,,0.0,,,,,1.0,30.0,2023-09,ANCRAM MILL
NY0006157,NY,paper_pulp,2023-10-31,BOD,,,,,,,0.0,,,,,4.0,30.0,2023-10,ANCRAM MILL
NY0006157,NY,paper_pulp,2023-10-31,TDS,,,,,,,92.0,,,,,,,2023-10,ANCRAM MILL
NY0006157,NY,paper_pulp,2023-10-31,TSS,,,,,,,0.0,,,,,1.0,30.0,2023-10,ANCRAM MILL
NY0006157,NY,paper_pulp,2023-11-30,BOD,,,,,,,0.0,,,,,4.0,30.0,2023-11,ANCRAM MILL
NY0006157,NY,paper_pulp,2023-11-30,TDS,,,,,,,90.0,,,,,,,2023-11,ANCRAM MILL
NY0006157,NY,paper_pulp,2023-11-30,TSS,,,,,,,0.0,,,,,1.0,30.0,2023-11,ANCRAM MILL
NY0006157,NY,paper_pulp,2023-12-31,BOD,,,,,,,0.0,,,,,4.0,30.0,2023-12,ANCRAM MILL
NY0006157,NY,paper_pulp,2023-12-31,TDS,,,,,,,70.0,,,,,,,2023-12,ANCRAM MILL
NY0006157,NY,paper_pulp,2023-12-31,TSS,,,,,,,0.0,,,,,1.0,30.0,2023-12,ANCRAM MILL
NY0006157,NY,paper_pulp,2024-01-31,BOD,,,,,,,0.0,,,,,4.0,30.0,2024-01,ANCRAM MILL
NY0006157,NY,paper_pulp,2024-01-31,TDS,,,,,,,15.0,,,,,,,2024-01,ANCRAM MILL
NY0006157,NY,paper_pulp,2024-01-31,TSS,,,,,,,0.0,,,,,1.0,30.0,2024-01,ANCRAM MILL
NY0006157,NY,paper_pulp,2024-02-29,BOD,,,,,,,0.0,,,,,4.0,30.0,2024-02,ANCRAM MILL
NY0006157,NY,paper_pulp,2024-02-29,TDS,,,,,,,20.0,,,,,,,2024-02,ANCRAM MILL
NY0006157,NY,paper_pulp,2024-02-29,TSS,,,,,,,0.0,,,,,1.0,30.0,2024-02,ANCRAM MILL
NY0006157,NY,paper_pulp,2024-03-31,BOD,,,,,,,0.0,,,,,4.0,30.0,2024-03,ANCRAM MILL
NY0006157,NY,paper_pulp,2024-03-31,TDS,,,,,,,180.0,,,,,,,2024-03,ANCRAM MILL
NY0006157,NY,paper_pulp,2024-03-31,TSS,,,,,,,2.1,,,,,,30.0,2024-03,ANCRAM MILL
NY0006157,NY,paper_pulp,2024-04-30,BOD,,,,,,,0.0,,,,,4.0,30.0,2024-04,ANCRAM MILL
NY0006157,NY,paper_pulp,2024-04-30,TDS,,,,,,,100.0,,,,,,,2024-04,ANCRAM MILL
NY0006157,NY,paper_pulp,2024-04-30,TSS,,,,,,,0.0,,,,,1.0,30.0,2024-04,ANCRAM MILL
NY0006157,NY,paper_pulp,2024-05-31,BOD,,,,,,,0.0,,,,,4.0,30.0,2024-05,ANCRAM MILL
NY0006157,NY,paper_pulp,2024-05-31,TDS,,,,,,,110.0,,,,,,,2024-05,ANCRAM MILL
NY0006157,NY,paper_pulp,2024-05-31,TSS,,,,,,,1.8,,,,,,30.0,2024-05,ANCRAM MILL
NY0006157,NY,paper_pulp,2024-06-30,BOD,,,,,,,0.0,,,,,4.0,30.0,2024-06,ANCRAM MILL
NY0006157,NY,paper_pulp,2024-06-30,TDS,,,,,,,165.0,,,,,,,2024-06,ANCRAM MILL
NY0006157,NY,paper_pulp,2024-06-30,TSS,,,,,,,0.0,,,,,1.0,30.0,2024-06,ANCRAM MILL
NY0006157,NY,paper_pulp,2024-07-31,BOD,,,,,,,0.0,,,,,4.0,30.0,2024-07,ANCRAM MILL
NY0006157,NY,paper_pulp,2024-07-31,TDS,,,,,,,490.0,,,,,,,2024-07,ANCRAM MILL
NY0006157,NY,paper_pulp,2024-07-31,TSS,,,,,,,3.0,,,,,,30.0,2024-07,ANCRAM MILL
NY0006157,NY,paper_pulp,2024-08-31,BOD,,,,,,,0.0,,,,,4.0,30.0,2024-08,ANCRAM MILL
NY0006157,NY,paper_pulp,2024-08-31,TDS,,,,,,,490.0,,,,,,,2024-08,ANCRAM MILL
NY0006157,NY,paper_pulp,2024-08-31,TSS,,,,,,,3.0,,,,,,30.0,2024-08,ANCRAM MILL
NY0006157,NY,paper_pulp,2024-09-30,BOD,,,,,,,9.0,,,,,,30.0,2024-09,ANCRAM MILL
NY0006157,NY,paper_pulp,2024-09-30,TDS,,,,,,,880.0,,,,,,,2024-09,ANCRAM MILL
NY0006157,NY,paper_pulp,2024-09-30,TSS,,,,,,,11.5,,,,,,30.0,2024-09,ANCRAM MILL
NY0006157,NY,paper_pulp,2024-10-31,BOD,,,,,,,0.0,,,,,4.0,30.0,2024-10,ANCRAM MILL
NY0006157,NY,paper_pulp,2024-10-31,TDS,,,,,,,965.0,,,,,,,2024-10,ANCRAM MILL
NY0006157,NY,paper_pulp,2024-10-31,TSS,,,,,,,1.7,,,,,,30.0,2024-10,ANCRAM MILL
NY0006157,NY,paper_pulp,2024-11-30,BOD,,,,,,,4.0,,,,,,30.0,2024-11,ANCRAM MILL
NY0006157,NY,paper_pulp,2024-11-30,TDS,,,,,,,955.0,,,,,,,2024-11,ANCRAM MILL
NY0006157,NY,paper_pulp,2024-11-30,TSS,,,,,,,2.5,,,,,,30.0,2024-11,ANCRAM MILL
NY0006157,NY,paper_pulp,2024-12-31,BOD,,,,,,,0.0,,,,,4.0,30.0,2024-12,ANCRAM MILL
NY0006157,NY,paper_pulp,2024-12-31,TDS,,,,,,,865.0,,,,,,,2024-12,ANCRAM MILL
NY0006157,NY,paper_pulp,2024-12-31,TSS,,,,,,,1.9,,,,,,30.0,2024-12,ANCRAM MILL
PA0002143,PA,paper_pulp,2019-01-31,BOD,54.5856122,,,,,,29.0,,,,,,,2019-01,DOMTAR JOHNSONBURG MILL
PA0002143,PA,paper_pulp,2019-01-31,TSS,54.5856122,,,,,,88.0,,,,,,,2019-01,DOMTAR JOHNSONBURG MILL
PA0002143,PA,paper_pulp,2019-02-28,BOD,50.97054565,,,,,,48.0,,,,,,,2019-02,DOMTAR JOHNSONBURG MILL
PA0002143,PA,paper_pulp,2019-02-28,TSS,50.97054565,,,,,,48.0,,,,,,,2019-02,DOMTAR JOHNSONBURG MILL
PA0002143,PA,paper_pulp,2019-03-31,BOD,48.85071605000001,,,,,,41.0,,,,,,,2019-03,DOMTAR JOHNSONBURG MILL
PA0002143,PA,paper_pulp,2019-03-31,TSS,48.85071605000001,,,,,,42.0,,,,,,,2019-03,DOMTAR JOHNSONBURG MILL
PA0002143,PA,paper_pulp,2019-04-30,BOD,50.97054565,,,,,,34.0,,,,,,,2019-04,DOMTAR JOHNSONBURG MILL
PA0002143,PA,paper_pulp,2019-04-30,TSS,50.97054565,,,,,,33.0,,,,,,,2019-04,DOMTAR JOHNSONBURG MILL
PA0002143,PA,paper_pulp,2019-05-31,BOD,48.604664400000004,,,,,,36.0,,,,,,,2019-05,DOMTAR JOHNSONBURG MILL
PA0002143,PA,paper_pulp,2019-05-31,TSS,48.604664400000004,,,,,,34.0,,,,,,,2019-05,DOMTAR JOHNSONBURG MILL
PA0002143,PA,paper_pulp,2019-06-30,BOD,49.002132450000005,,,,,,48.0,,,,,,,2019-06,DOMTAR JOHNSONBURG MILL
PA0002143,PA,paper_pulp,2019-06-30,TSS,49.002132450000005,,,,,,61.0,,,,,,,2019-06,DOMTAR JOHNSONBURG MILL
PA0002143,PA,paper_pulp,2019-07-31,BOD,46.768740550000004,,,,,,47.0,,,,,,,2019-07,DOMTAR JOHNSONBURG MILL
PA0002143,PA,paper_pulp,2019-07-31,TSS,46.768740550000004,,,,,,47.0,,,,,,,2019-07,DOMTAR JOHNSONBURG MILL
PA0002143,PA,paper_pulp,2019-08-31,BOD,44.76247325,,,,,,40.0,,,,,,,2019-08,DOMTAR JOHNSONBURG MILL
PA0002143,PA,paper_pulp,2019-08-31,TSS,44.76247325,,,,,,37.0,,,,,,,2019-08,DOMTAR JOHNSONBURG MILL
PA0002143,PA,paper_pulp,2019-09-30,BOD,43.948610099999996,,,,,,52.0,,,,,,,2019-09,DOMTAR JOHNSONBURG MILL
PA0002143,PA,paper_pulp,2019-09-30,TSS,43.948610099999996,,,,,,30.0,,,,,,,2019-09,DOMTAR JOHNSONBURG MILL
PA0002143,PA,paper_pulp,2019-10-31,BOD,49.15354885,,,,,,21.0,,,,,,,2019-10,DOMTAR JOHNSONBURG MILL
PA0002143,PA,paper_pulp,2019-10-31,TSS,49.15354885,,,,,,29.0,,,,,,,2019-10,DOMTAR JOHNSONBURG MILL
PA0002143,PA,paper_pulp,2019-11-30,BOD,49.5131628,,,,,,18.0,,,,,,,2019-11,DOMTAR JOHNSONBURG MILL
PA0002143,PA,paper_pulp,2019-11-30,TSS,49.5131628,,,,,,39.0,,,,,,,2019-11,DOMTAR JOHNSONBURG MILL
PA0002143,PA,paper_pulp,2019-12-31,BOD,50.27024480000001,,,,,,27.0,,,,,,,2019-12,DOMTAR JOHNSONBURG MILL
PA0002143,PA,paper_pulp,2019-12-31,TSS,50.27024480000001,,,,,,29.0,,,,,,,2019-12,DOMTAR JOHNSONBURG MILL
PA0002143,PA,paper_pulp,2020-01-31,BOD,45.6898987,,,,,,57.0,,,,,,,2020-01,DOMTAR JOHNSONBURG MILL
PA0002143,PA,paper_pulp,2020-01-31,TSS,45.6898987,,,,,,121.0,,,,,,,2020-01,DOMTAR JOHNSONBURG MILL
PA0002143,PA,paper_pulp,2020-02-29,BOD,44.6299839,,,,,,50.0,,,,,,,2020-02,DOMTAR JOHNSONBURG MILL
PA0002143,PA,paper_pulp,2020-02-29,TSS,44.6299839,,,,,,67.0,,,,,,,2020-02,DOMTAR JOHNSONBURG MILL
PA0002143,PA,paper_pulp,2020-03-31,BOD,46.2577102,,,,,,50.0,,,,,,,2020-03,DOMTAR JOHNSONBURG MILL
PA0002143,PA,paper_pulp,2020-03-31,TSS,46.2577102,,,,,,36.0,,,,,,,2020-03,DOMTAR JOHNSONBURG MILL
PA0002143,PA,paper_pulp,2020-04-30,BOD,45.462774100000004,,,,,,32.0,,,,,,,2020-04,DOMTAR JOHNSONBURG MILL
PA0002143,PA,paper_pulp,2020-04-30,TSS,45.462774100000004,,,,,,27.0,,,,,,,2020-04,DOMTAR JOHNSONBURG MILL
PA0002143,PA,paper_pulp,2020-05-31,BOD,41.50702065,,,,,,24.0,,,,,,,2020-05,DOMTAR JOHNSONBURG MILL
PA0002143,PA,paper_pulp,2020-05-31,TSS,41.50702065,,,,,,18.0,,,,,,,2020-05,DOMTAR JOHNSONBURG MILL
PA0002143,PA,paper_pulp,2020-06-30,BOD,41.2988231,,,,,,40.0,,,,,,,2020-06,DOMTAR JOHNSONBURG MILL
PA0002143,PA,paper_pulp,2020-06-30,TSS,41.2988231,,,,,,37.0,,,,,,,2020-06,DOMTAR JOHNSONBURG MILL
PA0002143,PA,paper_pulp,2020-07-31,BOD,47.8854365,,,,,,37.0,,,,,,,2020-07,DOMTAR JOHNSONBURG MILL
PA0002143,PA,paper_pulp,2020-07-31,TSS,47.8854365,,,,,,35.0,,,,,,,2020-07,DOMTAR JOHNSONBURG MILL
PA0002143,PA,paper_pulp,2020-08-31,BOD,45.10316015,,,,,,25.0,,,,,,,2020-08,DOMTAR JOHNSONBURG MILL
PA0002143,PA,paper_pulp,2020-08-31,TSS,45.10316015,,,,,,22.0,,,,,,,2020-08,DOMTAR JOHNSONBURG MILL
PA0002143,PA,paper_pulp,2020-09-30,BOD,48.472175050000004,,,,,,31.0,,,,,,,2020-09,DOMTAR JOHNSONBURG MILL
PA0002143,PA,paper_pulp,2020-09-30,TSS,48.472175050000004,,,,,,59.0,,,,,,,2020-09,DOMTAR JOHNSONBURG MILL
PA0002143,PA,paper_pulp,2020-10-31,BOD,49.2481841,,,,,,33.0,,,,,,,2020-10,DOMTAR JOHNSONBURG MILL
PA0002143,PA,paper_pulp,2020-10-31,TSS,49.2481841,,,,,,32.0,,,,,,,2020-10,DOMTAR JOHNSONBURG MILL
PA0002143,PA,paper_pulp,2020-11-30,BOD,52.0493875,,,,,,29.0,,,,,,,2020-11,DOMTAR JOHNSONBURG MILL
PA0002143,PA,paper_pulp,2020-11-30,TSS,52.0493875,,,,,,30.0,,,,,,,2020-11,DOMTAR JOHNSONBURG MILL
PA0002143,PA,paper_pulp,2020-12-31,BOD,51.57621125,,,,,,40.0,,,,,,,2020-12,DOMTAR JOHNSONBURG MILL
PA0002143,PA,paper_pulp,2020-12-31,TSS,51.57621125,,,,,,41.0,,,,,,,2020-12,DOMTAR JOHNSONBURG MILL
PA0002143,PA,paper_pulp,2021-01-31,BOD,52.97681295,,,,,,39.0,,,,,,,2021-01,DOMTAR JOHNSONBURG MILL
PA0002143,PA,paper_pulp,2021-01-31,TSS,52.97681295,,,,,,33.0,,,,,,,2021-01,DOMTAR JOHNSONBURG MILL
PA0002143,PA,paper_pulp,2021-02-28,BOD,55.1912778,,,,,,55.0,,,,,,,2021-02,DOMTAR JOHNSONBURG MILL
PA0002143,PA,paper_pulp,2021-02-28,TSS,55.1912778,,,,,,36.0,,,,,,,2021-02,DOMTAR JOHNSONBURG MILL
PA0002143,PA,paper_pulp,2021-03-31,BOD,49.3238923,,,,,,40.0,,,,,,,2021-03,DOMTAR JOHNSONBURG MILL
PA0002143,PA,paper_pulp,2021-03-31,TSS,49.3238923,,,,,,40.0,,,,,,,2021-03,DOMTAR JOHNSONBURG MILL
PA0002143,PA,paper_pulp,2021-04-30,BOD,45.7656069,,,,,,55.0,,,,,,,2021-04,DOMTAR JOHNSONBURG MILL
PA0002143,PA,paper_pulp,2021-04-30,TSS,45.7656069,,,,,,60.0,,,,,,,2021-04,DOMTAR JOHNSONBURG MILL
PA0002143,PA,paper_pulp,2021-05-31,BOD,44.3271511,,,,,,26.0,,,,,,,2021-05,DOMTAR JOHNSONBURG MILL
PA0002143,PA,paper_pulp,2021-05-31,TSS,44.3271511,,,,,,47.0,,,,,,,2021-05,DOMTAR JOHNSONBURG MILL
PA0002143,PA,paper_pulp,2021-06-30,BOD,46.23878315,,,,,,51.0,,,,,,,2021-06,DOMTAR JOHNSONBURG MILL
PA0002143,PA,paper_pulp,2021-06-30,TSS,46.23878315,,,,,,38.0,,,,,,,2021-06,DOMTAR JOHNSONBURG MILL
PA0002143,PA,paper_pulp,2021-07-31,BOD,48.66144555,,,,,,47.0,,,,,,,2021-07,DOMTAR JOHNSONBURG MILL
PA0002143,PA,paper_pulp,2021-07-31,TSS,48.66144555,,,,,,30.0,,,,,,,2021-07,DOMTAR JOHNSONBURG MILL
PA0002143,PA,paper_pulp,2021-08-31,BOD,44.7814003,,,,,,36.0,,,,,,,2021-08,DOMTAR JOHNSONBURG MILL
PA0002143,PA,paper_pulp,2021-08-31,TSS,44.7814003,,,,,,27.0,,,,,,,2021-08,DOMTAR JOHNSONBURG MILL
PA0002143,PA,paper_pulp,2021-09-30,BOD,47.5447496,,,,,,28.0,,,,,,,2021-09,DOMTAR JOHNSONBURG MILL
PA0002143,PA,paper_pulp,2021-09-30,TSS,47.5447496,,,,,,21.0,,,,,,,2021-09,DOMTAR JOHNSONBURG MILL
PA0002143,PA,paper_pulp,2021-10-31,BOD,46.12522085,,,,,,39.0,,,,,,,2021-10,DOMTAR JOHNSONBURG MILL
PA0002143,PA,paper_pulp,2021-10-31,TSS,46.12522085,,,,,,18.0,,,,,,,2021-10,DOMTAR JOHNSONBURG MILL
PA0002143,PA,paper_pulp,2021-11-30,BOD,46.59839710000001,,,,,,31.0,,,,,,,2021-11,DOMTAR JOHNSONBURG MILL
PA0002143,PA,paper_pulp,2021-11-30,TSS,46.59839710000001,,,,,,24.0,,,,,,,2021-11,DOMTAR JOHNSONBURG MILL
PA0002143,PA,paper_pulp,2021-12-31,BOD,48.074707,,,,,,28.0,,,,,,,2021-12,DOMTAR JOHNSONBURG MILL
PA0002143,PA,paper_pulp,2021-12-31,TSS,48.074707,,,,,,28.0,,,,,,,2021-12,DOMTAR JOHNSONBURG MILL
PA0002143,PA,paper_pulp,2022-01-31,BOD,50.51629645,,,,,,32.0,,,,,,,2022-01,DOMTAR JOHNSONBURG MILL
PA0002143,PA,paper_pulp,2022-01-31,TSS,50.51629645,,,,,,52.0,,,,,,,2022-01,DOMTAR JOHNSONBURG MILL
PA0002143,PA,paper_pulp,2022-02-28,BOD,49.15354885,,,,,,45.0,,,,,,,2022-02,DOMTAR JOHNSONBURG MILL
PA0002143,PA,paper_pulp,2022-02-28,TSS,49.15354885,,,,,,79.0,,,,,,,2022-02,DOMTAR JOHNSONBURG MILL
PA0002143,PA,paper_pulp,2022-03-31,BOD,50.97054565,,,,,,32.0,,,,,,,2022-03,DOMTAR JOHNSONBURG MILL
PA0002143,PA,paper_pulp,2022-03-31,TSS,50.97054565,,,,,,28.0,,,,,,,2022-03,DOMTAR JOHNSONBURG MILL
PA0002143,PA,paper_pulp,2022-04-30,BOD,46.1441479,,,,,,34.0,,,,,,,2022-04,DOMTAR JOHNSONBURG MILL
PA0002143,PA,paper_pulp,2022-04-30,TSS,46.1441479,,,,,,27.0,,,,,,,2022-04,DOMTAR JOHNSONBURG MILL
PA0002143,PA,paper_pulp,2022-05-31,BOD,48.85071605000001,,,,,,34.0,,,,,,,2022-05,DOMTAR JOHNSONBURG MILL
PA0002143,PA,paper_pulp,2022-05-31,TSS,48.85071605000001,,,,,,28.0,,,,,,,2022-05,DOMTAR JOHNSONBURG MILL
PA0002143,PA,paper_pulp,2022-06-30,BOD,48.093634050000006,,,,,,19.0,,,,,,,2022-06,DOMTAR JOHNSONBURG MILL
PA0002143,PA,paper_pulp,2022-06-30,TSS,48.093634050000006,,,,,,29.0,,,,,,,2022-06,DOMTAR JOHNSONBURG MILL
PA0002143,PA,paper_pulp,2022-07-31,BOD,47.0147922,,,,,,22.0,,,,,,,2022-07,DOMTAR JOHNSONBURG MILL
PA0002143,PA,paper_pulp,2022-07-31,TSS,47.0147922,,,,,,42.0,,,,,,,2022-07,DOMTAR JOHNSONBURG MILL
PA0002143,PA,paper_pulp,2022-08-31,BOD,49.21033,,,,,,23.0,,,,,,,2022-08,DOMTAR JOHNSONBURG MILL
PA0002143,PA,paper_pulp,2022-08-31,TSS,49.21033,,,,,,42.0,,,,,,,2022-08,DOMTAR JOHNSONBURG MILL
PA0002143,PA,paper_pulp,2022-09-30,BOD,52.29543915000001,,,,,,27.0,,,,,,,2022-09,DOMTAR JOHNSONBURG MILL
PA0002143,PA,paper_pulp,2022-09-30,TSS,52.29543915000001,,,,,,33.0,,,,,,,2022-09,DOMTAR JOHNSONBURG MILL
PA0002143,PA,paper_pulp,2022-10-31,BOD,51.89797110000001,,,,,,26.0,,,,,,,2022-10,DOMTAR JOHNSONBURG MILL
PA0002143,PA,paper_pulp,2022-10-31,TSS,51.89797110000001,,,,,,38.0,,,,,,,2022-10,DOMTAR JOHNSONBURG MILL
PA0002143,PA,paper_pulp,2022-11-30,BOD,50.81912925,,,,,,27.0,,,,,,,2022-11,DOMTAR JOHNSONBURG MILL
PA0002143,PA,paper_pulp,2022-11-30,TSS,50.81912925,,,,,,29.0,,,,,,,2022-11,DOMTAR JOHNSONBURG MILL
PA0002143,PA,paper_pulp,2022-12-31,BOD,55.323767149999995,,,,,,32.0,,,,,,,2022-12,DOMTAR JOHNSONBURG MILL
PA0002143,PA,paper_pulp,2022-12-31,TSS,55.323767149999995,,,,,,52.0,,,,,,,2022-12,DOMTAR JOHNSONBURG MILL
PA0002143,PA,paper_pulp,2023-01-31,BOD,54.15029005,,,,,,24.0,,,,,,,2023-01,DOMTAR JOHNSONBURG MILL
PA0002143,PA,paper_pulp,2023-01-31,TSS,54.15029005,,,,,,44.0,,,,,,,2023-01,DOMTAR JOHNSONBURG MILL
PA0002143,PA,paper_pulp,2023-02-28,BOD,53.8285302,,,,,,29.0,,,,,,,2023-02,DOMTAR JOHNSONBURG MILL
PA0002143,PA,paper_pulp,2023-02-28,TSS,53.8285302,,,,,,57.0,,,,,,,2023-02,DOMTAR JOHNSONBURG MILL
PA0002143,PA,paper_pulp,2023-03-31,BOD,52.59827195,,,,,,27.0,,,,,,,2023-03,DOMTAR JOHNSONBURG MILL
PA0002143,PA,paper_pulp,2023-03-31,TSS,52.59827195,,,,,,38.0,,,,,,,2023-03,DOMTAR JOHNSONBURG MILL
PA0002143,PA,paper_pulp,2023-04-30,BOD,46.23878315,,,,,,23.0,,,,,,,2023-04,DOMTAR JOHNSONBURG MILL
PA0002143,PA,paper_pulp,2023-04-30,TSS,46.23878315,,,,,,26.0,,,,,,,2023-04,DOMTAR JOHNSONBURG MILL
PA0002143,PA,paper_pulp,2023-05-31,BOD,46.20092905,,,,,,20.0,,,,,,,2023-05,DOMTAR JOHNSONBURG MILL
PA0002143,PA,paper_pulp,2023-05-31,TSS,46.20092905,,,,,,60.0,,,,,,,2023-05,DOMTAR JOHNSONBURG MILL
PA0002143,PA,paper_pulp,2023-06-30,BOD,45.70882575,,,,,,29.0,,,,,,,2023-06,DOMTAR JOHNSONBURG MILL
PA0002143,PA,paper_pulp,2023-06-30,TSS,45.70882575,,,,,,33.0,,,,,,,2023-06,DOMTAR JOHNSONBURG MILL
PA0002143,PA,paper_pulp,2023-07-31,BOD,46.4469807,,,,,,48.0,,,,,,,2023-07,DOMTAR JOHNSONBURG MILL
PA0002143,PA,paper_pulp,2023-07-31,TSS,46.4469807,,,,,,33.0,,,,,,,2023-07,DOMTAR JOHNSONBURG MILL
PA0002143,PA,paper_pulp,2023-08-31,BOD,46.8255217,,,,,,32.0,,,,,,,2023-08,DOMTAR JOHNSONBURG MILL
PA0002143,PA,paper_pulp,2023-08-31,TSS,46.8255217,,,,,,32.0,,,,,,,2023-08,DOMTAR JOHNSONBURG MILL
PA0002143,PA,paper_pulp,2023-09-30,BOD,54.8127368,,,,,,40.0,,,,,,,2023-09,DOMTAR JOHNSONBURG MILL
PA0002143,PA,paper_pulp,2023-09-30,TSS,54.8127368,,,,,,37.0,,,,,,,2023-09,DOMTAR JOHNSONBURG MILL
PA0002143,PA,paper_pulp,2023-10-31,BOD,52.9578859,,,,,,26.0,,,,,,,2023-10,DOMTAR JOHNSONBURG MILL
PA0002143,PA,paper_pulp,2023-10-31,TSS,52.9578859,,,,,,35.0,,,,,,,2023-10,DOMTAR JOHNSONBURG MILL
PA0002143,PA,paper_pulp,2023-11-30,BOD,53.9799466,,,,,,30.0,,,,,,,2023-11,DOMTAR JOHNSONBURG MILL
PA0002143,PA,paper_pulp,2023-11-30,TSS,53.9799466,,,,,,37.0,,,,,,,2023-11,DOMTAR JOHNSONBURG MILL
PA0002143,PA,paper_pulp,2023-12-31,BOD,51.8222629,,,,,,21.0,,,,,,,2023-12,DOMTAR JOHNSONBURG MILL
PA0002143,PA,paper_pulp,2023-12-31,TSS,51.8222629,,,,,,34.0,,,,,,,2023-12,DOMTAR JOHNSONBURG MILL
PA0002143,PA,paper_pulp,2024-01-31,BOD,54.509904,,,,,,19.0,,,,,,,2024-01,DOMTAR JOHNSONBURG MILL
PA0002143,PA,paper_pulp,2024-01-31,TSS,54.509904,,,,,,35.0,,,,,,,2024-01,DOMTAR JOHNSONBURG MILL
PA0002143,PA,paper_pulp,2024-02-29,BOD,49.134621800000005,,,,,,23.0,,,,,,,2024-02,DOMTAR JOHNSONBURG MILL
PA0002143,PA,paper_pulp,2024-02-29,TSS,49.134621800000005,,,,,,43.0,,,,,,,2024-02,DOMTAR JOHNSONBURG MILL
PA0002143,PA,paper_pulp,2024-03-31,BOD,48.24505045000001,,,,,,27.0,,,,,,,2024-03,DOMTAR JOHNSONBURG MILL
PA0002143,PA,paper_pulp,2024-03-31,TSS,48.24505045000001,,,,,,33.0,,,,,,,2024-03,DOMTAR JOHNSONBURG MILL
PA0002143,PA,paper_pulp,2024-04-30,BOD,47.7340201,,,,,,16.0,,,,,,,2024-04,DOMTAR JOHNSONBURG MILL
PA0002143,PA,paper_pulp,2024-04-30,TSS,47.7340201,,,,,,30.0,,,,,,,2024-04,DOMTAR JOHNSONBURG MILL
PA0002143,PA,paper_pulp,2024-05-31,BOD,44.11895355000001,,,,,,22.0,,,,,,,2024-05,DOMTAR JOHNSONBURG MILL
PA0002143,PA,paper_pulp,2024-05-31,TSS,44.11895355000001,,,,,,26.0,,,,,,,2024-05,DOMTAR JOHNSONBURG MILL
PA0002143,PA,paper_pulp,2024-06-30,BOD,45.216722450000006,,,,,,16.0,,,,,,,2024-06,DOMTAR JOHNSONBURG MILL
PA0002143,PA,paper_pulp,2024-06-30,TSS,45.216722450000006,,,,,,39.0,,,,,,,2024-06,DOMTAR JOHNSONBURG MILL
PA0002143,PA,paper_pulp,2024-07-31,BOD,44.743546200000004,,,,,,18.0,,,,,,,2024-07,DOMTAR JOHNSONBURG MILL
PA0002143,PA,paper_pulp,2024-07-31,TSS,44.743546200000004,,,,,,22.0,,,,,,,2024-07,DOMTAR JOHNSONBURG MILL
PA0002143,PA,paper_pulp,2024-08-31,BOD,46.80659465,,,,,,21.0,,,,,,,2024-08,DOMTAR JOHNSONBURG MILL
PA0002143,PA,paper_pulp,2024-08-31,TSS,46.80659465,,,,,,34.0,,,,,,,2024-08,DOMTAR JOHNSONBURG MILL
PA0002143,PA,paper_pulp,2024-09-30,BOD,46.54161595,,,,,,18.0,,,,,,,2024-09,DOMTAR JOHNSONBURG MILL
PA0002143,PA,paper_pulp,2024-09-30,TSS,46.54161595,,,,,,19.0,,,,,,,2024-09,DOMTAR JOHNSONBURG MILL
PA0002143,PA,paper_pulp,2024-10-31,BOD,50.97054565,,,,,,15.0,,,,,,,2024-10,DOMTAR JOHNSONBURG MILL
PA0002143,PA,paper_pulp,2024-10-31,TSS,50.97054565,,,,,,35.0,,,,,,,2024-10,DOMTAR JOHNSONBURG MILL
PA0002143,PA,paper_pulp,2024-11-30,BOD,52.011533400000005,,,,,,18.0,,,,,,,2024-11,DOMTAR JOHNSONBURG MILL
PA0002143,PA,paper_pulp,2024-11-30,TSS,52.011533400000005,,,,,,41.0,,,,,,,2024-11,DOMTAR JOHNSONBURG MILL
PA0002143,PA,paper_pulp,2024-12-31,BOD,55.4562565,,,,,,18.0,,,,,,,2024-12,DOMTAR JOHNSONBURG MILL
PA0002143,PA,paper_pulp,2024-12-31,TSS,55.4562565,,,,,,51.0,,,,,,,2024-12,DOMTAR JOHNSONBURG MILL
PA0008486,PA,paper_pulp,2019-01-31,BOD,1.6693658100000004,,,,,,3.3,,,,,,18.0,2019-01,AHLSTROM FILTRATION
PA0008486,PA,paper_pulp,2019-01-31,Cd,1.6693658100000004,,,,,,0.0,,,,,0.0002,,2019-01,AHLSTROM FILTRATION
PA0008486,PA,paper_pulp,2019-01-31,Cu,1.6693658100000004,,,,,,0.0,,,,,0.0032,0.022,2019-01,AHLSTROM FILTRATION
PA0008486,PA,paper_pulp,2019-01-31,TSS,1.6693658100000004,,,,,,1.8,,,,,,30.0,2019-01,AHLSTROM FILTRATION
PA0008486,PA,paper_pulp,2019-02-28,BOD,1.34760596,,,,,,4.3,,,,,,18.0,2019-02,AHLSTROM FILTRATION
PA0008486,PA,paper_pulp,2019-02-28,Cd,1.34760596,,,,,,0.0,,,,,0.0002,,2019-02,AHLSTROM FILTRATION
PA0008486,PA,paper_pulp,2019-02-28,Cu,1.34760596,,,,,,0.0028,,,,,,0.022,2019-02,AHLSTROM FILTRATION
PA0008486,PA,paper_pulp,2019-02-28,TSS,1.34760596,,,,,,1.0,,,,,,30.0,2019-02,AHLSTROM FILTRATION
PA0008486,PA,paper_pulp,2019-03-31,BOD,485.46369086000004,,,,,,3.0,,,,,,18.0,2019-03,AHLSTROM FILTRATION
PA0008486,PA,paper_pulp,2019-03-31,Cd,485.46369086000004,,,,,,0.0,,,,,0.0002,,2019-03,AHLSTROM FILTRATION
PA0008486,PA,paper_pulp,2019-03-31,Cu,485.46369086000004,,,,,,0.0,,,,,0.003,0.022,2019-03,AHLSTROM FILTRATION
PA0008486,PA,paper_pulp,2019-03-31,TSS,485.46369086000004,,,,,,1.3,,,,,,30.0,2019-03,AHLSTROM FILTRATION
PA0008486,PA,paper_pulp,2019-04-30,BOD,1.364640305,,,,,,2.5,,,,,,18.0,2019-04,AHLSTROM FILTRATION
PA0008486,PA,paper_pulp,2019-04-30,Cd,1.364640305,,,,,,0.0,,,,,0.0002,,2019-04,AHLSTROM FILTRATION
PA0008486,PA,paper_pulp,2019-04-30,Cu,1.364640305,,,,,,0.0,,,,,0.0029,0.022,2019-04,AHLSTROM FILTRATION
PA0008486,PA,paper_pulp,2019-04-30,TSS,1.364640305,,,,,,0.0,,,,,1.0,30.0,2019-04,AHLSTROM FILTRATION
PA0008486,PA,paper_pulp,2019-05-31,BOD,1.18483333,,,,,,2.1,,,,,,18.0,2019-05,AHLSTROM FILTRATION
PA0008486,PA,paper_pulp,2019-05-31,Cd,1.18483333,,,,,,0.0,,,,,0.0002,,2019-05,AHLSTROM FILTRATION
PA0008486,PA,paper_pulp,2019-05-31,Cu,1.18483333,,,,,,0.0,,,,,0.0098,0.022,2019-05,AHLSTROM FILTRATION
PA0008486,PA,paper_pulp,2019-05-31,TSS,1.18483333,,,,,,1.6,,,,,,30.0,2019-05,AHLSTROM FILTRATION
PA0008486,PA,paper_pulp,2019-06-30,BOD,1.2813612850000002,,,,,,0.0,,,,,8.5,18.0,2019-06,AHLSTROM FILTRATION
PA0008486,PA,paper_pulp,2019-06-30,Cd,1.2813612850000002,,,,,,0.0,,,,,0.0002,,2019-06,AHLSTROM FILTRATION
PA0008486,PA,paper_pulp,2019-06-30,Cu,1.2813612850000002,,,,,,0.0,,,,,0.0038,0.022,2019-06,AHLSTROM FILTRATION
PA0008486,PA,paper_pulp,2019-06-30,TSS,1.2813612850000002,,,,,,0.0,,,,,1.3,30.0,2019-06,AHLSTROM FILTRATION
PA0008486,PA,paper_pulp,2019-07-31,BOD,1.37031842,,,,,,0.0,,,,,2.3,18.0,2019-07,AHLSTROM FILTRATION
PA0008486,PA,paper_pulp,2019-07-31,Cd,1.37031842,,,,,,0.0,,,,,0.0002,,2019-07,AHLSTROM FILTRATION
PA0008486,PA,paper_pulp,2019-07-31,Cu,1.37031842,,,,,,0.0,,,,,0.0026,0.022,2019-07,AHLSTROM FILTRATION
PA0008486,PA,paper_pulp,2019-07-31,TSS,1.37031842,,,,,,0.0,,,,,1.5,30.0,2019-07,AHLSTROM FILTRATION
PA0008486,PA,paper_pulp,2019-08-31,BOD,1.6125846600000002,,,,,,0.0,,,,,2.5,18.0,2019-08,AHLSTROM FILTRATION
PA0008486,PA,paper_pulp,2019-08-31,Cd,1.6125846600000002,,,,,,0.0,,,,,0.0002,,2019-08,AHLSTROM FILTRATION
PA0008486,PA,paper_pulp,2019-08-31,Cu,1.6125846600000002,,,,,,0.0,,,,,0.0025,0.022,2019-08,AHLSTROM FILTRATION
PA0008486,PA,paper_pulp,2019-08-31,TSS,1.6125846600000002,,,,,,0.0,,,,,1.0,30.0,2019-08,AHLSTROM FILTRATION
PA0008486,PA,paper_pulp,2019-09-30,BOD,1.85863631,,,,,,2.7,,,,,,18.0,2019-09,AHLSTROM FILTRATION
PA0008486,PA,paper_pulp,2019-09-30,Cd,1.85863631,,,,,,0.0,,,,,0.0002,,2019-09,AHLSTROM FILTRATION
PA0008486,PA,paper_pulp,2019-09-30,Cu,1.85863631,,,,,,0.0,,,,,0.003,0.022,2019-09,AHLSTROM FILTRATION
PA0008486,PA,paper_pulp,2019-09-30,TSS,1.85863631,,,,,,1.5,,,,,,30.0,2019-09,AHLSTROM FILTRATION
PA0008486,PA,paper_pulp,2019-10-31,BOD,1.7261469600000001,,,,,,0.0,,,,,2.2,18.0,2019-10,AHLSTROM FILTRATION
PA0008486,PA,paper_pulp,2019-10-31,Cd,1.7261469600000001,,,,,,0.0,,,,,0.0002,,2019-10,AHLSTROM FILTRATION
PA0008486,PA,paper_pulp,2019-10-31,Cu,1.7261469600000001,,,,,,0.0,,,,,0.0025,0.022,2019-10,AHLSTROM FILTRATION
PA0008486,PA,paper_pulp,2019-10-31,TSS,1.7261469600000001,,,,,,0.0,,,,,1.0,30.0,2019-10,AHLSTROM FILTRATION
PA0008486,PA,paper_pulp,2019-11-30,BOD,1.71479073,,,,,,3.2,,,,,,18.0,2019-11,AHLSTROM FILTRATION
PA0008486,PA,paper_pulp,2019-11-30,Cd,1.71479073,,,,,,0.0,,,,,0.0002,,2019-11,AHLSTROM FILTRATION
PA0008486,PA,paper_pulp,2019-11-30,Cu,1.71479073,,,,,,0.0,,,,,0.0029,0.022,2019-11,AHLSTROM FILTRATION
PA0008486,PA,paper_pulp,2019-11-30,TSS,1.71479073,,,,,,6.3,,,,,,30.0,2019-11,AHLSTROM FILTRATION
PA0008486,PA,paper_pulp,2019-12-31,BOD,1.6050138400000002,,,,,,4.2,,,,,,18.0,2019-12,AHLSTROM FILTRATION
PA0008486,PA,paper_pulp,2019-12-31,Cd,1.6050138400000002,,,,,,0.0,,,,,0.0002,,2019-12,AHLSTROM FILTRATION
PA0008486,PA,paper_pulp,2019-12-31,Cu,1.6050138400000002,,,,,,0.0,,,,,0.0056,0.022,2019-12,AHLSTROM FILTRATION
PA0008486,PA,paper_pulp,2019-12-31,TSS,1.6050138400000002,,,,,,1.0,,,,,,30.0,2019-12,AHLSTROM FILTRATION
PA0008486,PA,paper_pulp,2020-01-31,BOD,1.7034345,,,,,,0.0,,,,,2.3,18.0,2020-01,AHLSTROM FILTRATION
PA0008486,PA,paper_pulp,2020-01-31,Cd,1.7034345,,,,,,0.0,,,,,0.0002,,2020-01,AHLSTROM FILTRATION
PA0008486,PA,paper_pulp,2020-01-31,Cu,1.7034345,,,,,,0.0,,,,,0.007,0.022,2020-01,AHLSTROM FILTRATION
PA0008486,PA,paper_pulp,2020-01-31,TSS,1.7034345,,,,,,0.0,,,,,1.0,30.0,2020-01,AHLSTROM FILTRATION
PA0008486,PA,paper_pulp,2020-02-29,BOD,1.6826147450000002,,,,,,3.0,,,,,,18.0,2020-02,AHLSTROM FILTRATION
PA0008486,PA,paper_pulp,2020-02-29,Cd,1.6826147450000002,,,,,,0.0,,,,,0.0002,,2020-02,AHLSTROM FILTRATION
PA0008486,PA,paper_pulp,2020-02-29,Cu,1.6826147450000002,,,,,,0.0,,,,,0.0069,0.022,2020-02,AHLSTROM FILTRATION
PA0008486,PA,paper_pulp,2020-02-29,TSS,1.6826147450000002,,,,,,1.0,,,,,,30.0,2020-02,AHLSTROM FILTRATION
PA0008486,PA,paper_pulp,2020-03-31,BOD,1.4914515400000001,,,,,,2.9,,,,,,18.0,2020-03,AHLSTROM FILTRATION
PA0008486,PA,paper_pulp,2020-03-31,Cd,1.4914515400000001,,,,,,0.0,,,,,0.0002,,2020-03,AHLSTROM FILTRATION
PA0008486,PA,paper_pulp,2020-03-31,Cu,1.4914515400000001,,,,,,0.0049,,,,,,0.022,2020-03,AHLSTROM FILTRATION
PA0008486,PA,paper_pulp,2020-03-31,TSS,1.4914515400000001,,,,,,0.0,,,,,1.0,30.0,2020-03,AHLSTROM FILTRATION
PA0008486,PA,paper_pulp,2020-04-30,BOD,1.8699925400000001,,,,,,2.8,,,,,,18.0,2020-04,AHLSTROM FILTRATION
PA0008486,PA,paper_pulp,2020-04-30,Cd,1.8699925400000001,,,,,,0.00021,,,,,,,2020-04,AHLSTROM FILTRATION
PA0008486,PA,paper_pulp,2020-04-30,Cu,1.8699925400000001,,,,,,0.0086,,,,,,0.022,2020-04,AHLSTROM FILTRATION
PA0008486,PA,paper_pulp,2020-04-30,TSS,1.8699925400000001,,,,,,1.2,,,,,,30.0,2020-04,AHLSTROM FILTRATION
PA0008486,PA,paper_pulp,2020-05-31,BOD,1.82835303,,,,,,0.0,,,,,4.1,18.0,2020-05,AHLSTROM FILTRATION
PA0008486,PA,paper_pulp,2020-05-31,Cd,1.82835303,,,,,,0.0,,,,,0.0002,,2020-05,AHLSTROM FILTRATION
PA0008486,PA,paper_pulp,2020-05-31,Cu,1.82835303,,,,,,0.0036,,,,,,0.022,2020-05,AHLSTROM FILTRATION
PA0008486,PA,paper_pulp,2020-05-31,TSS,1.82835303,,,,,,0.0,,,,,1.5,30.0,2020-05,AHLSTROM FILTRATION
PA0008486,PA,paper_pulp,2020-06-30,BOD,1.7034345000000002,,,,,,6.0,,,,,,18.0,2020-06,AHLSTROM FILTRATION
PA0008486,PA,paper_pulp,2020-06-30,Cd,1.7034345000000002,,,,,,0.0,,,,,0.00027,,2020-06,AHLSTROM FILTRATION
PA0008486,PA,paper_pulp,2020-06-30,Cu,1.7034345000000002,,,,,,0.012,,,,,,0.022,2020-06,AHLSTROM FILTRATION
PA0008486,PA,paper_pulp,2020-06-30,TSS,1.7034345000000002,,,,,,3.5,,,,,,30.0,2020-06,AHLSTROM FILTRATION
PA0008486,PA,paper_pulp,2020-07-31,BOD,1.47252449,,,,,,0.0,,,,,2.64,18.0,2020-07,AHLSTROM FILTRATION
PA0008486,PA,paper_pulp,2020-07-31,Cd,1.47252449,,,,,,0.0,,,,,0.00021,,2020-07,AHLSTROM FILTRATION
PA0008486,PA,paper_pulp,2020-07-31,Cu,1.47252449,,,,,,0.0,,,,,0.007,0.022,2020-07,AHLSTROM FILTRATION
PA0008486,PA,paper_pulp,2020-07-31,TSS,1.47252449,,,,,,0.0,,,,,2.4,30.0,2020-07,AHLSTROM FILTRATION
PA0008486,PA,paper_pulp,2020-08-31,BOD,1.5009150649999998,,,,,,3.575,,,,,,18.0,2020-08,AHLSTROM FILTRATION
PA0008486,PA,paper_pulp,2020-08-31,Cd,1.5009150649999998,,,,,,0.0002,,,,,,,2020-08,AHLSTROM FILTRATION
PA0008486,PA,paper_pulp,2020-08-31,Cu,1.5009150649999998,,,,,,0.012,,,,,,0.022,2020-08,AHLSTROM FILTRATION
PA0008486,PA,paper_pulp,2020-08-31,TSS,1.5009150649999998,,,,,,1.25,,,,,,30.0,2020-08,AHLSTROM FILTRATION
PA0008486,PA,paper_pulp,2020-09-30,BOD,1.514164,,,,,,5.43,,,,,,18.0,2020-09,AHLSTROM FILTRATION
PA0008486,PA,paper_pulp,2020-09-30,Cd,1.514164,,,,,,0.00021,,,,,,,2020-09,AHLSTROM FILTRATION
PA0008486,PA,paper_pulp,2020-09-30,Cu,1.514164,,,,,,0.00021,,,,,,0.022,2020-09,AHLSTROM FILTRATION
PA0008486,PA,paper_pulp,2020-09-30,TSS,1.514164,,,,,,0.0,,,,,2.5,30.0,2020-09,AHLSTROM FILTRATION
PA0008486,PA,paper_pulp,2020-10-31,BOD,1.70721991,,,,,,3.25,,,,,,18.0,2020-10,AHLSTROM FILTRATION
PA0008486,PA,paper_pulp,2020-10-31,Cd,1.70721991,,,,,,0.0002,,,,,,,2020-10,AHLSTROM FILTRATION
PA0008486,PA,paper_pulp,2020-10-31,Cu,1.70721991,,,,,,0.00653,,,,,,0.022,2020-10,AHLSTROM FILTRATION
PA0008486,PA,paper_pulp,2020-10-31,TSS,1.70721991,,,,,,1.0,,,,,,30.0,2020-10,AHLSTROM FILTRATION
PA0008486,PA,paper_pulp,2020-11-30,BOD,1.512271295,,,,,,3.82,,,,,,18.0,2020-11,AHLSTROM FILTRATION
PA0008486,PA,paper_pulp,2020-11-30,Cd,1.512271295,,,,,,0.0002,,,,,,,2020-11,AHLSTROM FILTRATION
PA0008486,PA,paper_pulp,2020-11-30,Cu,1.512271295,,,,,,0.0061,,,,,,0.022,2020-11,AHLSTROM FILTRATION
PA0008486,PA,paper_pulp,2020-11-30,TSS,1.512271295,,,,,,1.0,,,,,,30.0,2020-11,AHLSTROM FILTRATION
PA0008486,PA,paper_pulp,2020-12-31,BOD,1.71479073,,,,,,3.5,,,,,,18.0,2020-12,AHLSTROM FILTRATION
PA0008486,PA,paper_pulp,2020-12-31,Cd,1.71479073,,,,,,0.0002,,,,,,,2020-12,AHLSTROM FILTRATION
PA0008486,PA,paper_pulp,2020-12-31,Cu,1.71479073,,,,,,0.0056,,,,,,0.022,2020-12,AHLSTROM FILTRATION
PA0008486,PA,paper_pulp,2020-12-31,TSS,1.71479073,,,,,,2.0,,,,,,30.0,2020-12,AHLSTROM FILTRATION
PA0008486,PA,paper_pulp,2021-01-31,BOD,1.6636876950000001,,,,,,4.35,,,,,,18.0,2021-01,AHLSTROM FILTRATION
PA0008486,PA,paper_pulp,2021-01-31,Cd,1.6636876950000001,,,,,,0.0002,,,,,,,2021-01,AHLSTROM FILTRATION
PA0008486,PA,paper_pulp,2021-01-31,Cu,1.6636876950000001,,,,,,0.005,,,,,,0.022,2021-01,AHLSTROM FILTRATION
PA0008486,PA,paper_pulp,2021-01-31,TSS,1.6636876950000001,,,,,,3.25,,,,,,30.0,2021-01,AHLSTROM FILTRATION
PA0008486,PA,paper_pulp,2021-02-28,BOD,1.799962455,,,,,,3.57,,,,,,18.0,2021-02,AHLSTROM FILTRATION
PA0008486,PA,paper_pulp,2021-02-28,Cd,1.799962455,,,,,,0.0002,,,,,,,2021-02,AHLSTROM FILTRATION
PA0008486,PA,paper_pulp,2021-02-28,Cu,1.799962455,,,,,,0.0051,,,,,,0.022,2021-02,AHLSTROM FILTRATION
PA0008486,PA,paper_pulp,2021-02-28,TSS,1.799962455,,,,,,1.5,,,,,,30.0,2021-02,AHLSTROM FILTRATION
PA0008486,PA,paper_pulp,2021-03-31,BOD,1.5860867900000002,,,,,,4.28,,,,,,18.0,2021-03,AHLSTROM FILTRATION
PA0008486,PA,paper_pulp,2021-03-31,Cd,1.5860867900000002,,,,,,0.0002,,,,,,,2021-03,AHLSTROM FILTRATION
PA0008486,PA,paper_pulp,2021-03-31,Cu,1.5860867900000002,,,,,,0.007,,,,,,0.022,2021-03,AHLSTROM FILTRATION
PA0008486,PA,paper_pulp,2021-03-31,TSS,1.5860867900000002,,,,,,3.4,,,,,,30.0,2021-03,AHLSTROM FILTRATION
PA0008486,PA,paper_pulp,2021-04-30,BOD,1.4763099000000002,,,,,,3.7,,,,,,18.0,2021-04,AHLSTROM FILTRATION
PA0008486,PA,paper_pulp,2021-04-30,Cd,1.4763099000000002,,,,,,0.0,,,,,0.0002,,2021-04,AHLSTROM FILTRATION
PA0008486,PA,paper_pulp,2021-04-30,Cu,1.4763099000000002,,,,,,0.007,,,,,,0.022,2021-04,AHLSTROM FILTRATION
PA0008486,PA,paper_pulp,2021-04-30,TSS,1.4763099000000002,,,,,,0.0,,,,,1.0,30.0,2021-04,AHLSTROM FILTRATION
PA0008486,PA,paper_pulp,2021-05-31,BOD,1.35896219,,,,,,3.6,,,,,,18.0,2021-05,AHLSTROM FILTRATION
PA0008486,PA,paper_pulp,2021-05-31,Cd,1.35896219,,,,,,0.0,,,,,0.0002,,2021-05,AHLSTROM FILTRATION
PA0008486,PA,paper_pulp,2021-05-31,Cu,1.35896219,,,,,,0.0,,,,,0.0054,0.022,2021-05,AHLSTROM FILTRATION
PA0008486,PA,paper_pulp,2021-05-31,TSS,1.35896219,,,,,,0.0,,,,,1.3,30.0,2021-05,AHLSTROM FILTRATION
PA0008486,PA,paper_pulp,2021-06-30,BOD,1.514164,,,,,,4.0,,,,,,18.0,2021-06,AHLSTROM FILTRATION
PA0008486,PA,paper_pulp,2021-06-30,Cd,1.514164,,,,,,0.0,,,,,0.0002,,2021-06,AHLSTROM FILTRATION
PA0008486,PA,paper_pulp,2021-06-30,Cu,1.514164,,,,,,0.0,,,,,0.0029,0.022,2021-06,AHLSTROM FILTRATION
PA0008486,PA,paper_pulp,2021-06-30,TSS,1.514164,,,,,,0.0,,,,,1.4,30.0,2021-06,AHLSTROM FILTRATION
PA0008486,PA,paper_pulp,2021-07-31,BOD,1.39303088,,,,,,2.8,,,,,,18.0,2021-07,AHLSTROM FILTRATION
PA0008486,PA,paper_pulp,2021-07-31,Cu,1.39303088,,,,,,0.0068,,,,,,,2021-07,AHLSTROM FILTRATION
PA0008486,PA,paper_pulp,2021-07-31,TSS,1.39303088,,,,,,1.0,,,,,,30.0,2021-07,AHLSTROM FILTRATION
PA0008486,PA,paper_pulp,2021-08-31,BOD,1.4782026050000001,,,,,,3.7,,,,,,18.0,2021-08,AHLSTROM FILTRATION
PA0008486,PA,paper_pulp,2021-08-31,Cu,1.4782026050000001,,,,,,0.0056,,,,,,,2021-08,AHLSTROM FILTRATION
PA0008486,PA,paper_pulp,2021-08-31,TSS,1.4782026050000001,,,,,,2.3,,,,,,30.0,2021-08,AHLSTROM FILTRATION
PA0008486,PA,paper_pulp,2021-09-30,BOD,1.4573828500000001,,,,,,3.24,,,,,,18.0,2021-09,AHLSTROM FILTRATION
PA0008486,PA,paper_pulp,2021-09-30,Cu,1.4573828500000001,,,,,,0.0087,,,,,,,2021-09,AHLSTROM FILTRATION
PA0008486,PA,paper_pulp,2021-09-30,TSS,1.4573828500000001,,,,,,6.4,,,,,,30.0,2021-09,AHLSTROM FILTRATION
PA0008486,PA,paper_pulp,2021-10-31,BOD,1.32867891,,,,,,0.0,,,,,3.5,18.0,2021-10,AHLSTROM FILTRATION
PA0008486,PA,paper_pulp,2021-10-31,Cu,1.32867891,,,,,,0.0,,,,,0.006,,2021-10,AHLSTROM FILTRATION
PA0008486,PA,paper_pulp,2021-10-31,TSS,1.32867891,,,,,,0.0,,,,,5.0,30.0,2021-10,AHLSTROM FILTRATION
PA0008486,PA,paper_pulp,2021-11-30,BOD,1.447919325,,,,,,3.2,,,,,,18.0,2021-11,AHLSTROM FILTRATION
PA0008486,PA,paper_pulp,2021-11-30,Cu,1.447919325,,,,,,0.0,,,,,0.014,,2021-11,AHLSTROM FILTRATION
PA0008486,PA,paper_pulp,2021-11-30,TSS,1.447919325,,,,,,7.0,,,,,,30.0,2021-11,AHLSTROM FILTRATION
PA0008486,PA,paper_pulp,2021-12-31,BOD,1.3570694850000002,,,,,,3.8,,,,,,18.0,2021-12,AHLSTROM FILTRATION
PA0008486,PA,paper_pulp,2021-12-31,Cu,1.3570694850000002,,,,,,0.007,,,,,,,2021-12,AHLSTROM FILTRATION
PA0008486,PA,paper_pulp,2021-12-31,TSS,1.3570694850000002,,,,,,0.0,,,,,5.2,30.0,2021-12,AHLSTROM FILTRATION
PA0008486,PA,paper_pulp,2022-01-31,BOD,1.2624342350000002,,,,,,4.47,,,,,,18.0,2022-01,AHLSTROM FILTRATION
PA0008486,PA,paper_pulp,2022-01-31,Cu,1.2624342350000002,,,,,,0.011,,,,,,,2022-01,AHLSTROM FILTRATION
PA0008486,PA,paper_pulp,2022-01-31,TSS,1.2624342350000002,,,,,,8.5,,,,,,30.0,2022-01,AHLSTROM FILTRATION
PA0008486,PA,paper_pulp,2022-02-28,BOD,1.45359744,,,,,,5.7,,,,,,18.0,2022-02,AHLSTROM FILTRATION
PA0008486,PA,paper_pulp,2022-02-28,Cu,1.45359744,,,,,,0.04,,,,,,,2022-02,AHLSTROM FILTRATION
PA0008486,PA,paper_pulp,2022-02-28,TSS,1.45359744,,,,,,11.75,,,,,,30.0,2022-02,AHLSTROM FILTRATION
PA0008486,PA,paper_pulp,2022-03-31,BOD,1.5122712950000001,,,,,,3.2,,,,,,18.0,2022-03,AHLSTROM FILTRATION
PA0008486,PA,paper_pulp,2022-03-31,Cu,1.5122712950000001,,,,,,0.01,,,,,,,2022-03,AHLSTROM FILTRATION
PA0008486,PA,paper_pulp,2022-03-31,TSS,1.5122712950000001,,,,,,7.2,,,,,,30.0,2022-03,AHLSTROM FILTRATION
PA0008486,PA,paper_pulp,2022-04-30,BOD,1.4895588350000002,,,,,,3.52,,,,,,18.0,2022-04,AHLSTROM FILTRATION
PA0008486,PA,paper_pulp,2022-04-30,Cu,1.4895588350000002,,,,,,0.006,,,,,,,2022-04,AHLSTROM FILTRATION
PA0008486,PA,paper_pulp,2022-04-30,TSS,1.4895588350000002,,,,,,8.7,,,,,,30.0,2022-04,AHLSTROM FILTRATION
PA0008486,PA,paper_pulp,2022-05-31,BOD,1.37410383,,,,,,3.2,,,,,,18.0,2022-05,AHLSTROM FILTRATION
PA0008486,PA,paper_pulp,2022-05-31,Cu,1.37410383,,,,,,0.01,,,,,,,2022-05,AHLSTROM FILTRATION
PA0008486,PA,paper_pulp,2022-05-31,TSS,1.37410383,,,,,,7.75,,,,,,30.0,2022-05,AHLSTROM FILTRATION
PA0008486,PA,paper_pulp,2022-06-30,BOD,1.4592755549999998,,,,,,2.54,,,,,,18.0,2022-06,AHLSTROM FILTRATION
PA0008486,PA,paper_pulp,2022-06-30,Cu,1.4592755549999998,,,,,,0.0,,,,,0.004,,2022-06,AHLSTROM FILTRATION
PA0008486,PA,paper_pulp,2022-06-30,TSS,1.4592755549999998,,,,,,0.0,,,,,6.0,30.0,2022-06,AHLSTROM FILTRATION
PA0008486,PA,paper_pulp,2022-07-31,BOD,1.3248935,,,,,,2.8,,,,,,18.0,2022-07,AHLSTROM FILTRATION
PA0008486,PA,paper_pulp,2022-07-31,Cu,1.3248935,,,,,,0.004,,,,,,,2022-07,AHLSTROM FILTRATION
PA0008486,PA,paper_pulp,2022-07-31,TSS,1.3248935,,,,,,5.0,,,,,,30.0,2022-07,AHLSTROM FILTRATION
PA0008486,PA,paper_pulp,2022-08-31,BOD,1.6542241700000002,,,,,,3.08,,,,,,18.0,2022-08,AHLSTROM FILTRATION
PA0008486,PA,paper_pulp,2022-08-31,Cu,1.6542241700000002,,,,,,0.006,,,,,,,2022-08,AHLSTROM FILTRATION
PA0008486,PA,paper_pulp,2022-08-31,TSS,1.6542241700000002,,,,,,6.2,,,,,,30.0,2022-08,AHLSTROM FILTRATION
PA0008486,PA,paper_pulp,2022-09-30,BOD,1.4592755549999998,,,,,,3.6,,,,,,18.0,2022-09,AHLSTROM FILTRATION
PA0008486,PA,paper_pulp,2022-09-30,Cu,1.4592755549999998,,,,,,0.005,,,,,,,2022-09,AHLSTROM FILTRATION
PA0008486,PA,paper_pulp,2022-09-30,TSS,1.4592755549999998,,,,,,5.75,,,,,,30.0,2022-09,AHLSTROM FILTRATION
PA0008486,PA,paper_pulp,2022-10-31,BOD,1.28325399,,,,,,4.6,,,,,,18.0,2022-10,AHLSTROM FILTRATION
PA0008486,PA,paper_pulp,2022-10-31,Cu,1.28325399,,,,,,0.009,,,,,,,2022-10,AHLSTROM FILTRATION
PA0008486,PA,paper_pulp,2022-10-31,TSS,1.28325399,,,,,,6.5,,,,,,30.0,2022-10,AHLSTROM FILTRATION
PA0008486,PA,paper_pulp,2022-11-30,BOD,1.46116826,,,,,,3.3,,,,,,18.0,2022-11,AHLSTROM FILTRATION
PA0008486,PA,paper_pulp,2022-11-30,Cu,1.46116826,,,,,,0.007,,,,,,,2022-11,AHLSTROM FILTRATION
PA0008486,PA,paper_pulp,2022-11-30,TSS,1.46116826,,,,,,8.4,,,,,,30.0,2022-11,AHLSTROM FILTRATION
PA0008486,PA,paper_pulp,2022-12-31,BOD,1.5293056400000002,,,,,,3.65,,,,,,18.0,2022-12,AHLSTROM FILTRATION
PA0008486,PA,paper_pulp,2022-12-31,Cu,1.5293056400000002,,,,,,0.009,,,,,,,2022-12,AHLSTROM FILTRATION
PA0008486,PA,paper_pulp,2022-12-31,TSS,1.5293056400000002,,,,,,8.2,,,,,,30.0,2022-12,AHLSTROM FILTRATION
PA0008486,PA,paper_pulp,2023-01-31,BOD,1.5198421149999999,,,,,,3.25,,,,,,18.0,2023-01,AHLSTROM FILTRATION
PA0008486,PA,paper_pulp,2023-01-31,Cu,1.5198421149999999,,,,,,0.004,,,,,,,2023-01,AHLSTROM FILTRATION
PA0008486,PA,paper_pulp,2023-01-31,TSS,1.5198421149999999,,,,,,9.0,,,,,,30.0,2023-01,AHLSTROM FILTRATION
PA0008486,PA,paper_pulp,2023-02-28,BOD,1.5520181000000002,,,,,,3.0,,,,,,18.0,2023-02,AHLSTROM FILTRATION
PA0008486,PA,paper_pulp,2023-02-28,Cu,1.5520181000000002,,,,,,0.006,,,,,,,2023-02,AHLSTROM FILTRATION
PA0008486,PA,paper_pulp,2023-02-28,TSS,1.5520181000000002,,,,,,5.25,,,,,,30.0,2023-02,AHLSTROM FILTRATION
PA0008486,PA,paper_pulp,2023-03-31,BOD,1.512271295,,,,,,3.7,,,,,,18.0,2023-03,AHLSTROM FILTRATION
PA0008486,PA,paper_pulp,2023-03-31,Cu,1.512271295,,,,,,0.008,,,,,,,2023-03,AHLSTROM FILTRATION
PA0008486,PA,paper_pulp,2023-03-31,TSS,1.512271295,,,,,,6.0,,,,,,30.0,2023-03,AHLSTROM FILTRATION
PA0008486,PA,paper_pulp,2023-04-30,BOD,1.45359744,,,,,,5.3,,,,,,18.0,2023-04,AHLSTROM FILTRATION
PA0008486,PA,paper_pulp,2023-04-30,Cu,1.45359744,,,,,,0.007,,,,,,,2023-04,AHLSTROM FILTRATION
PA0008486,PA,paper_pulp,2023-04-30,TSS,1.45359744,,,,,,5.0,,,,,,30.0,2023-04,AHLSTROM FILTRATION
PA0008486,PA,paper_pulp,2023-05-31,BOD,1.6901855650000002,,,,,,4.95,,,,,,18.0,2023-05,AHLSTROM FILTRATION
PA0008486,PA,paper_pulp,2023-05-31,Cu,1.6901855650000002,,,,,,0.0045,,,,,,,2023-05,AHLSTROM FILTRATION
PA0008486,PA,paper_pulp,2023-05-31,TSS,1.6901855650000002,,,,,,7.75,,,,,,30.0,2023-05,AHLSTROM FILTRATION
PA0008486,PA,paper_pulp,2023-06-30,BOD,1.5387691650000002,,,,,,3.34,,,,,,18.0,2023-06,AHLSTROM FILTRATION
PA0008486,PA,paper_pulp,2023-06-30,Cu,1.5387691650000002,,,,,,0.005,,,,,,,2023-06,AHLSTROM FILTRATION
PA0008486,PA,paper_pulp,2023-06-30,TSS,1.5387691650000002,,,,,,5.2,,,,,,30.0,2023-06,AHLSTROM FILTRATION
PA0008486,PA,paper_pulp,2023-07-31,BOD,1.1469792300000001,,,,,,6.96,,,,,,18.0,2023-07,AHLSTROM FILTRATION
PA0008486,PA,paper_pulp,2023-07-31,Cu,1.1469792300000001,,,,,,0.003,,,,,,,2023-07,AHLSTROM FILTRATION
PA0008486,PA,paper_pulp,2023-07-31,TSS,1.1469792300000001,,,,,,12.6,,,,,,30.0,2023-07,AHLSTROM FILTRATION
PA0008486,PA,paper_pulp,2023-08-31,BOD,1.2359363650000001,,,,,,6.94,,,,,,18.0,2023-08,AHLSTROM FILTRATION
PA0008486,PA,paper_pulp,2023-08-31,Cu,1.2359363650000001,,,,,,0.005,,,,,,,2023-08,AHLSTROM FILTRATION
PA0008486,PA,paper_pulp,2023-08-31,TSS,1.2359363650000001,,,,,,10.8,,,,,,30.0,2023-08,AHLSTROM FILTRATION
PA0008486,PA,paper_pulp,2023-09-30,BOD,1.34003514,,,,,,3.9,,,,,,18.0,2023-09,AHLSTROM FILTRATION
PA0008486,PA,paper_pulp,2023-09-30,Cu,1.34003514,,,,,,0.005,,,,,,,2023-09,AHLSTROM FILTRATION
PA0008486,PA,paper_pulp,2023-09-30,TSS,1.34003514,,,,,,6.0,,,,,,30.0,2023-09,AHLSTROM FILTRATION
PA0008486,PA,paper_pulp,2023-10-31,BOD,1.4346703900000002,,,,,,3.55,,,,,,18.0,2023-10,AHLSTROM FILTRATION
PA0008486,PA,paper_pulp,2023-10-31,Cu,1.4346703900000002,,,,,,0.004,,,,,,,2023-10,AHLSTROM FILTRATION
PA0008486,PA,paper_pulp,2023-10-31,TSS,1.4346703900000002,,,,,,5.75,,,,,,30.0,2023-10,AHLSTROM FILTRATION
PA0008486,PA,paper_pulp,2023-11-30,BOD,1.2870393999999998,,,,,,8.68,,,,,,18.0,2023-11,AHLSTROM FILTRATION
PA0008486,PA,paper_pulp,2023-11-30,Cu,1.2870393999999998,,,,,,0.005,,,,,,,2023-11,AHLSTROM FILTRATION
PA0008486,PA,paper_pulp,2023-11-30,TSS,1.2870393999999998,,,,,,5.0,,,,,,30.0,2023-11,AHLSTROM FILTRATION
PA0008486,PA,paper_pulp,2023-12-31,BOD,1.00313365,,,,,,5.3,,,,,,18.0,2023-12,AHLSTROM FILTRATION
PA0008486,PA,paper_pulp,2023-12-31,Cu,1.00313365,,,,,,0.009,,,,,,,2023-12,AHLSTROM FILTRATION
PA0008486,PA,paper_pulp,2023-12-31,TSS,1.00313365,,,,,,5.25,,,,,,30.0,2023-12,AHLSTROM FILTRATION
PA0008486,PA,paper_pulp,2024-01-31,BOD,1.391138175,,,,,,4.42,,,,,,18.0,2024-01,AHLSTROM FILTRATION
PA0008486,PA,paper_pulp,2024-01-31,Cu,1.391138175,,,,,,0.007,,,,,,,2024-01,AHLSTROM FILTRATION
PA0008486,PA,paper_pulp,2024-01-31,TSS,1.391138175,,,,,,6.0,,,,,,30.0,2024-01,AHLSTROM FILTRATION
PA0008486,PA,paper_pulp,2024-02-29,BOD,1.6201554800000002,,,,,,4.05,,,,,,18.0,2024-02,AHLSTROM FILTRATION
PA0008486,PA,paper_pulp,2024-02-29,Cu,1.6201554800000002,,,,,,0.007,,,,,,,2024-02,AHLSTROM FILTRATION
PA0008486,PA,paper_pulp,2024-02-29,TSS,1.6201554800000002,,,,,,7.0,,,,,,30.0,2024-02,AHLSTROM FILTRATION
PA0008486,PA,paper_pulp,2024-03-31,BOD,1.6296190050000001,,,,,,4.45,,,,,,18.0,2024-03,AHLSTROM FILTRATION
PA0008486,PA,paper_pulp,2024-03-31,Cu,1.6296190050000001,,,,,,0.007,,,,,,,2024-03,AHLSTROM FILTRATION
PA0008486,PA,paper_pulp,2024-03-31,TSS,1.6296190050000001,,,,,,5.0,,,,,,30.0,2024-03,AHLSTROM FILTRATION
PA0008486,PA,paper_pulp,2024-04-30,BOD,1.45359744,,,,,,5.2,,,,,,18.0,2024-04,AHLSTROM FILTRATION
PA0008486,PA,paper_pulp,2024-04-30,Cu,1.45359744,,,,,,0.008,,,,,,,2024-04,AHLSTROM FILTRATION
PA0008486,PA,paper_pulp,2024-04-30,TSS,1.45359744,,,,,,5.0,,,,,,30.0,2024-04,AHLSTROM FILTRATION
PA0008486,PA,paper_pulp,2024-05-31,BOD,1.50659318,,,,,,4.12,,,,,,18.0,2024-05,AHLSTROM FILTRATION
PA0008486,PA,paper_pulp,2024-05-31,Cu,1.50659318,,,,,,0.009,,,,,,,2024-05,AHLSTROM FILTRATION
PA0008486,PA,paper_pulp,2024-05-31,TSS,1.50659318,,,,,,5.2,,,,,,30.0,2024-05,AHLSTROM FILTRATION
PA0008486,PA,paper_pulp,2024-06-30,BOD,1.432777685,,,,,,3.95,,,,,,18.0,2024-06,AHLSTROM FILTRATION
PA0008486,PA,paper_pulp,2024-06-30,Cu,1.432777685,,,,,,0.008,,,,,,,2024-06,AHLSTROM FILTRATION
PA0008486,PA,paper_pulp,2024-06-30,TSS,1.432777685,,,,,,9.5,,,,,,30.0,2024-06,AHLSTROM FILTRATION
PA0008486,PA,paper_pulp,2024-07-31,BOD,1.584194085,,,,,,2.48,,,,,,18.0,2024-07,AHLSTROM FILTRATION
PA0008486,PA,paper_pulp,2024-07-31,Cu,1.584194085,,,,,,0.007,,,,,,,2024-07,AHLSTROM FILTRATION
PA0008486,PA,paper_pulp,2024-07-31,TSS,1.584194085,,,,,,5.0,,,,,,30.0,2024-07,AHLSTROM FILTRATION
PA0008486,PA,paper_pulp,2024-08-31,BOD,1.41195793,,,,,,3.3,,,,,,18.0,2024-08,AHLSTROM FILTRATION
PA0008486,PA,paper_pulp,2024-08-31,Cu,1.41195793,,,,,,0.007,,,,,,,2024-08,AHLSTROM FILTRATION
PA0008486,PA,paper_pulp,2024-08-31,TSS,1.41195793,,,,,,5.75,,,,,,30.0,2024-08,AHLSTROM FILTRATION
PA0008486,PA,paper_pulp,2024-09-30,BOD,1.7886062249999999,,,,,,3.0,,,,,,18.0,2024-09,AHLSTROM FILTRATION
PA0008486,PA,paper_pulp,2024-09-30,Cu,1.7886062249999999,,,,,,0.006,,,,,,,2024-09,AHLSTROM FILTRATION
PA0008486,PA,paper_pulp,2024-09-30,TSS,1.7886062249999999,,,,,,5.25,,,,,,30.0,2024-09,AHLSTROM FILTRATION
PA0008486,PA,paper_pulp,2024-10-31,BOD,1.52173482,,,,,,4.2,,,,,,18.0,2024-10,AHLSTROM FILTRATION
PA0008486,PA,paper_pulp,2024-10-31,Cu,1.52173482,,,,,,0.006,,,,,,,2024-10,AHLSTROM FILTRATION
PA0008486,PA,paper_pulp,2024-10-31,TSS,1.52173482,,,,,,5.3,,,,,,30.0,2024-10,AHLSTROM FILTRATION
PA0008486,PA,paper_pulp,2024-11-30,BOD,1.4819880150000002,,,,,,3.65,,,,,,18.0,2024-11,AHLSTROM FILTRATION
PA0008486,PA,paper_pulp,2024-11-30,Cu,1.4819880150000002,,,,,,0.01,,,,,,,2024-11,AHLSTROM FILTRATION
PA0008486,PA,paper_pulp,2024-11-30,TSS,1.4819880150000002,,,,,,0.0,,,,,5.0,30.0,2024-11,AHLSTROM FILTRATION
PA0008486,PA,paper_pulp,2024-12-31,BOD,1.6561168750000002,,,,,,3.78,,,,,,18.0,2024-12,AHLSTROM FILTRATION
PA0008486,PA,paper_pulp,2024-12-31,Cu,1.6561168750000002,,,,,,0.005,,,,,,,2024-12,AHLSTROM FILTRATION
PA0008486,PA,paper_pulp,2024-12-31,TSS,1.6561168750000002,,,,,,5.6,,,,,,30.0,2024-12,AHLSTROM FILTRATION
PA0023434,PA,textile,2019-01-31,BOD,1.610691955,,,,,26.0,0.0,,,,,4.7,25.0,2019-01,KOPPEL BORO WWTP
PA0023434,PA,textile,2019-01-31,TSS,1.610691955,,,,,15.0,0.0,,,,,3.6,30.0,2019-01,KOPPEL BORO WWTP
PA0023434,PA,textile,2019-02-28,BOD,1.701541795,,,,,36.0,0.0,,,,,4.4,25.0,2019-02,KOPPEL BORO WWTP
PA0023434,PA,textile,2019-02-28,TSS,1.701541795,,,,,87.0,5.0,,,,,,30.0,2019-02,KOPPEL BORO WWTP
PA0023434,PA,textile,2019-03-31,BOD,1.012597175,,,,,37.0,3.6,,,,,,25.0,2019-03,KOPPEL BORO WWTP
PA0023434,PA,textile,2019-03-31,TSS,1.012597175,,,,,28.0,0.0,,,,,3.3,30.0,2019-03,KOPPEL BORO WWTP
PA0023434,PA,textile,2019-04-30,BOD,1.05234398,,,,,34.2,0.0,,,,,4.3,25.0,2019-04,KOPPEL BORO WWTP
PA0023434,PA,textile,2019-04-30,TSS,1.05234398,,,,,31.4,0.0,,,,,3.6,30.0,2019-04,KOPPEL BORO WWTP
PA0023434,PA,textile,2019-05-31,BOD,2.3374906749999997,,,,,28.0,0.0,,,,,4.2,25.0,2019-05,KOPPEL BORO WWTP
PA0023434,PA,textile,2019-05-31,TSS,2.3374906749999997,,,,,33.0,0.0,,,,,4.8,30.0,2019-05,KOPPEL BORO WWTP
PA0023434,PA,textile,2019-06-30,BOD,2.8314866800000003,,,,,0.0,4.7,,,,,18.0,25.0,2019-06,KOPPEL BORO WWTP
PA0023434,PA,textile,2019-06-30,TSS,2.8314866800000003,,,,,12.0,0.0,,,,,4.3,30.0,2019-06,KOPPEL BORO WWTP
PA0023434,PA,textile,2019-07-31,BOD,2.42644781,,,,,29.0,5.8,,,,,,25.0,2019-07,KOPPEL BORO WWTP
PA0023434,PA,textile,2019-07-31,TSS,2.42644781,,,,,0.0,0.0,,,,,23.0,30.0,2019-07,KOPPEL BORO WWTP
PA0023434,PA,textile,2019-08-31,BOD,1.0163825850000001,,,,,33.0,0.0,,,,,3.7,25.0,2019-08,KOPPEL BORO WWTP
PA0023434,PA,textile,2019-08-31,TSS,1.0163825850000001,,,,,29.0,0.0,,,,,4.0,30.0,2019-08,KOPPEL BORO WWTP
PA0023434,PA,textile,2019-09-30,BOD,1.213223905,,,,,32.0,3.4,,,,,,25.0,2019-09,KOPPEL BORO WWTP
PA0023434,PA,textile,2019-09-30,TSS,1.213223905,,,,,75.0,0.0,,,,,4.5,30.0,2019-09,KOPPEL BORO WWTP
PA0023434,PA,textile,2019-10-31,BOD,1.61637007,,,,,50.0,0.0,,,,,3.0,25.0,2019-10,KOPPEL BORO WWTP
PA0023434,PA,textile,2019-10-31,TSS,1.61637007,,,,,62.0,0.0,,,,,3.2,30.0,2019-10,KOPPEL BORO WWTP
PA0023434,PA,textile,2019-11-30,BOD,0.7722236400000001,,,,,39.0,0.0,,,,,3.0,25.0,2019-11,KOPPEL BORO WWTP
PA0023434,PA,textile,2019-11-30,TSS,0.7722236400000001,,,,,0.0,0.0,,,,,18.0,30.0,2019-11,KOPPEL BORO WWTP
PA0023434,PA,textile,2019-12-31,BOD,1.15833546,,,,,36.0,0.0,,,,,3.0,25.0,2019-12,KOPPEL BORO WWTP
PA0023434,PA,textile,2019-12-31,TSS,1.15833546,,,,,20.0,0.0,,,,,3.2,30.0,2019-12,KOPPEL BORO WWTP
PA0023434,PA,textile,2020-01-31,BOD,1.478202605,,,,,30.0,0.0,,,,,3.2,25.0,2020-01,KOPPEL BORO WWTP
PA0023434,PA,textile,2020-01-31,TSS,1.478202605,,,,,19.0,0.0,,,,,7.3,30.0,2020-01,KOPPEL BORO WWTP
PA0023434,PA,textile,2020-02-29,BOD,1.2359363650000001,,,,,26.0,0.0,,,,,3.0,25.0,2020-02,KOPPEL BORO WWTP
PA0023434,PA,textile,2020-02-29,TSS,1.2359363650000001,,,,,21.0,0.0,,,,,4.8,30.0,2020-02,KOPPEL BORO WWTP
PA0023434,PA,textile,2020-03-31,BOD,2.58922044,,,,,23.0,0.0,,,,,3.0,25.0,2020-03,KOPPEL BORO WWTP
PA0023434,PA,textile,2020-03-31,TSS,2.58922044,,,,,28.0,0.0,,,,,5.0,30.0,2020-03,KOPPEL BORO WWTP
PA0023434,PA,textile,2020-04-30,BOD,1.9248809850000004,,,,,28.4,0.0,,,,,3.0,25.0,2020-04,KOPPEL BORO WWTP
PA0023434,PA,textile,2020-04-30,TSS,1.9248809850000004,,,,,24.0,0.0,,,,,4.3,30.0,2020-04,KOPPEL BORO WWTP
PA0023434,PA,textile,2020-05-31,BOD,1.095876195,,,,,38.0,0.0,,,,,3.0,25.0,2020-05,KOPPEL BORO WWTP
PA0023434,PA,textile,2020-05-31,TSS,1.095876195,,,,,72.0,0.0,,,,,5.5,30.0,2020-05,KOPPEL BORO WWTP
PA0023434,PA,textile,2020-06-30,BOD,0.57538232,,,,,54.0,0.0,,,,,3.0,25.0,2020-06,KOPPEL BORO WWTP
PA0023434,PA,textile,2020-06-30,TSS,0.57538232,,,,,59.0,0.0,,,,,6.2,30.0,2020-06,KOPPEL BORO WWTP
PA0023434,PA,textile,2020-07-31,BOD,0.59809478,,,,,41.0,0.0,,,,,3.0,25.0,2020-07,KOPPEL BORO WWTP
PA0023434,PA,textile,2020-07-31,TSS,0.59809478,,,,,90.0,0.0,,,,,3.3,30.0,2020-07,KOPPEL BORO WWTP
PA0023434,PA,textile,2020-08-31,BOD,1.591764905,,,,,46.9,0.0,,,,,6.5,25.0,2020-08,KOPPEL BORO WWTP
PA0023434,PA,textile,2020-08-31,TSS,1.591764905,,,,,68.0,0.0,,,,,6.8,30.0,2020-08,KOPPEL BORO WWTP
PA0023434,PA,textile,2020-09-30,BOD,1.2908248100000002,,,,,65.0,0.0,,,,,4.2,25.0,2020-09,KOPPEL BORO WWTP
PA0023434,PA,textile,2020-09-30,TSS,1.2908248100000002,,,,,65.0,0.0,,,,,3.8,30.0,2020-09,KOPPEL BORO WWTP
PA0023434,PA,textile,2020-10-31,BOD,1.0826272600000002,,,,,256.0,0.0,,,,,3.0,25.0,2020-10,KOPPEL BORO WWTP
PA0023434,PA,textile,2020-10-31,TSS,1.0826272600000002,,,,,665.0,0.0,,,,,4.3,30.0,2020-10,KOPPEL BORO WWTP
PA0023434,PA,textile,2020-11-30,BOD,0.71165708,,,,,180.0,0.0,,,,,3.0,25.0,2020-11,KOPPEL BORO WWTP
PA0023434,PA,textile,2020-11-30,TSS,0.71165708,,,,,407.0,0.0,,,,,6.0,30.0,2020-11,KOPPEL BORO WWTP
PA0023434,PA,textile,2020-12-31,BOD,1.0088117650000001,,,,,0.0,0.0,,,,,71.0,25.0,2020-12,KOPPEL BORO WWTP
PA0023434,PA,textile,2020-12-31,TSS,1.0088117650000001,,,,,141.0,0.0,,,,,4.4,30.0,2020-12,KOPPEL BORO WWTP
PA0023434,PA,textile,2021-01-31,BOD,1.0996616049999999,,,,,0.0,0.0,,,,,372.0,25.0,2021-01,KOPPEL BORO WWTP
PA0023434,PA,textile,2021-01-31,TSS,1.0996616049999999,,,,,639.0,0.0,,,,,4.8,30.0,2021-01,KOPPEL BORO WWTP
PA0023434,PA,textile,2021-02-28,BOD,0.9936701250000001,,,,,324.0,0.0,,,,,3.0,25.0,2021-02,KOPPEL BORO WWTP
PA0023434,PA,textile,2021-02-28,TSS,0.9936701250000001,,,,,1260.0,0.0,,,,,5.3,30.0,2021-02,KOPPEL BORO WWTP
PA0023434,PA,textile,2021-03-31,BOD,1.251078005,,,,,0.0,0.0,,,,,38.0,25.0,2021-03,KOPPEL BORO WWTP
PA0023434,PA,textile,2021-03-31,TSS,1.251078005,,,,,37.0,0.0,,,,,4.0,30.0,2021-03,KOPPEL BORO WWTP
PA0023434,PA,textile,2021-04-30,BOD,0.781687165,,,,,94.0,0.0,,,,,3.0,25.0,2021-04,KOPPEL BORO WWTP
PA0023434,PA,textile,2021-04-30,TSS,0.781687165,,,,,101.0,0.0,,,,,6.5,30.0,2021-04,KOPPEL BORO WWTP
PA0023434,PA,textile,2021-05-31,BOD,1.3040737450000002,,,,,0.0,0.0,,,,,29.0,25.0,2021-05,KOPPEL BORO WWTP
PA0023434,PA,textile,2021-05-31,TSS,1.3040737450000002,,,,,20.0,0.0,,,,,4.3,30.0,2021-05,KOPPEL BORO WWTP
PA0023434,PA,textile,2021-06-30,BOD,0.456141905,,,,,0.0,0.0,,,,,32.0,25.0,2021-06,KOPPEL BORO WWTP
PA0023434,PA,textile,2021-06-30,TSS,0.456141905,,,,,25.0,0.0,,,,,3.4,30.0,2021-06,KOPPEL BORO WWTP
PA0023434,PA,textile,2021-07-31,BOD,0.8592880700000001,,,,,127.0,0.0,,,,,3.0,25.0,2021-07,KOPPEL BORO WWTP
PA0023434,PA,textile,2021-07-31,TSS,0.8592880700000001,,,,,144.0,0.0,,,,,6.0,30.0,2021-07,KOPPEL BORO WWTP
PA0023434,PA,textile,2021-08-31,BOD,1.637189825,,,,,0.0,0.0,,,,,52.0,25.0,2021-08,KOPPEL BORO WWTP
PA0023434,PA,textile,2021-08-31,TSS,1.637189825,,,,,64.0,0.0,,,,,3.0,30.0,2021-08,KOPPEL BORO WWTP
PA0023434,PA,textile,2021-09-30,BOD,0.463712725,,,,,47.0,0.0,,,,,3.0,25.0,2021-09,KOPPEL BORO WWTP
PA0023434,PA,textile,2021-09-30,TSS,0.463712725,,,,,85.0,0.0,,,,,3.3,30.0,2021-09,KOPPEL BORO WWTP
PA0023434,PA,textile,2021-10-31,BOD,1.30218104,,,,,30.0,0.0,,,,,3.1,25.0,2021-10,KOPPEL BORO WWTP
PA0023434,PA,textile,2021-10-31,TSS,1.30218104,,,,,23.0,0.0,,,,,4.0,30.0,2021-10,KOPPEL BORO WWTP
PA0023434,PA,textile,2021-11-30,BOD,0.38232641000000006,,,,,41.0,0.0,,,,,3.0,25.0,2021-11,KOPPEL BORO WWTP
PA0023434,PA,textile,2021-11-30,TSS,0.38232641000000006,,,,,65.0,0.0,,,,,3.0,30.0,2021-11,KOPPEL BORO WWTP
PA0023434,PA,textile,2021-12-31,BOD,0.705978965,,,,,91.0,0.0,,,,,3.7,25.0,2021-12,KOPPEL BORO WWTP
PA0023434,PA,textile,2021-12-31,TSS,0.705978965,,,,,101.0,4.8,,,,,,30.0,2021-12,KOPPEL BORO WWTP
PA0023434,PA,textile,2022-01-31,BOD,0.66623216,,,,,100.0,0.0,,,,,3.0,25.0,2022-01,KOPPEL BORO WWTP
PA0023434,PA,textile,2022-01-31,TSS,0.66623216,,,,,144.0,0.0,,,,,3.3,30.0,2022-01,KOPPEL BORO WWTP
PA0023434,PA,textile,2022-02-28,BOD,2.0592630400000003,,,,,112.0,0.0,,,,,3.0,25.0,2022-02,KOPPEL BORO WWTP
PA0023434,PA,textile,2022-02-28,TSS,2.0592630400000003,,,,,238.0,0.0,,,,,5.3,30.0,2022-02,KOPPEL BORO WWTP
PA0023434,PA,textile,2022-03-31,BOD,1.258648825,,,,,0.0,0.0,,,,,25.0,25.0,2022-03,KOPPEL BORO WWTP
PA0023434,PA,textile,2022-03-31,TSS,1.258648825,,,,,20.0,0.0,,,,,3.0,30.0,2022-03,KOPPEL BORO WWTP
PA0023434,PA,textile,2022-04-30,BOD,1.18483333,,,,,0.0,0.0,,,,,31.0,25.0,2022-04,KOPPEL BORO WWTP
PA0023434,PA,textile,2022-04-30,TSS,1.18483333,,,,,16.0,0.0,,,,,3.0,30.0,2022-04,KOPPEL BORO WWTP
PA0023434,PA,textile,2022-05-31,BOD,1.023953405,,,,,0.0,0.0,,,,,26.0,25.0,2022-05,KOPPEL BORO WWTP
PA0023434,PA,textile,2022-05-31,TSS,1.023953405,,,,,27.0,0.0,,,,,3.0,30.0,2022-05,KOPPEL BORO WWTP
PA0023434,PA,textile,2022-06-30,BOD,0.43342944499999997,,,,,25.0,0.0,,,,,3.0,25.0,2022-06,KOPPEL BORO WWTP
PA0023434,PA,textile,2022-06-30,TSS,0.43342944499999997,,,,,24.0,0.0,,,,,3.0,30.0,2022-06,KOPPEL BORO WWTP
PA0023434,PA,textile,2022-07-31,BOD,0.40125346000000006,,,,,0.0,0.0,,,,,32.0,25.0,2022-07,KOPPEL BORO WWTP
PA0023434,PA,textile,2022-07-31,TSS,0.40125346000000006,,,,,0.0,0.0,,,,,25.0,30.0,2022-07,KOPPEL BORO WWTP
PA0023434,PA,textile,2022-08-31,BOD,0.29904739,,,,,0.0,0.0,,,,,56.0,25.0,2022-08,KOPPEL BORO WWTP
PA0023434,PA,textile,2022-08-31,TSS,0.29904739,,,,,36.0,0.0,,,,,3.0,30.0,2022-08,KOPPEL BORO WWTP
PA0023434,PA,textile,2022-09-30,BOD,0.3974680500000001,,,,,0.0,0.0,,,,,28.0,25.0,2022-09,KOPPEL BORO WWTP
PA0023434,PA,textile,2022-09-30,TSS,0.3974680500000001,,,,,33.0,0.0,,,,,3.0,30.0,2022-09,KOPPEL BORO WWTP
PA0023434,PA,textile,2022-10-31,BOD,0.32365255500000006,,,,,60.0,0.0,,,,,3.0,25.0,2022-10,KOPPEL BORO WWTP
PA0023434,PA,textile,2022-10-31,TSS,0.32365255500000006,,,,,78.0,0.0,,,,,3.0,30.0,2022-10,KOPPEL BORO WWTP
PA0023434,PA,textile,2022-11-30,BOD,0.82900479,,,,,0.0,0.0,,,,,48.0,25.0,2022-11,KOPPEL BORO WWTP
PA0023434,PA,textile,2022-11-30,TSS,0.82900479,,,,,40.0,0.0,,,,,3.0,30.0,2022-11,KOPPEL BORO WWTP
PA0023434,PA,textile,2022-12-31,BOD,0.26687140500000006,,,,,0.0,0.0,,,,,45.0,25.0,2022-12,KOPPEL BORO WWTP
PA0023434,PA,textile,2022-12-31,TSS,0.26687140500000006,,,,,28.0,0.0,,,,,3.0,30.0,2022-12,KOPPEL BORO WWTP
PA0023434,PA,textile,2023-01-31,BOD,0.838468315,,,,,0.0,0.0,,,,,29.0,25.0,2023-01,KOPPEL BORO WWTP
PA0023434,PA,textile,2023-01-31,TSS,0.838468315,,,,,33.0,0.0,,,,,3.0,30.0,2023-01,KOPPEL BORO WWTP
PA0023434,PA,textile,2023-02-28,BOD,0.490210595,,,,,45.0,0.0,,,,,3.0,25.0,2023-02,KOPPEL BORO WWTP
PA0023434,PA,textile,2023-02-28,TSS,0.490210595,,,,,103.0,0.0,,,,,3.0,30.0,2023-02,KOPPEL BORO WWTP
PA0023434,PA,textile,2023-03-31,BOD,1.0485585700000002,,,,,49.0,0.0,,,,,3.0,25.0,2023-03,KOPPEL BORO WWTP
PA0023434,PA,textile,2023-03-31,TSS,1.0485585700000002,,,,,50.0,0.0,,,,,3.0,30.0,2023-03,KOPPEL BORO WWTP
PA0023434,PA,textile,2023-04-30,BOD,0.56402609,,,,,50.0,0.0,,,,,3.0,25.0,2023-04,KOPPEL BORO WWTP
PA0023434,PA,textile,2023-04-30,TSS,0.56402609,,,,,28.0,0.0,,,,,3.0,30.0,2023-04,KOPPEL BORO WWTP
PA0023434,PA,textile,2023-05-31,BOD,0.569704205,,,,,0.0,0.0,,,,,50.0,25.0,2023-05,KOPPEL BORO WWTP
PA0023434,PA,textile,2023-05-31,TSS,0.569704205,,,,,94.0,0.0,,,,,3.0,30.0,2023-05,KOPPEL BORO WWTP
PA0023434,PA,textile,2023-06-30,BOD,0.584845845,,,,,50.0,0.0,,,,,3.0,25.0,2023-06,KOPPEL BORO WWTP
PA0023434,PA,textile,2023-06-30,TSS,0.584845845,,,,,178.0,0.0,,,,,3.0,30.0,2023-06,KOPPEL BORO WWTP
PA0023434,PA,textile,2023-07-31,BOD,0.9558160250000001,,,,,0.0,0.0,,,,,34.0,25.0,2023-07,KOPPEL BORO WWTP
PA0023434,PA,textile,2023-07-31,TSS,0.9558160250000001,,,,,43.0,0.0,,,,,3.0,30.0,2023-07,KOPPEL BORO WWTP
PA0023434,PA,textile,2023-08-31,BOD,1.852958195,,,,,71.0,0.0,,,,,3.0,25.0,2023-08,KOPPEL BORO WWTP
PA0023434,PA,textile,2023-08-31,TSS,1.852958195,,,,,61.0,0.0,,,,,3.0,30.0,2023-08,KOPPEL BORO WWTP
PA0023434,PA,textile,2023-09-30,BOD,0.5148157600000001,,,,,0.0,0.0,,,,,58.0,25.0,2023-09,KOPPEL BORO WWTP
PA0023434,PA,textile,2023-09-30,TSS,0.5148157600000001,,,,,91.0,0.0,,,,,3.0,30.0,2023-09,KOPPEL BORO WWTP
PA0023434,PA,textile,2023-10-31,BOD,0.49588871000000007,,,,,78.0,0.0,,,,,3.0,25.0,2023-10,KOPPEL BORO WWTP
PA0023434,PA,textile,2023-10-31,TSS,0.49588871000000007,,,,,148.0,0.0,,,,,3.0,30.0,2023-10,KOPPEL BORO WWTP
PA0023434,PA,textile,2023-11-30,BOD,0.48642518500000004,,,,,194.0,0.0,,,,,3.0,25.0,2023-11,KOPPEL BORO WWTP
PA0023434,PA,textile,2023-11-30,TSS,0.48642518500000004,,,,,421.0,0.0,,,,,3.0,30.0,2023-11,KOPPEL BORO WWTP
PA0023434,PA,textile,2023-12-31,BOD,0.709764375,,,,,163.0,0.0,,,,,3.0,25.0,2023-12,KOPPEL BORO WWTP
PA0023434,PA,textile,2023-12-31,TSS,0.709764375,,,,,417.0,0.0,,,,,3.0,30.0,2023-12,KOPPEL BORO WWTP
PA0023434,PA,textile,2024-01-31,BOD,1.2889321050000002,,,,,90.0,0.0,,,,,3.0,25.0,2024-01,KOPPEL BORO WWTP
PA0023434,PA,textile,2024-01-31,TSS,1.2889321050000002,,,,,315.0,0.0,,,,,4.0,30.0,2024-01,KOPPEL BORO WWTP
PA0023434,PA,textile,2024-02-29,BOD,0.4542492,,,,,146.0,0.0,,,,,3.0,25.0,2024-02,KOPPEL BORO WWTP
PA0023434,PA,textile,2024-02-29,TSS,0.4542492,,,,,427.0,0.0,,,,,3.0,30.0,2024-02,KOPPEL BORO WWTP
PA0023434,PA,textile,2024-03-31,BOD,0.95013791,,,,,79.0,0.0,,,,,3.0,25.0,2024-03,KOPPEL BORO WWTP
PA0023434,PA,textile,2024-03-31,TSS,0.95013791,,,,,151.0,0.0,,,,,3.0,30.0,2024-03,KOPPEL BORO WWTP
PA0023434,PA,textile,2024-04-30,BOD,2.761456595,,,,,86.0,0.0,,,,,3.0,25.0,2024-04,KOPPEL BORO WWTP
PA0023434,PA,textile,2024-04-30,TSS,2.761456595,,,,,122.0,0.0,,,,,3.0,30.0,2024-04,KOPPEL BORO WWTP
PA0023434,PA,textile,2024-05-31,BOD,0.7551892950000001,,,,,110.0,0.0,,,,,3.0,25.0,2024-05,KOPPEL BORO WWTP
PA0023434,PA,textile,2024-05-31,TSS,0.7551892950000001,,,,,242.0,0.0,,,,,3.0,30.0,2024-05,KOPPEL BORO WWTP
PA0023434,PA,textile,2024-06-30,BOD,0.5280646950000001,,,,,108.0,0.0,,,,,3.0,25.0,2024-06,KOPPEL BORO WWTP
PA0023434,PA,textile,2024-06-30,TSS,0.5280646950000001,,,,,442.0,0.0,,,,,3.0,30.0,2024-06,KOPPEL BORO WWTP
PA0023434,PA,textile,2024-07-31,BOD,0.8914640550000001,,,,,54.0,0.0,,,,,3.0,25.0,2024-07,KOPPEL BORO WWTP
PA0023434,PA,textile,2024-07-31,TSS,0.8914640550000001,,,,,163.0,0.0,,,,,4.0,30.0,2024-07,KOPPEL BORO WWTP
PA0023434,PA,textile,2024-08-31,BOD,0.599987485,,,,,65.0,0.0,,,,,3.0,25.0,2024-08,KOPPEL BORO WWTP
PA0023434,PA,textile,2024-08-31,TSS,0.599987485,,,,,184.0,0.0,,,,,3.0,30.0,2024-08,KOPPEL BORO WWTP
PA0023434,PA,textile,2024-09-30,BOD,0.38800452500000004,,,,,76.0,0.0,,,,,3.0,25.0,2024-09,KOPPEL BORO WWTP
PA0023434,PA,textile,2024-09-30,TSS,0.38800452500000004,,,,,119.0,0.0,,,,,3.0,30.0,2024-09,KOPPEL BORO WWTP
PA0023434,PA,textile,2024-10-31,BOD,0.38232641000000006,,,,,188.0,0.0,,,,,3.0,25.0,2024-10,KOPPEL BORO WWTP
PA0023434,PA,textile,2024-10-31,TSS,0.38232641000000006,,,,,717.0,0.0,,,,,3.0,30.0,2024-10,KOPPEL BORO WWTP
PA0023434,PA,textile,2024-11-30,BOD,0.5526698600000001,,,,,107.0,0.0,,,,,3.0,25.0,2024-11,KOPPEL BORO WWTP
PA0023434,PA,textile,2024-11-30,TSS,0.5526698600000001,,,,,402.0,0.0,,,,,4.0,30.0,2024-11,KOPPEL BORO WWTP
PA0023434,PA,textile,2024-12-31,BOD,0.5006204725000001,,,,,0.0,0.0,,,,,144.0,25.0,2024-12,KOPPEL BORO WWTP
PA0023434,PA,textile,2024-12-31,TSS,0.5006204725000001,,,,,1124.0,0.0,,,,,3.0,30.0,2024-12,KOPPEL BORO WWTP
PA0056472,PA,meat,2019-06-30,BOD,,,,,,,3.9,,,,,,,2019-06,"BEYOND MEAT, INC."
PA0056472,PA,meat,2019-06-30,COD,,,,,,,20.8,,,,,,,2019-06,"BEYOND MEAT, INC."
PA0056472,PA,meat,2019-06-30,TSS,,,,,,,14.5,,,,,,,2019-06,"BEYOND MEAT, INC."
PA0056472,PA,meat,2019-12-31,BOD,,,,,,,3.6,,,,,,,2019-12,"BEYOND MEAT, INC."
PA0056472,PA,meat,2019-12-31,COD,,,,,,,14.4,,,,,,,2019-12,"BEYOND MEAT, INC."
PA0056472,PA,meat,2019-12-31,TSS,,,,,,,21.5,,,,,,,2019-12,"BEYOND MEAT, INC."
PA0056472,PA,meat,2020-12-31,BOD,,,,,,,5.6,,,,,,,2020-12,"BEYOND MEAT, INC."
PA0056472,PA,meat,2020-12-31,COD,,,,,,,41.9,,,,,,,2020-12,"BEYOND MEAT, INC."
PA0056472,PA,meat,2020-12-31,TSS,,,,,,,44.5,,,,,,,2020-12,"BEYOND MEAT, INC."
PA0056472,PA,meat,2021-12-31,BOD,,,,,,,2.5,,,,,,,2021-12,"BEYOND MEAT, INC."
PA0056472,PA,meat,2021-12-31,COD,,,,,,,26.1,,,,,,,2021-12,"BEYOND MEAT, INC."
PA0056472,PA,meat,2021-12-31,TSS,,,,,,,19.0,,,,,,,2021-12,"BEYOND MEAT, INC."
PA0056472,PA,meat,2022-06-30,BOD,,,,,,,7.6,,,,,,,2022-06,"BEYOND MEAT, INC."
PA0056472,PA,meat,2022-06-30,COD,,,,,,,65.2,,,,,,,2022-06,"BEYOND MEAT, INC."
PA0056472,PA,meat,2022-06-30,TSS,,,,,,,193.0,,,,,,,2022-06,"BEYOND MEAT, INC."
PA0056472,PA,meat,2022-12-31,BOD,,,,,,,7.9,,,,,,,2022-12,"BEYOND MEAT, INC."
PA0056472,PA,meat,2022-12-31,COD,,,,,,,37.4,,,,,,,2022-12,"BEYOND MEAT, INC."
PA0056472,PA,meat,2022-12-31,TSS,,,,,,,10.0,,,,,,,2022-12,"BEYOND MEAT, INC."
PA0056472,PA,meat,2023-06-30,BOD,,,,,,,12.6,,,,,,,2023-06,"BEYOND MEAT, INC."
PA0056472,PA,meat,2023-06-30,COD,,,,,,,33.3,,,,,,,2023-06,"BEYOND MEAT, INC."
PA0056472,PA,meat,2023-06-30,TSS,,,,,,,22.0,,,,,,,2023-06,"BEYOND MEAT, INC."
PA0056472,PA,meat,2023-12-31,BOD,,,,,,,0.0,,,,,2.0,,2023-12,"BEYOND MEAT, INC."
PA0056472,PA,meat,2023-12-31,COD,,,,,,,0.0,,,,,10.0,,2023-12,"BEYOND MEAT, INC."
PA0056472,PA,meat,2023-12-31,TSS,,,,,,,34.0,,,,,,,2023-12,"BEYOND MEAT, INC."
PA0056472,PA,meat,2024-06-30,BOD,,,,,,,0.0,,,,,6.0,,2024-06,"BEYOND MEAT, INC."
PA0056472,PA,meat,2024-06-30,COD,,,,,,,0.0,,,,,10.0,,2024-06,"BEYOND MEAT, INC."
PA0056472,PA,meat,2024-06-30,TSS,,,,,,,155.0,,,,,,,2024-06,"BEYOND MEAT, INC."
PA0056472,PA,meat,2024-12-31,BOD,,,,,,,2.9,,,,,,,2024-12,"BEYOND MEAT, INC."
PA0056472,PA,meat,2024-12-31,COD,,,,,,,11.2,,,,,,,2024-12,"BEYOND MEAT, INC."
PA0056472,PA,meat,2024-12-31,TSS,,,,,,,6.2,,,,,,,2024-12,"BEYOND MEAT, INC."
PA0111759,PA,meat,2019-01-31,BOD,2.2487228105,,,,,,3.0,,,,,,,2019-01,CARGILL
PA0111759,PA,meat,2019-01-31,TDS,2.2487228105,,,,,,3114.5,,,,,,,2019-01,CARGILL
PA0111759,PA,meat,2019-01-31,TSS,2.2487228105,,,,,,11.5,,,,,,,2019-01,CARGILL
PA0111759,PA,meat,2019-02-28,BOD,2.1915631195,,,,,,3.0,,,,,,,2019-02,CARGILL
PA0111759,PA,meat,2019-02-28,TDS,2.1915631195,,,,,,2802.5,,,,,,,2019-02,CARGILL
PA0111759,PA,meat,2019-02-28,TSS,2.1915631195,,,,,,5.75,,,,,,,2019-02,CARGILL
PA0111759,PA,meat,2019-03-31,BOD,2.3955967185,,,,,,2.42,,,,,,,2019-03,CARGILL
PA0111759,PA,meat,2019-03-31,TDS,2.3955967185,,,,,,4242.0,,,,,,,2019-03,CARGILL
PA0111759,PA,meat,2019-03-31,TSS,2.3955967185,,,,,,6.8,,,,,,,2019-03,CARGILL
PA0111759,PA,meat,2019-04-30,BOD,2.0395789079999997,,,,,,2.25,,,,,,,2019-04,CARGILL
PA0111759,PA,meat,2019-04-30,TDS,2.0395789079999997,,,,,,3330.0,,,,,,,2019-04,CARGILL
PA0111759,PA,meat,2019-04-30,TSS,2.0395789079999997,,,,,,5.25,,,,,,,2019-04,CARGILL
PA0111759,PA,meat,2019-05-31,BOD,2.0923853775,,,,,,2.18,,,,,,,2019-05,CARGILL
PA0111759,PA,meat,2019-05-31,TDS,2.0923853775,,,,,,3446.0,,,,,,,2019-05,CARGILL
PA0111759,PA,meat,2019-05-31,TSS,2.0923853775,,,,,,5.8,,,,,,,2019-05,CARGILL
PA0111759,PA,meat,2019-06-30,BOD,2.259132688,,,,,,0.0,,,,,2.2,,2019-06,CARGILL
PA0111759,PA,meat,2019-06-30,TDS,2.259132688,,,,,,3542.5,,,,,,,2019-06,CARGILL
PA0111759,PA,meat,2019-06-30,TSS,2.259132688,,,,,,4.75,,,,,,,2019-06,CARGILL
PA0111759,PA,meat,2019-07-31,BOD,2.123993551,,,,,,2.28,,,,,,,2019-07,CARGILL
PA0111759,PA,meat,2019-07-31,TDS,2.123993551,,,,,,2677.5,,,,,,,2019-07,CARGILL
PA0111759,PA,meat,2019-07-31,TSS,2.123993551,,,,,,8.75,,,,,,,2019-07,CARGILL
PA0111759,PA,meat,2019-08-31,BOD,2.114530026,,,,,,2.3,,,,,,,2019-08,CARGILL
PA0111759,PA,meat,2019-08-31,TDS,2.114530026,,,,,,3862.0,,,,,,,2019-08,CARGILL
PA0111759,PA,meat,2019-08-31,TSS,2.114530026,,,,,,8.0,,,,,,,2019-08,CARGILL
PA0111759,PA,meat,2019-09-30,BOD,2.3755340455000002,,,,,,2.18,,,,,,,2019-09,CARGILL
PA0111759,PA,meat,2019-09-30,TDS,2.3755340455000002,,,,,,3390.0,,,,,,,2019-09,CARGILL
PA0111759,PA,meat,2019-09-30,TSS,2.3755340455000002,,,,,,5.5,,,,,,,2019-09,CARGILL
PA0111759,PA,meat,2019-10-31,BOD,2.3117498870000004,,,,,,2.88,,,,,,,2019-10,CARGILL
PA0111759,PA,meat,2019-10-31,TDS,2.3117498870000004,,,,,,3702.5,,,,,,,2019-10,CARGILL
PA0111759,PA,meat,2019-10-31,TSS,2.3117498870000004,,,,,,6.25,,,,,,,2019-10,CARGILL
PA0111759,PA,meat,2019-11-30,BOD,2.301907821,,,,,,2.2,,,,,,,2019-11,CARGILL
PA0111759,PA,meat,2019-11-30,TDS,2.301907821,,,,,,4274.0,,,,,,,2019-11,CARGILL
PA0111759,PA,meat,2019-11-30,TSS,2.301907821,,,,,,5.6,,,,,,,2019-11,CARGILL
PA0111759,PA,meat,2019-12-31,BOD,2.079704254,,,,,,2.15,,,,,,,2019-12,CARGILL
PA0111759,PA,meat,2019-12-31,TDS,2.079704254,,,,,,3532.5,,,,,,,2019-12,CARGILL
PA0111759,PA,meat,2019-12-31,TSS,2.079704254,,,,,,5.25,,,,,,,2019-12,CARGILL
PA0111759,PA,meat,2020-01-31,BOD,2.1268326085,,,,,,2.3,,,,,,,2020-01,CARGILL
PA0111759,PA,meat,2020-01-31,TDS,2.1268326085,,,,,,5934.0,,,,,,,2020-01,CARGILL
PA0111759,PA,meat,2020-01-31,TSS,2.1268326085,,,,,,4.0,,,,,,,2020-01,CARGILL
PA0111759,PA,meat,2020-02-29,BOD,2.1205866820000003,,,,,,2.2,,,,,,,2020-02,CARGILL
PA0111759,PA,meat,2020-02-29,TDS,2.1205866820000003,,,,,,3270.0,,,,,,,2020-02,CARGILL
PA0111759,PA,meat,2020-02-29,TSS,2.1205866820000003,,,,,,5.75,,,,,,,2020-02,CARGILL
PA0111759,PA,meat,2020-03-31,BOD,1.9231775505000002,,,,,,2.2,,,,,,,2020-03,CARGILL
PA0111759,PA,meat,2020-03-31,TDS,1.9231775505000002,,,,,,2737.5,,,,,,,2020-03,CARGILL
PA0111759,PA,meat,2020-03-31,TSS,1.9231775505000002,,,,,,4.25,,,,,,,2020-03,CARGILL
PA0111759,PA,meat,2020-04-30,BOD,2.134592699,,,,,,0.0,,,,,2.2,,2020-04,CARGILL
PA0111759,PA,meat,2020-04-30,TDS,2.134592699,,,,,,4292.5,,,,,,,2020-04,CARGILL
PA0111759,PA,meat,2020-04-30,TSS,2.134592699,,,,,,4.25,,,,,,,2020-04,CARGILL
PA0111759,PA,meat,2020-05-31,BOD,2.02519435,,,,,,2.18,,,,,,,2020-05,CARGILL
PA0111759,PA,meat,2020-05-31,TDS,2.02519435,,,,,,3152.0,,,,,,,2020-05,CARGILL
PA0111759,PA,meat,2020-05-31,TSS,2.02519435,,,,,,5.2,,,,,,,2020-05,CARGILL
PA0111759,PA,meat,2020-06-30,BOD,1.9258273375000001,,,,,,2.18,,,,,,,2020-06,CARGILL
PA0111759,PA,meat,2020-06-30,TDS,1.9258273375000001,,,,,,3215.0,,,,,,,2020-06,CARGILL
PA0111759,PA,meat,2020-06-30,TSS,1.9258273375000001,,,,,,4.75,,,,,,,2020-06,CARGILL
PA0111759,PA,meat,2020-07-31,BOD,2.1677150365,,,,,,6.78,,,,,,,2020-07,CARGILL
PA0111759,PA,meat,2020-07-31,TDS,2.1677150365,,,,,,3236.0,,,,,,,2020-07,CARGILL
PA0111759,PA,meat,2020-07-31,TSS,2.1677150365,,,,,,8.6,,,,,,,2020-07,CARGILL
PA0111759,PA,meat,2020-08-31,BOD,1.887405426,,,,,,6.6,,,,,,,2020-08,CARGILL
PA0111759,PA,meat,2020-08-31,TDS,1.887405426,,,,,,3045.0,,,,,,,2020-08,CARGILL
PA0111759,PA,meat,2020-08-31,TSS,1.887405426,,,,,,9.0,,,,,,,2020-08,CARGILL
PA0111759,PA,meat,2020-09-30,BOD,1.8310028170000001,,,,,,2.13,,,,,,,2020-09,CARGILL
PA0111759,PA,meat,2020-09-30,TDS,1.8310028170000001,,,,,,3122.5,,,,,,,2020-09,CARGILL
PA0111759,PA,meat,2020-09-30,TSS,1.8310028170000001,,,,,,4.0,,,,,,,2020-09,CARGILL
PA0111759,PA,meat,2020-10-31,BOD,2.0810291475,,,,,,0.0,,,,,2.2,,2020-10,CARGILL
PA0111759,PA,meat,2020-10-31,TDS,2.0810291475,,,,,,2922.0,,,,,,,2020-10,CARGILL
PA0111759,PA,meat,2020-10-31,TSS,2.0810291475,,,,,,4.8,,,,,,,2020-10,CARGILL
PA0111759,PA,meat,2020-11-30,BOD,2.0072136525,,,,,,0.0,,,,,2.2,,2020-11,CARGILL
PA0111759,PA,meat,2020-11-30,TDS,2.0072136525,,,,,,2542.5,,,,,,,2020-11,CARGILL
PA0111759,PA,meat,2020-11-30,TSS,2.0072136525,,,,,,0.0,,,,,4.0,,2020-11,CARGILL
PA0111759,PA,meat,2020-12-31,BOD,1.9869617090000002,,,,,,2.52,,,,,,,2020-12,CARGILL
PA0111759,PA,meat,2020-12-31,TDS,1.9869617090000002,,,,,,2666.0,,,,,,,2020-12,CARGILL
PA0111759,PA,meat,2020-12-31,TSS,1.9869617090000002,,,,,,4.4,,,,,,,2020-12,CARGILL
PA0111759,PA,meat,2021-01-31,BOD,2.0772437375,,,,,,3.35,,,,,,,2021-01,CARGILL
PA0111759,PA,meat,2021-01-31,TDS,2.0772437375,,,,,,2780.0,,,,,,,2021-01,CARGILL
PA0111759,PA,meat,2021-01-31,TSS,2.0772437375,,,,,,8.25,,,,,,,2021-01,CARGILL
PA0111759,PA,meat,2021-02-28,BOD,2.1908060375000002,,,,,,0.0,,,,,2.2,,2021-02,CARGILL
PA0111759,PA,meat,2021-02-28,TDS,2.1908060375000002,,,,,,2727.5,,,,,,,2021-02,CARGILL
PA0111759,PA,meat,2021-02-28,TSS,2.1908060375000002,,,,,,0.0,,,,,4.0,,2021-02,CARGILL
PA0111759,PA,meat,2021-03-31,BOD,2.10468796,,,,,,0.0,,,,,2.2,,2021-03,CARGILL
PA0111759,PA,meat,2021-03-31,TDS,2.10468796,,,,,,2138.0,,,,,,,2021-03,CARGILL
PA0111759,PA,meat,2021-03-31,TSS,2.10468796,,,,,,4.5,,,,,,,2021-03,CARGILL
PA0111759,PA,meat,2021-04-30,BOD,2.10847337,,,,,,2.14,,,,,,,2021-04,CARGILL
PA0111759,PA,meat,2021-04-30,TDS,2.10847337,,,,,,2446.0,,,,,,,2021-04,CARGILL
PA0111759,PA,meat,2021-04-30,TSS,2.10847337,,,,,,4.4,,,,,,,2021-04,CARGILL
PA0111759,PA,meat,2021-05-31,BOD,2.029736842,,,,,,0.0,,,,,2.18,,2021-05,CARGILL
PA0111759,PA,meat,2021-05-31,TDS,2.029736842,,,,,,2545.0,,,,,,,2021-05,CARGILL
PA0111759,PA,meat,2021-05-31,TSS,2.029736842,,,,,,0.0,,,,,4.0,,2021-05,CARGILL
PA0111759,PA,meat,2021-06-30,BOD,1.8667749415,,,,,,2.18,,,,,,,2021-06,CARGILL
PA0111759,PA,meat,2021-06-30,TDS,1.8667749415,,,,,,2747.5,,,,,,,2021-06,CARGILL
PA0111759,PA,meat,2021-06-30,TSS,1.8667749415,,,,,,0.0,,,,,4.0,,2021-06,CARGILL
PA0111759,PA,meat,2021-07-31,BOD,2.1923202015000003,,,,,,2.1,,,,,,,2021-07,CARGILL
PA0111759,PA,meat,2021-07-31,TDS,2.1923202015000003,,,,,,2872.0,,,,,,,2021-07,CARGILL
PA0111759,PA,meat,2021-07-31,TSS,2.1923202015000003,,,,,,4.8,,,,,,,2021-07,CARGILL
PA0111759,PA,meat,2021-08-31,BOD,2.1325107235000003,,,,,,2.18,,,,,,,2021-08,CARGILL
PA0111759,PA,meat,2021-08-31,TDS,2.1325107235000003,,,,,,2900.0,,,,,,,2021-08,CARGILL
PA0111759,PA,meat,2021-08-31,TSS,2.1325107235000003,,,,,,6.75,,,,,,,2021-08,CARGILL
PA0111759,PA,meat,2021-09-30,BOD,2.1677150365,,,,,,2.13,,,,,,,2021-09,CARGILL
PA0111759,PA,meat,2021-09-30,TDS,2.1677150365,,,,,,2665.0,,,,,,,2021-09,CARGILL
PA0111759,PA,meat,2021-09-30,TSS,2.1677150365,,,,,,6.25,,,,,,,2021-09,CARGILL
PA0111759,PA,meat,2021-10-31,BOD,2.0091063575000003,,,,,,2.12,,,,,,,2021-10,CARGILL
PA0111759,PA,meat,2021-10-31,TDS,2.0091063575000003,,,,,,2946.0,,,,,,,2021-10,CARGILL
PA0111759,PA,meat,2021-10-31,TSS,2.0091063575000003,,,,,,5.2,,,,,,,2021-10,CARGILL
PA0111759,PA,meat,2021-11-30,BOD,2.2320670065000003,,,,,,2.2,,,,,,,2021-11,CARGILL
PA0111759,PA,meat,2021-11-30,TDS,2.2320670065000003,,,,,,2760.0,,,,,,,2021-11,CARGILL
PA0111759,PA,meat,2021-11-30,TSS,2.2320670065000003,,,,,,5.75,,,,,,,2021-11,CARGILL
PA0111759,PA,meat,2021-12-31,BOD,1.984690463,,,,,,2.14,,,,,,,2021-12,CARGILL
PA0111759,PA,meat,2021-12-31,TDS,1.984690463,,,,,,2832.0,,,,,,,2021-12,CARGILL
PA0111759,PA,meat,2021-12-31,TSS,1.984690463,,,,,,4.8,,,,,,,2021-12,CARGILL
PA0111759,PA,meat,2022-01-31,BOD,2.0969278695000004,,,,,,0.0,,,,,2.2,,2022-01,CARGILL
PA0111759,PA,meat,2022-01-31,TDS,2.0969278695000004,,,,,,2815.0,,,,,,,2022-01,CARGILL
PA0111759,PA,meat,2022-01-31,TSS,2.0969278695000004,,,,,,5.25,,,,,,,2022-01,CARGILL
PA0111759,PA,meat,2022-02-28,BOD,2.179260537,,,,,,0.0,,,,,2.18,,2022-02,CARGILL
PA0111759,PA,meat,2022-02-28,TDS,2.179260537,,,,,,2742.5,,,,,,,2022-02,CARGILL
PA0111759,PA,meat,2022-02-28,TSS,2.179260537,,,,,,8.25,,,,,,,2022-02,CARGILL
PA0111759,PA,meat,2022-03-31,BOD,2.1406493550000003,,,,,,0.0,,,,,2.2,,2022-03,CARGILL
PA0111759,PA,meat,2022-03-31,TDS,2.1406493550000003,,,,,,2682.5,,,,,,,2022-03,CARGILL
PA0111759,PA,meat,2022-03-31,TSS,2.1406493550000003,,,,,,4.75,,,,,,,2022-03,CARGILL
PA0111759,PA,meat,2022-04-30,BOD,2.05169222,,,,,,2.24,,,,,,,2022-04,CARGILL
PA0111759,PA,meat,2022-04-30,TDS,2.05169222,,,,,,2622.0,,,,,,,2022-04,CARGILL
PA0111759,PA,meat,2022-04-30,TSS,2.05169222,,,,,,4.8,,,,,,,2022-04,CARGILL
PA0111759,PA,meat,2022-05-31,BOD,1.985447545,,,,,,2.35,,,,,,,2022-05,CARGILL
PA0111759,PA,meat,2022-05-31,TDS,1.985447545,,,,,,2790.0,,,,,,,2022-05,CARGILL
PA0111759,PA,meat,2022-05-31,TSS,1.985447545,,,,,,5.25,,,,,,,2022-05,CARGILL
PA0111759,PA,meat,2022-06-30,BOD,2.0386325555,,,,,,2.45,,,,,,,2022-06,CARGILL
PA0111759,PA,meat,2022-06-30,TDS,2.0386325555,,,,,,2530.0,,,,,,,2022-06,CARGILL
PA0111759,PA,meat,2022-06-30,TSS,2.0386325555,,,,,,4.25,,,,,,,2022-06,CARGILL
PA0111759,PA,meat,2022-07-31,BOD,2.1260755265,,,,,,2.44,,,,,,,2022-07,CARGILL
PA0111759,PA,meat,2022-07-31,TDS,2.1260755265,,,,,,2872.0,,,,,,,2022-07,CARGILL
PA0111759,PA,meat,2022-07-31,TSS,2.1260755265,,,,,,5.2,,,,,,,2022-07,CARGILL
PA0111759,PA,meat,2022-08-31,BOD,2.0234909155000005,,,,,,2.73,,,,,,,2022-08,CARGILL
PA0111759,PA,meat,2022-08-31,TDS,2.0234909155000005,,,,,,2795.0,,,,,,,2022-08,CARGILL
PA0111759,PA,meat,2022-08-31,TSS,2.0234909155000005,,,,,,4.25,,,,,,,2022-08,CARGILL
PA0111759,PA,meat,2022-09-30,BOD,2.0331437109999997,,,,,,2.18,,,,,,,2022-09,CARGILL
PA0111759,PA,meat,2022-09-30,TDS,2.0331437109999997,,,,,,2924.0,,,,,,,2022-09,CARGILL
PA0111759,PA,meat,2022-09-30,TSS,2.0331437109999997,,,,,,5.8,,,,,,,2022-09,CARGILL
PA0111759,PA,meat,2022-10-31,BOD,1.9171208945000002,,,,,,2.28,,,,,,,2022-10,CARGILL
PA0111759,PA,meat,2022-10-31,TDS,1.9171208945000002,,,,,,3120.0,,,,,,,2022-10,CARGILL
PA0111759,PA,meat,2022-10-31,TSS,1.9171208945000002,,,,,,11.75,,,,,,,2022-10,CARGILL
PA0111759,PA,meat,2022-11-30,BOD,1.8830522045,,,,,,2.2,,,,,,,2022-11,CARGILL
PA0111759,PA,meat,2022-11-30,TDS,1.8830522045,,,,,,2912.5,,,,,,,2022-11,CARGILL
PA0111759,PA,meat,2022-11-30,TSS,1.8830522045,,,,,,4.25,,,,,,,2022-11,CARGILL
PA0111759,PA,meat,2022-12-31,BOD,1.838573637,,,,,,2.46,,,,,,,2022-12,CARGILL
PA0111759,PA,meat,2022-12-31,TDS,1.838573637,,,,,,2946.0,,,,,,,2022-12,CARGILL
PA0111759,PA,meat,2022-12-31,TSS,1.838573637,,,,,,4.2,,,,,,,2022-12,CARGILL
PA0111759,PA,meat,2023-01-31,BOD,2.0628591795,,,,,,2.2,,,,,,,2023-01,CARGILL
PA0111759,PA,meat,2023-01-31,TDS,2.0628591795,,,,,,2720.0,,,,,,,2023-01,CARGILL
PA0111759,PA,meat,2023-01-31,TSS,2.0628591795,,,,,,4.75,,,,,,,2023-01,CARGILL
PA0111759,PA,meat,2023-02-28,BOD,1.894976246,,,,,,1.63,,,,,,,2023-02,CARGILL
PA0111759,PA,meat,2023-02-28,TDS,1.894976246,,,,,,3252.5,,,,,,,2023-02,CARGILL
PA0111759,PA,meat,2023-02-28,TSS,1.894976246,,,,,,4.5,,,,,,,2023-02,CARGILL
PA0111759,PA,meat,2023-03-31,BOD,1.863557343,,,,,,1.8,,,,,,,2023-03,CARGILL
PA0111759,PA,meat,2023-03-31,TDS,1.863557343,,,,,,2740.0,,,,,,,2023-03,CARGILL
PA0111759,PA,meat,2023-03-31,TSS,1.863557343,,,,,,5.4,,,,,,,2023-03,CARGILL
PA0111759,PA,meat,2023-04-30,BOD,1.876806278,,,,,,2.03,,,,,,,2023-04,CARGILL
PA0111759,PA,meat,2023-04-30,TDS,1.876806278,,,,,,2942.5,,,,,,,2023-04,CARGILL
PA0111759,PA,meat,2023-04-30,TSS,1.876806278,,,,,,5.25,,,,,,,2023-04,CARGILL
PA0111759,PA,meat,2023-05-31,BOD,1.7702469865000001,,,,,,2.55,,,,,,,2023-05,CARGILL
PA0111759,PA,meat,2023-05-31,TDS,1.7702469865000001,,,,,,2845.0,,,,,,,2023-05,CARGILL
PA0111759,PA,meat,2023-05-31,TSS,1.7702469865000001,,,,,,5.5,,,,,,,2023-05,CARGILL
PA0111759,PA,meat,2023-06-30,BOD,1.8733994090000001,,,,,,1.9,,,,,,,2023-06,CARGILL
PA0111759,PA,meat,2023-06-30,TDS,1.8733994090000001,,,,,,2912.0,,,,,,,2023-06,CARGILL
PA0111759,PA,meat,2023-06-30,TSS,1.8733994090000001,,,,,,7.2,,,,,,,2023-06,CARGILL
PA0111759,PA,meat,2023-07-31,BOD,2.002860431,,,,,,2.28,,,,,,,2023-07,CARGILL
PA0111759,PA,meat,2023-07-31,TDS,2.002860431,,,,,,2880.0,,,,,,,2023-07,CARGILL
PA0111759,PA,meat,2023-07-31,TSS,2.002860431,,,,,,5.5,,,,,,,2023-07,CARGILL
PA0111759,PA,meat,2023-08-31,BOD,1.9434294939999999,,,,,,1.65,,,,,,,2023-08,CARGILL
PA0111759,PA,meat,2023-08-31,TDS,1.9434294939999999,,,,,,2840.0,,,,,,,2023-08,CARGILL
PA0111759,PA,meat,2023-08-31,TSS,1.9434294939999999,,,,,,6.25,,,,,,,2023-08,CARGILL
PA0111759,PA,meat,2023-09-30,BOD,1.896111869,,,,,,2.08,,,,,,,2023-09,CARGILL
PA0111759,PA,meat,2023-09-30,TDS,1.896111869,,,,,,2472.0,,,,,,,2023-09,CARGILL
PA0111759,PA,meat,2023-09-30,TSS,1.896111869,,,,,,5.2,,,,,,,2023-09,CARGILL
PA0111759,PA,meat,2023-10-31,BOD,1.896868951,,,,,,2.2,,,,,,,2023-10,CARGILL
PA0111759,PA,meat,2023-10-31,TDS,1.896868951,,,,,,2790.0,,,,,,,2023-10,CARGILL
PA0111759,PA,meat,2023-10-31,TSS,1.896868951,,,,,,4.75,,,,,,,2023-10,CARGILL
PA0111759,PA,meat,2023-11-30,BOD,1.9439973055,,,,,,2.0,,,,,,,2023-11,CARGILL
PA0111759,PA,meat,2023-11-30,TDS,1.9439973055,,,,,,2790.0,,,,,,,2023-11,CARGILL
PA0111759,PA,meat,2023-11-30,TSS,1.9439973055,,,,,,5.25,,,,,,,2023-11,CARGILL
PA0111759,PA,meat,2023-12-31,BOD,2.072511975,,,,,,2.08,,,,,,,2023-12,CARGILL
PA0111759,PA,meat,2023-12-31,TDS,2.072511975,,,,,,2446.0,,,,,,,2023-12,CARGILL
PA0111759,PA,meat,2023-12-31,TSS,2.072511975,,,,,,4.4,,,,,,,2023-12,CARGILL
PA0111759,PA,meat,2024-01-31,BOD,2.012323956,,,,,,3.2,,,,,,,2024-01,CARGILL
PA0111759,PA,meat,2024-01-31,TDS,2.012323956,,,,,,2812.5,,,,,,,2024-01,CARGILL
PA0111759,PA,meat,2024-01-31,TSS,2.012323956,,,,,,5.75,,,,,,,2024-01,CARGILL
PA0111759,PA,meat,2024-02-29,BOD,1.9795801595000002,,,,,,2.53,,,,,,,2024-02,CARGILL
PA0111759,PA,meat,2024-02-29,TDS,1.9795801595000002,,,,,,2950.0,,,,,,,2024-02,CARGILL
PA0111759,PA,meat,2024-02-29,TSS,1.9795801595000002,,,,,,5.75,,,,,,,2024-02,CARGILL
PA0111759,PA,meat,2024-03-31,BOD,2.061912827,,,,,,2.68,,,,,,,2024-03,CARGILL
PA0111759,PA,meat,2024-03-31,TDS,2.061912827,,,,,,2654.0,,,,,,,2024-03,CARGILL
PA0111759,PA,meat,2024-03-31,TSS,2.061912827,,,,,,6.0,,,,,,,2024-03,CARGILL
PA0111759,PA,meat,2024-04-30,BOD,2.159954946,,,,,,3.1,,,,,,,2024-04,CARGILL
PA0111759,PA,meat,2024-04-30,TDS,2.159954946,,,,,,2605.0,,,,,,,2024-04,CARGILL
PA0111759,PA,meat,2024-04-30,TSS,2.159954946,,,,,,4.5,,,,,,,2024-04,CARGILL
PA0111759,PA,meat,2024-05-31,BOD,2.0685372945,,,,,,3.44,,,,,,,2024-05,CARGILL
PA0111759,PA,meat,2024-05-31,TDS,2.0685372945,,,,,,2806.0,,,,,,,2024-05,CARGILL
PA0111759,PA,meat,2024-05-31,TSS,2.0685372945,,,,,,5.6,,,,,,,2024-05,CARGILL
PA0111759,PA,meat,2024-06-30,BOD,2.0479068099999997,,,,,,2.98,,,,,,,2024-06,CARGILL
PA0111759,PA,meat,2024-06-30,TDS,2.0479068099999997,,,,,,3072.5,,,,,,,2024-06,CARGILL
PA0111759,PA,meat,2024-06-30,TSS,2.0479068099999997,,,,,,5.5,,,,,,,2024-06,CARGILL
PA0111759,PA,meat,2024-07-31,BOD,2.1147192965,,,,,,2.53,,,,,,,2024-07,CARGILL
PA0111759,PA,meat,2024-07-31,TDS,2.1147192965,,,,,,2825.0,,,,,,,2024-07,CARGILL
PA0111759,PA,meat,2024-07-31,TSS,2.1147192965,,,,,,5.25,,,,,,,2024-07,CARGILL
PA0111759,PA,meat,2024-08-31,BOD,2.122479387,,,,,,24.4,,,,,,,2024-08,CARGILL
PA0111759,PA,meat,2024-08-31,TDS,2.122479387,,,,,,2886.0,,,,,,,2024-08,CARGILL
PA0111759,PA,meat,2024-08-31,TSS,2.122479387,,,,,,7.2,,,,,,,2024-08,CARGILL
PA0111759,PA,meat,2024-09-30,BOD,2.113772944,,,,,,1.9,,,,,,,2024-09,CARGILL
PA0111759,PA,meat,2024-09-30,TDS,2.113772944,,,,,,2852.5,,,,,,,2024-09,CARGILL
PA0111759,PA,meat,2024-09-30,TSS,2.113772944,,,,,,6.0,,,,,,,2024-09,CARGILL
PA0111759,PA,meat,2024-10-31,BOD,2.045257023,,,,,,1.98,,,,,,,2024-10,CARGILL
PA0111759,PA,meat,2024-10-31,TDS,2.045257023,,,,,,2877.5,,,,,,,2024-10,CARGILL
PA0111759,PA,meat,2024-10-31,TSS,2.045257023,,,,,,8.0,,,,,,,2024-10,CARGILL
PA0111759,PA,meat,2024-11-30,BOD,2.0439321295000004,,,,,,2.6,,,,,,,2024-11,CARGILL
PA0111759,PA,meat,2024-11-30,TDS,2.0439321295000004,,,,,,2644.0,,,,,,,2024-11,CARGILL
PA0111759,PA,meat,2024-11-30,TSS,2.0439321295000004,,,,,,5.0,,,,,,,2024-11,CARGILL
PA0111759,PA,meat,2024-12-31,BOD,1.7217937385,,,,,,4.98,,,,,,,2024-12,CARGILL
PA0111759,PA,meat,2024-12-31,TDS,1.7217937385,,,,,,2642.5,,,,,,,2024-12,CARGILL
PA0111759,PA,meat,2024-12-31,TSS,1.7217937385,,,,,,7.75,,,,,,,2024-12,CARGILL
PA0208779,PA,tannery,2019-01-31,BOD,0.459927315,,,,,,5.0,,,,,,,2019-01,WICKETT & CRAIG OF AMERICA
PA0208779,PA,tannery,2019-01-31,TSS,0.459927315,,,,,,22.0,,,,,,,2019-01,WICKETT & CRAIG OF AMERICA
PA0208779,PA,tannery,2019-02-28,BOD,0.5034595300000001,,,,,,4.0,,,,,,,2019-02,WICKETT & CRAIG OF AMERICA
PA0208779,PA,tannery,2019-02-28,TSS,0.5034595300000001,,,,,,26.0,,,,,,,2019-02,WICKETT & CRAIG OF AMERICA
PA0208779,PA,tannery,2019-03-31,BOD,0.48453248000000004,,,,,,4.0,,,,,,,2019-03,WICKETT & CRAIG OF AMERICA
PA0208779,PA,tannery,2019-03-31,Cr,0.48453248000000004,,,,,,0.005,,,,,,,2019-03,WICKETT & CRAIG OF AMERICA
PA0208779,PA,tannery,2019-03-31,TDS,0.48453248000000004,,,,,,4120.0,,,,,,,2019-03,WICKETT & CRAIG OF AMERICA
PA0208779,PA,tannery,2019-03-31,TSS,0.48453248000000004,,,,,,23.0,,,,,,,2019-03,WICKETT & CRAIG OF AMERICA
PA0208779,PA,tannery,2019-04-30,BOD,0.5375282200000001,,,,,,6.0,,,,,,,2019-04,WICKETT & CRAIG OF AMERICA
PA0208779,PA,tannery,2019-04-30,TSS,0.5375282200000001,,,,,,33.0,,,,,,,2019-04,WICKETT & CRAIG OF AMERICA
PA0208779,PA,tannery,2019-05-31,BOD,0.5734896150000001,,,,,,3.0,,,,,,,2019-05,WICKETT & CRAIG OF AMERICA
PA0208779,PA,tannery,2019-05-31,TSS,0.5734896150000001,,,,,,32.0,,,,,,,2019-05,WICKETT & CRAIG OF AMERICA
PA0208779,PA,tannery,2019-06-30,BOD,0.53374281,,,,,,16.0,,,,,,,2019-06,WICKETT & CRAIG OF AMERICA
PA0208779,PA,tannery,2019-06-30,Cr,0.53374281,,,,,,0.005,,,,,,,2019-06,WICKETT & CRAIG OF AMERICA
PA0208779,PA,tannery,2019-06-30,TDS,0.53374281,,,,,,4000.0,,,,,,,2019-06,WICKETT & CRAIG OF AMERICA
PA0208779,PA,tannery,2019-06-30,TSS,0.53374281,,,,,,17.0,,,,,,,2019-06,WICKETT & CRAIG OF AMERICA
PA0208779,PA,tannery,2019-07-31,BOD,0.46560543,,,,,,31.0,,,,,,,2019-07,WICKETT & CRAIG OF AMERICA
PA0208779,PA,tannery,2019-07-31,TSS,0.46560543,,,,,,46.0,,,,,,,2019-07,WICKETT & CRAIG OF AMERICA
PA0208779,PA,tannery,2019-08-31,BOD,0.5148157600000001,,,,,,10.0,,,,,,,2019-08,WICKETT & CRAIG OF AMERICA
PA0208779,PA,tannery,2019-08-31,TSS,0.5148157600000001,,,,,,19.0,,,,,,,2019-08,WICKETT & CRAIG OF AMERICA
PA0208779,PA,tannery,2019-09-30,BOD,0.49967412000000005,,,,,,6.0,,,,,,,2019-09,WICKETT & CRAIG OF AMERICA
PA0208779,PA,tannery,2019-09-30,Cr,0.49967412000000005,,,,,,0.0,,,,,0.005,,2019-09,WICKETT & CRAIG OF AMERICA
PA0208779,PA,tannery,2019-09-30,TDS,0.49967412000000005,,,,,,4276.0,,,,,,,2019-09,WICKETT & CRAIG OF AMERICA
PA0208779,PA,tannery,2019-09-30,TSS,0.49967412000000005,,,,,,30.0,,,,,,,2019-09,WICKETT & CRAIG OF AMERICA
PA0208779,PA,tannery,2019-10-31,BOD,0.53752822,,,,,,4.0,,,,,,,2019-10,WICKETT & CRAIG OF AMERICA
PA0208779,PA,tannery,2019-10-31,TSS,0.53752822,,,,,,25.0,,,,,,,2019-10,WICKETT & CRAIG OF AMERICA
PA0208779,PA,tannery,2019-11-30,BOD,0.505352235,,,,,,5.0,,,,,,,2019-11,WICKETT & CRAIG OF AMERICA
PA0208779,PA,tannery,2019-11-30,TSS,0.505352235,,,,,,25.0,,,,,,,2019-11,WICKETT & CRAIG OF AMERICA
PA0208779,PA,tannery,2019-12-31,BOD,0.41260969000000003,,,,,,4.0,,,,,,,2019-12,WICKETT & CRAIG OF AMERICA
PA0208779,PA,tannery,2019-12-31,Cr,0.41260969000000003,,,,,,0.008,,,,,,,2019-12,WICKETT & CRAIG OF AMERICA
PA0208779,PA,tannery,2019-12-31,Fe,0.41260969000000003,,,,,,0.05,,,,,,,2019-12,WICKETT & CRAIG OF AMERICA
PA0208779,PA,tannery,2019-12-31,TDS,0.41260969000000003,,,,,,3836.0,,,,,,,2019-12,WICKETT & CRAIG OF AMERICA
PA0208779,PA,tannery,2019-12-31,TSS,0.41260969000000003,,,,,,24.0,,,,,,,2019-12,WICKETT & CRAIG OF AMERICA
PA0208779,PA,tannery,2020-01-31,BOD,0.46182002,,,,,,5.0,,,,,,,2020-01,WICKETT & CRAIG OF AMERICA
PA0208779,PA,tannery,2020-01-31,TSS,0.46182002,,,,,,26.0,,,,,,,2020-01,WICKETT & CRAIG OF AMERICA
PA0208779,PA,tannery,2020-02-29,BOD,0.535635515,,,,,,0.0,,,,,4.0,,2020-02,WICKETT & CRAIG OF AMERICA
PA0208779,PA,tannery,2020-02-29,TSS,0.535635515,,,,,,19.0,,,,,,,2020-02,WICKETT & CRAIG OF AMERICA
PA0208779,PA,tannery,2020-03-31,BOD,0.493996005,,,,,,0.0,,,,,6.0,,2020-03,WICKETT & CRAIG OF AMERICA
PA0208779,PA,tannery,2020-03-31,Cr,0.493996005,,,,,,0.0,,,,,0.005,,2020-03,WICKETT & CRAIG OF AMERICA
PA0208779,PA,tannery,2020-03-31,TDS,0.493996005,,,,,,4444.0,,,,,,,2020-03,WICKETT & CRAIG OF AMERICA
PA0208779,PA,tannery,2020-03-31,TSS,0.493996005,,,,,,30.0,,,,,,,2020-03,WICKETT & CRAIG OF AMERICA
PA0208779,PA,tannery,2020-04-30,BOD,0.24037353500000003,,,,,,6.0,,,,,,,2020-04,WICKETT & CRAIG OF AMERICA
PA0208779,PA,tannery,2020-04-30,TSS,0.24037353500000003,,,,,,51.0,,,,,,,2020-04,WICKETT & CRAIG OF AMERICA
PA0208779,PA,tannery,2020-05-31,BOD,0.391789935,,,,,,3.9,,,,,,,2020-05,WICKETT & CRAIG OF AMERICA
PA0208779,PA,tannery,2020-05-31,TSS,0.391789935,,,,,,19.0,,,,,,,2020-05,WICKETT & CRAIG OF AMERICA
PA0208779,PA,tannery,2020-06-30,BOD,0.5299574,,,,,,0.0,,,,,4.0,,2020-06,WICKETT & CRAIG OF AMERICA
PA0208779,PA,tannery,2020-06-30,Cr,0.5299574,,,,,,0.0,,,,,0.005,,2020-06,WICKETT & CRAIG OF AMERICA
PA0208779,PA,tannery,2020-06-30,TDS,0.5299574,,,,,,2232.0,,,,,,,2020-06,WICKETT & CRAIG OF AMERICA
PA0208779,PA,tannery,2020-06-30,TSS,0.5299574,,,,,,17.0,,,,,,,2020-06,WICKETT & CRAIG OF AMERICA
PA0208779,PA,tannery,2020-07-31,BOD,0.48453248000000004,,,,,,0.0,,,,,4.1,,2020-07,WICKETT & CRAIG OF AMERICA
PA0208779,PA,tannery,2020-07-31,TSS,0.48453248000000004,,,,,,18.0,,,,,,,2020-07,WICKETT & CRAIG OF AMERICA
PA0208779,PA,tannery,2020-08-31,BOD,0.48453248000000004,,,,,,6.0,,,,,,,2020-08,WICKETT & CRAIG OF AMERICA
PA0208779,PA,tannery,2020-08-31,TSS,0.48453248000000004,,,,,,16.0,,,,,,,2020-08,WICKETT & CRAIG OF AMERICA
PA0208779,PA,tannery,2020-09-30,BOD,0.42585862500000005,,,,,,13.0,,,,,,,2020-09,WICKETT & CRAIG OF AMERICA
PA0208779,PA,tannery,2020-09-30,Cr,0.42585862500000005,,,,,,0.0,,,,,0.005,,2020-09,WICKETT & CRAIG OF AMERICA
PA0208779,PA,tannery,2020-09-30,TDS,0.42585862500000005,,,,,,3900.0,,,,,,,2020-09,WICKETT & CRAIG OF AMERICA
PA0208779,PA,tannery,2020-09-30,TSS,0.42585862500000005,,,,,,26.0,,,,,,,2020-09,WICKETT & CRAIG OF AMERICA
PA0208779,PA,tannery,2020-10-31,BOD,0.58295314,,,,,,0.0,,,,,22.0,,2020-10,WICKETT & CRAIG OF AMERICA
PA0208779,PA,tannery,2020-10-31,TSS,0.58295314,,,,,,21.0,,,,,,,2020-10,WICKETT & CRAIG OF AMERICA
PA0208779,PA,tannery,2020-11-30,BOD,0.5640260900000001,,,,,,0.0,,,,,3.1,,2020-11,WICKETT & CRAIG OF AMERICA
PA0208779,PA,tannery,2020-11-30,TSS,0.5640260900000001,,,,,,20.0,,,,,,,2020-11,WICKETT & CRAIG OF AMERICA
PA0208779,PA,tannery,2020-12-31,BOD,0.5110303500000001,,,,,,0.0,,,,,5.0,,2020-12,WICKETT & CRAIG OF AMERICA
PA0208779,PA,tannery,2020-12-31,Cr,0.5110303500000001,,,,,,0.0,,,,,0.005,,2020-12,WICKETT & CRAIG OF AMERICA
PA0208779,PA,tannery,2020-12-31,Fe,0.5110303500000001,,,,,,0.0,,,,,0.05,,2020-12,WICKETT & CRAIG OF AMERICA
PA0208779,PA,tannery,2020-12-31,TDS,0.5110303500000001,,,,,,3416.0,,,,,,,2020-12,WICKETT & CRAIG OF AMERICA
PA0208779,PA,tannery,2020-12-31,TSS,0.5110303500000001,,,,,,23.0,,,,,,,2020-12,WICKETT & CRAIG OF AMERICA
PA0208779,PA,tannery,2021-01-31,BOD,0.49967412000000005,,,,,,0.0,,,,,5.6,,2021-01,WICKETT & CRAIG OF AMERICA
PA0208779,PA,tannery,2021-01-31,TSS,0.49967412000000005,,,,,,15.0,,,,,,,2021-01,WICKETT & CRAIG OF AMERICA
PA0208779,PA,tannery,2021-02-28,BOD,0.569704205,,,,,,4.0,,,,,,,2021-02,WICKETT & CRAIG OF AMERICA
PA0208779,PA,tannery,2021-02-28,TSS,0.569704205,,,,,,25.0,,,,,,,2021-02,WICKETT & CRAIG OF AMERICA
PA0208779,PA,tannery,2021-03-31,BOD,0.55266986,,,,,,0.0,,,,,4.27,,2021-03,WICKETT & CRAIG OF AMERICA
PA0208779,PA,tannery,2021-03-31,Cr,0.55266986,,,,,,0.007,,,,,,,2021-03,WICKETT & CRAIG OF AMERICA
PA0208779,PA,tannery,2021-03-31,TDS,0.55266986,,,,,,4104.0,,,,,,,2021-03,WICKETT & CRAIG OF AMERICA
PA0208779,PA,tannery,2021-03-31,TSS,0.55266986,,,,,,19.4,,,,,,,2021-03,WICKETT & CRAIG OF AMERICA
PA0208779,PA,tannery,2021-04-30,BOD,0.5432063349999999,,,,,,0.0,,,,,17.82,,2021-04,WICKETT & CRAIG OF AMERICA
PA0208779,PA,tannery,2021-04-30,TSS,0.5432063349999999,,,,,,22.7,,,,,,,2021-04,WICKETT & CRAIG OF AMERICA
PA0208779,PA,tannery,2021-05-31,BOD,0.546991745,,,,,,0.0,,,,,4.51,,2021-05,WICKETT & CRAIG OF AMERICA
PA0208779,PA,tannery,2021-05-31,TSS,0.546991745,,,,,,16.7,,,,,,,2021-05,WICKETT & CRAIG OF AMERICA
PA0208779,PA,tannery,2021-06-30,BOD,0.550777155,,,,,,0.0,,,,,22.2,,2021-06,WICKETT & CRAIG OF AMERICA
PA0208779,PA,tannery,2021-06-30,Cr,0.550777155,,,,,,0.0,,,,,0.005,,2021-06,WICKETT & CRAIG OF AMERICA
PA0208779,PA,tannery,2021-06-30,TDS,0.550777155,,,,,,2260.0,,,,,,,2021-06,WICKETT & CRAIG OF AMERICA
PA0208779,PA,tannery,2021-06-30,TSS,0.550777155,,,,,,21.0,,,,,,,2021-06,WICKETT & CRAIG OF AMERICA
PA0208779,PA,tannery,2021-07-31,BOD,0.475068955,,,,,,7.44,,,,,,,2021-07,WICKETT & CRAIG OF AMERICA
PA0208779,PA,tannery,2021-07-31,TSS,0.475068955,,,,,,25.0,,,,,,,2021-07,WICKETT & CRAIG OF AMERICA
PA0208779,PA,tannery,2021-08-31,BOD,0.6132364199999999,,,,,,0.0,,,,,3.7,,2021-08,WICKETT & CRAIG OF AMERICA
PA0208779,PA,tannery,2021-08-31,TSS,0.6132364199999999,,,,,,20.0,,,,,,,2021-08,WICKETT & CRAIG OF AMERICA
PA0208779,PA,tannery,2021-09-30,BOD,0.558347975,,,,,,5.26,,,,,,,2021-09,WICKETT & CRAIG OF AMERICA
PA0208779,PA,tannery,2021-09-30,Cr,0.558347975,,,,,,0.0,,,,,0.005,,2021-09,WICKETT & CRAIG OF AMERICA
PA0208779,PA,tannery,2021-09-30,TDS,0.558347975,,,,,,3940.0,,,,,,,2021-09,WICKETT & CRAIG OF AMERICA
PA0208779,PA,tannery,2021-09-30,TSS,0.558347975,,,,,,19.7,,,,,,,2021-09,WICKETT & CRAIG OF AMERICA
PA0208779,PA,tannery,2021-10-31,BOD,0.599987485,,,,,,0.0,,,,,4.18,,2021-10,WICKETT & CRAIG OF AMERICA
PA0208779,PA,tannery,2021-10-31,TSS,0.599987485,,,,,,17.0,,,,,,,2021-10,WICKETT & CRAIG OF AMERICA
PA0208779,PA,tannery,2021-11-30,BOD,0.5507771550000001,,,,,,16.06,,,,,,,2021-11,WICKETT & CRAIG OF AMERICA
PA0208779,PA,tannery,2021-11-30,TSS,0.5507771550000001,,,,,,30.0,,,,,,,2021-11,WICKETT & CRAIG OF AMERICA
PA0208779,PA,tannery,2021-12-31,BOD,0.509137645,,,,,,4.57,,,,,,,2021-12,WICKETT & CRAIG OF AMERICA
PA0208779,PA,tannery,2021-12-31,Cr,0.509137645,,,,,,0.0,,,,,0.025,,2021-12,WICKETT & CRAIG OF AMERICA
PA0208779,PA,tannery,2021-12-31,Fe,0.509137645,,,,,,0.0,,,,,0.05,,2021-12,WICKETT & CRAIG OF AMERICA
PA0208779,PA,tannery,2021-12-31,TDS,0.509137645,,,,,,4920.0,,,,,,,2021-12,WICKETT & CRAIG OF AMERICA
PA0208779,PA,tannery,2021-12-31,TSS,0.509137645,,,,,,23.3,,,,,,,2021-12,WICKETT & CRAIG OF AMERICA
PA0208779,PA,tannery,2022-01-31,BOD,0.5186011700000001,,,,,,0.0,,,,,38.45,,2022-01,WICKETT & CRAIG OF AMERICA
PA0208779,PA,tannery,2022-01-31,TSS,0.5186011700000001,,,,,,19.8,,,,,,,2022-01,WICKETT & CRAIG OF AMERICA
PA0208779,PA,tannery,2022-02-28,BOD,0.562133385,,,,,,23.83,,,,,,,2022-02,WICKETT & CRAIG OF AMERICA
PA0208779,PA,tannery,2022-02-28,TSS,0.562133385,,,,,,28.9,,,,,,,2022-02,WICKETT & CRAIG OF AMERICA
PA0208779,PA,tannery,2022-03-31,BOD,0.57159691,,,,,,4.36,,,,,,,2022-03,WICKETT & CRAIG OF AMERICA
PA0208779,PA,tannery,2022-03-31,Cr,0.57159691,,,,,,0.0,,,,,0.005,,2022-03,WICKETT & CRAIG OF AMERICA
PA0208779,PA,tannery,2022-03-31,TDS,0.57159691,,,,,,10200.0,,,,,,,2022-03,WICKETT & CRAIG OF AMERICA
PA0208779,PA,tannery,2022-03-31,TSS,0.57159691,,,,,,18.2,,,,,,,2022-03,WICKETT & CRAIG OF AMERICA
PA0208779,PA,tannery,2022-04-30,BOD,0.48074707000000005,,,,,,3.99,,,,,,,2022-04,WICKETT & CRAIG OF AMERICA
PA0208779,PA,tannery,2022-04-30,TSS,0.48074707000000005,,,,,,16.6,,,,,,,2022-04,WICKETT & CRAIG OF AMERICA
PA0208779,PA,tannery,2022-05-31,BOD,0.577275025,,,,,,0.0,,,,,3.7,,2022-05,WICKETT & CRAIG OF AMERICA
PA0208779,PA,tannery,2022-05-31,TDS,0.577275025,,,,,,4090.0,,,,,,,2022-05,WICKETT & CRAIG OF AMERICA
PA0208779,PA,tannery,2022-05-31,TSS,0.577275025,,,,,,19.0,,,,,,,2022-05,WICKETT & CRAIG OF AMERICA
PA0208779,PA,tannery,2022-06-30,BOD,0.490210595,,,,,,3.59,,,,,,,2022-06,WICKETT & CRAIG OF AMERICA
PA0208779,PA,tannery,2022-06-30,TDS,0.490210595,,,,,,4360.0,,,,,,,2022-06,WICKETT & CRAIG OF AMERICA
PA0208779,PA,tannery,2022-06-30,TSS,0.490210595,,,,,,21.6,,,,,,,2022-06,WICKETT & CRAIG OF AMERICA
PA0208779,PA,tannery,2022-07-31,BOD,1.69207827,,,,,,0.0,,,,,2.34,,2022-07,WICKETT & CRAIG OF AMERICA
PA0208779,PA,tannery,2022-07-31,TDS,1.69207827,,,,,,2520.0,,,,,,,2022-07,WICKETT & CRAIG OF AMERICA
PA0208779,PA,tannery,2022-07-31,TSS,1.69207827,,,,,,28.0,,,,,,,2022-07,WICKETT & CRAIG OF AMERICA
PA0208779,PA,tannery,2022-08-31,BOD,0.5734896150000001,,,,,,0.0,,,,,2.41,,2022-08,WICKETT & CRAIG OF AMERICA
PA0208779,PA,tannery,2022-08-31,TDS,0.5734896150000001,,,,,,3530.0,,,,,,,2022-08,WICKETT & CRAIG OF AMERICA
PA0208779,PA,tannery,2022-08-31,TSS,0.5734896150000001,,,,,,20.1,,,,,,,2022-08,WICKETT & CRAIG OF AMERICA
PA0208779,PA,tannery,2022-09-30,BOD,0.57159691,,,,,,0.0,,,,,3.06,,2022-09,WICKETT & CRAIG OF AMERICA
PA0208779,PA,tannery,2022-09-30,TDS,0.57159691,,,,,,2980.0,,,,,,,2022-09,WICKETT & CRAIG OF AMERICA
PA0208779,PA,tannery,2022-09-30,TSS,0.57159691,,,,,,21.0,,,,,,,2022-09,WICKETT & CRAIG OF AMERICA
PA0208779,PA,tannery,2022-10-31,BOD,0.52617199,,,,,,0.0,,,,,2.88,,2022-10,WICKETT & CRAIG OF AMERICA
PA0208779,PA,tannery,2022-10-31,TDS,0.52617199,,,,,,3210.0,,,,,,,2022-10,WICKETT & CRAIG OF AMERICA
PA0208779,PA,tannery,2022-10-31,TSS,0.52617199,,,,,,25.0,,,,,,,2022-10,WICKETT & CRAIG OF AMERICA
PA0208779,PA,tannery,2022-11-30,BOD,0.5564552700000001,,,,,,3.94,,,,,,,2022-11,WICKETT & CRAIG OF AMERICA
PA0208779,PA,tannery,2022-11-30,TDS,0.5564552700000001,,,,,,3700.0,,,,,,,2022-11,WICKETT & CRAIG OF AMERICA
PA0208779,PA,tannery,2022-11-30,TSS,0.5564552700000001,,,,,,30.0,,,,,,,2022-11,WICKETT & CRAIG OF AMERICA
PA0208779,PA,tannery,2022-12-31,BOD,0.501566825,,,,,,0.0,,,,,4.36,,2022-12,WICKETT & CRAIG OF AMERICA
PA0208779,PA,tannery,2022-12-31,TDS,0.501566825,,,,,,3020.0,,,,,,,2022-12,WICKETT & CRAIG OF AMERICA
PA0208779,PA,tannery,2022-12-31,TSS,0.501566825,,,,,,25.0,,,,,,,2022-12,WICKETT & CRAIG OF AMERICA
PA0208779,PA,tannery,2023-01-31,BOD,0.558347975,,,,,,0.0,,,,,2.83,,2023-01,WICKETT & CRAIG OF AMERICA
PA0208779,PA,tannery,2023-01-31,TDS,0.558347975,,,,,,2930.0,,,,,,,2023-01,WICKETT & CRAIG OF AMERICA
PA0208779,PA,tannery,2023-01-31,TSS,0.558347975,,,,,,22.0,,,,,,,2023-01,WICKETT & CRAIG OF AMERICA
PA0208779,PA,tannery,2023-02-28,BOD,0.546991745,,,,,,3.66,,,,,,,2023-02,WICKETT & CRAIG OF AMERICA
PA0208779,PA,tannery,2023-02-28,TDS,0.546991745,,,,,,4000.0,,,,,,,2023-02,WICKETT & CRAIG OF AMERICA
PA0208779,PA,tannery,2023-02-28,TSS,0.546991745,,,,,,28.0,,,,,,,2023-02,WICKETT & CRAIG OF AMERICA
PA0208779,PA,tannery,2023-03-31,BOD,0.53374281,,,,,,3.47,,,,,,,2023-03,WICKETT & CRAIG OF AMERICA
PA0208779,PA,tannery,2023-03-31,TDS,0.53374281,,,,,,3250.0,,,,,,,2023-03,WICKETT & CRAIG OF AMERICA
PA0208779,PA,tannery,2023-03-31,TSS,0.53374281,,,,,,22.0,,,,,,,2023-03,WICKETT & CRAIG OF AMERICA
PA0208779,PA,tannery,2023-04-30,BOD,0.5507771550000001,,,,,,0.0,,,,,2.82,,2023-04,WICKETT & CRAIG OF AMERICA
PA0208779,PA,tannery,2023-04-30,TDS,0.5507771550000001,,,,,,3670.0,,,,,,,2023-04,WICKETT & CRAIG OF AMERICA
PA0208779,PA,tannery,2023-04-30,TSS,0.5507771550000001,,,,,,21.0,,,,,,,2023-04,WICKETT & CRAIG OF AMERICA
PA0208779,PA,tannery,2023-05-31,BOD,0.558347975,,,,,,0.0,,,,,2.28,,2023-05,WICKETT & CRAIG OF AMERICA
PA0208779,PA,tannery,2023-05-31,TDS,0.558347975,,,,,,3250.0,,,,,,,2023-05,WICKETT & CRAIG OF AMERICA
PA0208779,PA,tannery,2023-05-31,TSS,0.558347975,,,,,,22.0,,,,,,,2023-05,WICKETT & CRAIG OF AMERICA
PA0208779,PA,tannery,2023-06-30,BOD,0.48074707000000005,,,,,,4.17,,,,,,,2023-06,WICKETT & CRAIG OF AMERICA
PA0208779,PA,tannery,2023-06-30,TDS,0.48074707000000005,,,,,,3590.0,,,,,,,2023-06,WICKETT & CRAIG OF AMERICA
PA0208779,PA,tannery,2023-06-30,TSS,0.48074707000000005,,,,,,27.0,,,,,,,2023-06,WICKETT & CRAIG OF AMERICA
PA0208779,PA,tannery,2023-07-31,BOD,0.422073215,,,,,,0.0,,,,,2.3,,2023-07,WICKETT & CRAIG OF AMERICA
PA0208779,PA,tannery,2023-07-31,TDS,0.422073215,,,,,,3590.0,,,,,,,2023-07,WICKETT & CRAIG OF AMERICA
PA0208779,PA,tannery,2023-07-31,TSS,0.422073215,,,,,,18.0,,,,,,,2023-07,WICKETT & CRAIG OF AMERICA
PA0208779,PA,tannery,2023-08-31,BOD,0.46749813500000004,,,,,,0.0,,,,,2.4,,2023-08,WICKETT & CRAIG OF AMERICA
PA0208779,PA,tannery,2023-08-31,TDS,0.46749813500000004,,,,,,3670.0,,,,,,,2023-08,WICKETT & CRAIG OF AMERICA
PA0208779,PA,tannery,2023-08-31,TSS,0.46749813500000004,,,,,,27.0,,,,,,,2023-08,WICKETT & CRAIG OF AMERICA
PA0208779,PA,tannery,2023-09-30,BOD,0.42207321499999995,,,,,,0.0,,,,,2.18,,2023-09,WICKETT & CRAIG OF AMERICA
PA0208779,PA,tannery,2023-09-30,TDS,0.42207321499999995,,,,,,3470.0,,,,,,,2023-09,WICKETT & CRAIG OF AMERICA
PA0208779,PA,tannery,2023-09-30,TSS,0.42207321499999995,,,,,,25.0,,,,,,,2023-09,WICKETT & CRAIG OF AMERICA
PA0208779,PA,tannery,2023-10-31,BOD,0.4542492,,,,,,0.0,,,,,2.4,,2023-10,WICKETT & CRAIG OF AMERICA
PA0208779,PA,tannery,2023-10-31,TDS,0.4542492,,,,,,4360.0,,,,,,,2023-10,WICKETT & CRAIG OF AMERICA
PA0208779,PA,tannery,2023-10-31,TSS,0.4542492,,,,,,25.0,,,,,,,2023-10,WICKETT & CRAIG OF AMERICA
PA0208779,PA,tannery,2023-11-30,BOD,0.441000265,,,,,,3.54,,,,,,,2023-11,WICKETT & CRAIG OF AMERICA
PA0208779,PA,tannery,2023-11-30,TDS,0.441000265,,,,,,3120.0,,,,,,,2023-11,WICKETT & CRAIG OF AMERICA
PA0208779,PA,tannery,2023-11-30,TSS,0.441000265,,,,,,27.0,,,,,,,2023-11,WICKETT & CRAIG OF AMERICA
PA0208779,PA,tannery,2023-12-31,BOD,0.4542492,,,,,,0.0,,,,,2.19,,2023-12,WICKETT & CRAIG OF AMERICA
PA0208779,PA,tannery,2023-12-31,TDS,0.4542492,,,,,,3140.0,,,,,,,2023-12,WICKETT & CRAIG OF AMERICA
PA0208779,PA,tannery,2023-12-31,TSS,0.4542492,,,,,,29.0,,,,,,,2023-12,WICKETT & CRAIG OF AMERICA
PA0208779,PA,tannery,2024-01-31,BOD,0.5186011700000001,,,,,,0.0,,,,,2.9,,2024-01,WICKETT & CRAIG OF AMERICA
PA0208779,PA,tannery,2024-01-31,TDS,0.5186011700000001,,,,,,3400.0,,,,,,,2024-01,WICKETT & CRAIG OF AMERICA
PA0208779,PA,tannery,2024-01-31,TSS,0.5186011700000001,,,,,,27.0,,,,,,,2024-01,WICKETT & CRAIG OF AMERICA
PA0208779,PA,tannery,2024-02-29,BOD,0.584845845,,,,,,3.21,,,,,,,2024-02,WICKETT & CRAIG OF AMERICA
PA0208779,PA,tannery,2024-02-29,TDS,0.584845845,,,,,,3540.0,,,,,,,2024-02,WICKETT & CRAIG OF AMERICA
PA0208779,PA,tannery,2024-02-29,TSS,0.584845845,,,,,,23.0,,,,,,,2024-02,WICKETT & CRAIG OF AMERICA
PA0208779,PA,tannery,2024-03-31,BOD,0.56024068,,,,,,0.0,,,,,2.93,,2024-03,WICKETT & CRAIG OF AMERICA
PA0208779,PA,tannery,2024-03-31,TDS,0.56024068,,,,,,3720.0,,,,,,,2024-03,WICKETT & CRAIG OF AMERICA
PA0208779,PA,tannery,2024-03-31,TSS,0.56024068,,,,,,27.0,,,,,,,2024-03,WICKETT & CRAIG OF AMERICA
PA0208779,PA,tannery,2024-04-30,BOD,0.49778141500000006,,,,,,0.0,,,,,2.26,,2024-04,WICKETT & CRAIG OF AMERICA
PA0208779,PA,tannery,2024-04-30,TDS,0.49778141500000006,,,,,,3260.0,,,,,,,2024-04,WICKETT & CRAIG OF AMERICA
PA0208779,PA,tannery,2024-04-30,TSS,0.49778141500000006,,,,,,28.0,,,,,,,2024-04,WICKETT & CRAIG OF AMERICA
PA0208779,PA,tannery,2024-05-31,BOD,0.48831789000000003,,,,,,0.0,,,,,2.92,,2024-05,WICKETT & CRAIG OF AMERICA
PA0208779,PA,tannery,2024-05-31,TDS,0.48831789000000003,,,,,,3440.0,,,,,,,2024-05,WICKETT & CRAIG OF AMERICA
PA0208779,PA,tannery,2024-05-31,TSS,0.48831789000000003,,,,,,29.0,,,,,,,2024-05,WICKETT & CRAIG OF AMERICA
PA0208779,PA,tannery,2024-06-30,BOD,0.42964403500000004,,,,,,2.89,,,,,,,2024-06,WICKETT & CRAIG OF AMERICA
PA0208779,PA,tannery,2024-06-30,TDS,0.42964403500000004,,,,,,3920.0,,,,,,,2024-06,WICKETT & CRAIG OF AMERICA
PA0208779,PA,tannery,2024-06-30,TSS,0.42964403500000004,,,,,,31.0,,,,,,,2024-06,WICKETT & CRAIG OF AMERICA
PA0208779,PA,tannery,2024-07-31,BOD,0.26876411,,,,,,4.71,,,,,,,2024-07,WICKETT & CRAIG OF AMERICA
PA0208779,PA,tannery,2024-07-31,TDS,0.26876411,,,,,,2510.0,,,,,,,2024-07,WICKETT & CRAIG OF AMERICA
PA0208779,PA,tannery,2024-07-31,TSS,0.26876411,,,,,,80.0,,,,,,,2024-07,WICKETT & CRAIG OF AMERICA
PA0208779,PA,tannery,2024-08-31,BOD,0.41828780499999996,,,,,,0.0,,,,,2.14,,2024-08,WICKETT & CRAIG OF AMERICA
PA0208779,PA,tannery,2024-08-31,TDS,0.41828780499999996,,,,,,397.0,,,,,,,2024-08,WICKETT & CRAIG OF AMERICA
PA0208779,PA,tannery,2024-08-31,TSS,0.41828780499999996,,,,,,45.0,,,,,,,2024-08,WICKETT & CRAIG OF AMERICA
PA0208779,PA,tannery,2024-09-30,BOD,0.44667838,,,,,,0.0,,,,,2.81,,2024-09,WICKETT & CRAIG OF AMERICA
PA0208779,PA,tannery,2024-09-30,TDS,0.44667838,,,,,,3820.0,,,,,,,2024-09,WICKETT & CRAIG OF AMERICA
PA0208779,PA,tannery,2024-09-30,TSS,0.44667838,,,,,,52.0,,,,,,,2024-09,WICKETT & CRAIG OF AMERICA
PA0208779,PA,tannery,2024-10-31,BOD,0.441000265,,,,,,0.0,,,,,2.41,,2024-10,WICKETT & CRAIG OF AMERICA
PA0208779,PA,tannery,2024-10-31,TDS,0.441000265,,,,,,4180.0,,,,,,,2024-10,WICKETT & CRAIG OF AMERICA
PA0208779,PA,tannery,2024-10-31,TSS,0.441000265,,,,,,36.0,,,,,,,2024-10,WICKETT & CRAIG OF AMERICA
PA0208779,PA,tannery,2024-11-30,BOD,0.39368264,,,,,,2.93,,,,,,,2024-11,WICKETT & CRAIG OF AMERICA
PA0208779,PA,tannery,2024-11-30,TDS,0.39368264,,,,,,3620.0,,,,,,,2024-11,WICKETT & CRAIG OF AMERICA
PA0208779,PA,tannery,2024-11-30,TSS,0.39368264,,,,,,36.0,,,,,,,2024-11,WICKETT & CRAIG OF AMERICA
PA0208779,PA,tannery,2024-12-31,BOD,0.44478567500000005,,,,,,0.0,,,,,2.72,,2024-12,WICKETT & CRAIG OF AMERICA
PA0208779,PA,tannery,2024-12-31,TDS,0.44478567500000005,,,,,,2770.0,,,,,,,2024-12,WICKETT & CRAIG OF AMERICA
PA0208779,PA,tannery,2024-12-31,TSS,0.44478567500000005,,,,,,26.0,,,,,,,2024-12,WICKETT & CRAIG OF AMERICA
RI0000191,RI,textile,2019-01-31,Cd,1.3501295666666666,,,,,,0.0,,,,,,0.0019,2019-01,"KENYON INDUSTRIES, INC"
RI0000191,RI,textile,2019-01-31,Cr,1.3501295666666666,,,,,,0.13900001,,,,,,0.23300001,2019-01,"KENYON INDUSTRIES, INC"
RI0000191,RI,textile,2019-01-31,Cu,1.3501295666666666,,,,,,0.13500001,,,,,,0.34800002,2019-01,"KENYON INDUSTRIES, INC"
RI0000191,RI,textile,2019-01-31,Pb,1.3501295666666666,,,,,,0.0,,,,,,0.0116,2019-01,"KENYON INDUSTRIES, INC"
RI0000191,RI,textile,2019-02-28,Cd,1.1974513633333335,,,,,,0.0,,,,,,0.0019,2019-02,"KENYON INDUSTRIES, INC"
RI0000191,RI,textile,2019-02-28,Cr,1.1974513633333335,,,,,,0.12000001,,,,,,0.23300001,2019-02,"KENYON INDUSTRIES, INC"
RI0000191,RI,textile,2019-02-28,Cu,1.1974513633333335,,,,,,0.12000001,,,,,,0.34800002,2019-02,"KENYON INDUSTRIES, INC"
RI0000191,RI,textile,2019-02-28,Pb,1.1974513633333335,,,,,,0.0005,,,,,,0.0116,2019-02,"KENYON INDUSTRIES, INC"
RI0000191,RI,textile,2019-03-31,Cd,1.1318375900000002,,,,,,0.0,,,,,,0.0019,2019-03,"KENYON INDUSTRIES, INC"
RI0000191,RI,textile,2019-03-31,Cr,1.1318375900000002,,,,,,0.12400001,,,,,,0.23300001,2019-03,"KENYON INDUSTRIES, INC"
RI0000191,RI,textile,2019-03-31,Cu,1.1318375900000002,,,,,,0.16600001,,,,,,0.34800002,2019-03,"KENYON INDUSTRIES, INC"
RI0000191,RI,textile,2019-03-31,Ni,1.1318375900000002,,,,,,0.06,,,,,,0.32000002,2019-03,"KENYON INDUSTRIES, INC"
RI0000191,RI,textile,2019-03-31,Pb,1.1318375900000002,,,,,,0.0,,,,,,0.0116,2019-03,"KENYON INDUSTRIES, INC"
RI0000191,RI,textile,2019-03-31,Zn,1.1318375900000002,,,,,,0.026,,,,,,0.73400003,2019-03,"KENYON INDUSTRIES, INC"
RI0000191,RI,textile,2019-04-30,Cd,1.3223698933333334,,,,,,0.0,,,,,,0.0019,2019-04,"KENYON INDUSTRIES, INC"
RI0000191,RI,textile,2019-04-30,Cr,1.3223698933333334,,,,,,0.13300001,,,,,,0.23300001,2019-04,"KENYON INDUSTRIES, INC"
RI0000191,RI,textile,2019-04-30,Cu,1.3223698933333334,,,,,,0.16300001,,,,,,0.34800002,2019-04,"KENYON INDUSTRIES, INC"
RI0000191,RI,textile,2019-04-30,Pb,1.3223698933333334,,,,,,0.0,,,,,,0.0116,2019-04,"KENYON INDUSTRIES, INC"
RI0000191,RI,textile,2019-05-31,Cd,1.2113312,,,,,,0.0,,,,,,0.0019,2019-05,"KENYON INDUSTRIES, INC"
RI0000191,RI,textile,2019-05-31,Cr,1.2113312,,,,,,0.12200001,,,,,,0.23300001,2019-05,"KENYON INDUSTRIES, INC"
RI0000191,RI,textile,2019-05-31,Cu,1.2113312,,,,,,0.13100001,,,,,,0.34800002,2019-05,"KENYON INDUSTRIES, INC"
RI0000191,RI,textile,2019-05-31,Pb,1.2113312,,,,,,0.0,,,,,,0.0116,2019-05,"KENYON INDUSTRIES, INC"
RI0000191,RI,textile,2019-06-30,Cd,1.0132280766666668,,,,,,0.0,,,,,,0.0019,2019-06,"KENYON INDUSTRIES, INC"
RI0000191,RI,textile,2019-06-30,Cr,1.0132280766666668,,,,,,0.13300001,,,,,,0.23300001,2019-06,"KENYON INDUSTRIES, INC"
RI0000191,RI,textile,2019-06-30,Cu,1.0132280766666668,,,,,,0.11800001,,,,,,0.34800002,2019-06,"KENYON INDUSTRIES, INC"
RI0000191,RI,textile,2019-06-30,Ni,1.0132280766666668,,,,,,0.004,,,,,,0.32000002,2019-06,"KENYON INDUSTRIES, INC"
RI0000191,RI,textile,2019-06-30,Pb,1.0132280766666668,,,,,,0.0,,,,,,0.0116,2019-06,"KENYON INDUSTRIES, INC"
RI0000191,RI,textile,2019-06-30,Zn,1.0132280766666668,,,,,,0.035,,,,,,0.73400003,2019-06,"KENYON INDUSTRIES, INC"
RI0000191,RI,textile,2019-07-31,Cd,1.1444556233333334,,,,,,0.0,,,,,,0.0019,2019-07,"KENYON INDUSTRIES, INC"
RI0000191,RI,textile,2019-07-31,Cr,1.1444556233333334,,,,,,0.11600001,,,,,,0.23300001,2019-07,"KENYON INDUSTRIES, INC"
RI0000191,RI,textile,2019-07-31,Cu,1.1444556233333334,,,,,,0.12200001,,,,,,0.34800002,2019-07,"KENYON INDUSTRIES, INC"
RI0000191,RI,textile,2019-07-31,Pb,1.1444556233333334,,,,,,0.0,,,,,,0.0116,2019-07,"KENYON INDUSTRIES, INC"
RI0000191,RI,textile,2019-08-31,Cd,1.0573911933333333,,,,,,0.0,,,,,,0.0019,2019-08,"KENYON INDUSTRIES, INC"
RI0000191,RI,textile,2019-08-31,Cr,1.0573911933333333,,,,,,0.18500001,,,,,,0.23300001,2019-08,"KENYON INDUSTRIES, INC"
RI0000191,RI,textile,2019-08-31,Cu,1.0573911933333333,,,,,,0.13400001,,,,,,0.34800002,2019-08,"KENYON INDUSTRIES, INC"
RI0000191,RI,textile,2019-08-31,Pb,1.0573911933333333,,,,,,0.0,,,,,,0.0116,2019-08,"KENYON INDUSTRIES, INC"
RI0000191,RI,textile,2019-09-30,Cd,1.0245843066666667,,,,,,0.0,,,,,,0.0019,2019-09,"KENYON INDUSTRIES, INC"
RI0000191,RI,textile,2019-09-30,Cr,1.0245843066666667,,,,,,0.14400001,,,,,,0.23300001,2019-09,"KENYON INDUSTRIES, INC"
RI0000191,RI,textile,2019-09-30,Cu,1.0245843066666667,,,,,,0.21700001,,,,,,0.34800002,2019-09,"KENYON INDUSTRIES, INC"
RI0000191,RI,textile,2019-09-30,Ni,1.0245843066666667,,,,,,0.007,,,,,,0.32000002,2019-09,"KENYON INDUSTRIES, INC"
RI0000191,RI,textile,2019-09-30,Pb,1.0245843066666667,,,,,,0.0005,,,,,,0.0116,2019-09,"KENYON INDUSTRIES, INC"
RI0000191,RI,textile,2019-09-30,Zn,1.0245843066666667,,,,,,0.048,,,,,,0.73400003,2019-09,"KENYON INDUSTRIES, INC"
RI0000191,RI,textile,2019-10-31,Cd,1.1520264433333334,,,,,,0.0,,,,,,0.0019,2019-10,"KENYON INDUSTRIES, INC"
RI0000191,RI,textile,2019-10-31,Cr,1.1520264433333334,,,,,,0.16400001,,,,,,0.23300001,2019-10,"KENYON INDUSTRIES, INC"
RI0000191,RI,textile,2019-10-31,Cu,1.1520264433333334,,,,,,0.12800001,,,,,,0.34800002,2019-10,"KENYON INDUSTRIES, INC"
RI0000191,RI,textile,2019-10-31,Pb,1.1520264433333334,,,,,,0.0,,,,,,0.0116,2019-10,"KENYON INDUSTRIES, INC"
RI0000191,RI,textile,2019-11-30,Cd,1.1394084100000001,,,,,,0.0,,,,,,0.0019,2019-11,"KENYON INDUSTRIES, INC"
RI0000191,RI,textile,2019-11-30,Cr,1.1394084100000001,,,,,,0.17600001,,,,,,0.23300001,2019-11,"KENYON INDUSTRIES, INC"
RI0000191,RI,textile,2019-11-30,Cu,1.1394084100000001,,,,,,0.15100001,,,,,,0.34800002,2019-11,"KENYON INDUSTRIES, INC"
RI0000191,RI,textile,2019-11-30,Pb,1.1394084100000001,,,,,,0.0005,,,,,,0.0116,2019-11,"KENYON INDUSTRIES, INC"
RI0000191,RI,textile,2019-12-31,Cd,1.2214256266666668,,,,,,0.0,,,,,,0.0019,2019-12,"KENYON INDUSTRIES, INC"
RI0000191,RI,textile,2019-12-31,Cr,1.2214256266666668,,,,,,0.20500001,,,,,,0.23300001,2019-12,"KENYON INDUSTRIES, INC"
RI0000191,RI,textile,2019-12-31,Cu,1.2214256266666668,,,,,,0.12700001,,,,,,0.34800002,2019-12,"KENYON INDUSTRIES, INC"
RI0000191,RI,textile,2019-12-31,Ni,1.2214256266666668,,,,,,0.005,,,,,,0.32000002,2019-12,"KENYON INDUSTRIES, INC"
RI0000191,RI,textile,2019-12-31,Pb,1.2214256266666668,,,,,,0.0005,,,,,,0.0116,2019-12,"KENYON INDUSTRIES, INC"
RI0000191,RI,textile,2019-12-31,Zn,1.2214256266666668,,,,,,0.024,,,,,,0.73400003,2019-12,"KENYON INDUSTRIES, INC"
RI0000191,RI,textile,2020-01-31,Cd,1.3589621900000002,,,,,,0.0,,,,,,0.0019,2020-01,"KENYON INDUSTRIES, INC"
RI0000191,RI,textile,2020-01-31,Cr,1.3589621900000002,,,,,,0.17750000999999999,,,,,,0.23300001,2020-01,"KENYON INDUSTRIES, INC"
RI0000191,RI,textile,2020-01-31,Cu,1.3589621900000002,,,,,,0.089,,,,,,0.34800002,2020-01,"KENYON INDUSTRIES, INC"
RI0000191,RI,textile,2020-01-31,Pb,1.3589621900000002,,,,,,0.0005,,,,,,0.0116,2020-01,"KENYON INDUSTRIES, INC"
RI0000191,RI,textile,2020-02-29,Cd,1.1040779166666668,,,,,,0.0,,,,,,0.0019,2020-02,"KENYON INDUSTRIES, INC"
RI0000191,RI,textile,2020-02-29,Cr,1.1040779166666668,,,,,,0.13300001,,,,,,0.23300001,2020-02,"KENYON INDUSTRIES, INC"
RI0000191,RI,textile,2020-02-29,Cu,1.1040779166666668,,,,,,0.14800001,,,,,,0.34800002,2020-02,"KENYON INDUSTRIES, INC"
RI0000191,RI,textile,2020-02-29,Pb,1.1040779166666668,,,,,,0.0003,,,,,,0.0116,2020-02,"KENYON INDUSTRIES, INC"
RI0000191,RI,textile,2020-03-31,Cd,1.16212087,,,,,,0.0,,,,,,0.0019,2020-03,"KENYON INDUSTRIES, INC"
RI0000191,RI,textile,2020-03-31,Cr,1.16212087,,,,,,0.082,,,,,,0.23300001,2020-03,"KENYON INDUSTRIES, INC"
RI0000191,RI,textile,2020-03-31,Cu,1.16212087,,,,,,0.17100001,,,,,,0.34800002,2020-03,"KENYON INDUSTRIES, INC"
RI0000191,RI,textile,2020-03-31,Ni,1.16212087,,,,,,0.006,,,,,,0.32000002,2020-03,"KENYON INDUSTRIES, INC"
RI0000191,RI,textile,2020-03-31,Pb,1.16212087,,,,,,0.001,,,,,,0.0116,2020-03,"KENYON INDUSTRIES, INC"
RI0000191,RI,textile,2020-03-31,Zn,1.16212087,,,,,,0.033,,,,,,0.73400003,2020-03,"KENYON INDUSTRIES, INC"
RI0000191,RI,textile,2020-04-30,Cd,1.0346787333333336,,,,,,0.0,,,,,,0.0019,2020-04,"KENYON INDUSTRIES, INC"
RI0000191,RI,textile,2020-04-30,Cr,1.0346787333333336,,,,,,0.09,,,,,,0.23300001,2020-04,"KENYON INDUSTRIES, INC"
RI0000191,RI,textile,2020-04-30,Cu,1.0346787333333336,,,,,,0.14900001,,,,,,0.34800002,2020-04,"KENYON INDUSTRIES, INC"
RI0000191,RI,textile,2020-04-30,Pb,1.0346787333333336,,,,,,0.0012,,,,,,0.0116,2020-04,"KENYON INDUSTRIES, INC"
RI0000191,RI,textile,2020-05-31,Cd,0.85928807,,,,,,0.0,,,,,,0.0019,2020-05,"KENYON INDUSTRIES, INC"
RI0000191,RI,textile,2020-05-31,Cr,0.85928807,,,,,,0.092,,,,,,0.23300001,2020-05,"KENYON INDUSTRIES, INC"
RI0000191,RI,textile,2020-05-31,Cu,0.85928807,,,,,,0.12000001,,,,,,0.34800002,2020-05,"KENYON INDUSTRIES, INC"
RI0000191,RI,textile,2020-05-31,Pb,0.85928807,,,,,,0.001,,,,,,0.0116,2020-05,"KENYON INDUSTRIES, INC"
RI0000191,RI,textile,2020-06-30,Cd,0.9791593866666667,,,,,,0.0,,,,,,0.0019,2020-06,"KENYON INDUSTRIES, INC"
RI0000191,RI,textile,2020-06-30,Cr,0.9791593866666667,,,,,,0.103,,,,,,0.23300001,2020-06,"KENYON INDUSTRIES, INC"
RI0000191,RI,textile,2020-06-30,Cu,0.9791593866666667,,,,,,0.13700001,,,,,,0.34800002,2020-06,"KENYON INDUSTRIES, INC"
RI0000191,RI,textile,2020-06-30,Ni,0.9791593866666667,,,,,,0.006,,,,,,0.32000002,2020-06,"KENYON INDUSTRIES, INC"
RI0000191,RI,textile,2020-06-30,Pb,0.9791593866666667,,,,,,0.0013,,,,,,0.0116,2020-06,"KENYON INDUSTRIES, INC"
RI0000191,RI,textile,2020-06-30,Zn,0.9791593866666667,,,,,,0.078,,,,,,0.73400003,2020-06,"KENYON INDUSTRIES, INC"
RI0000191,RI,textile,2020-07-31,Cd,0.9892538133333335,,,,,,0.0,,,,,,0.0019,2020-07,"KENYON INDUSTRIES, INC"
RI0000191,RI,textile,2020-07-31,Cr,0.9892538133333335,,,,,,0.13900001,,,,,,0.23300001,2020-07,"KENYON INDUSTRIES, INC"
RI0000191,RI,textile,2020-07-31,Cu,0.9892538133333335,,,,,,0.11500001,,,,,,0.34800002,2020-07,"KENYON INDUSTRIES, INC"
RI0000191,RI,textile,2020-07-31,Pb,0.9892538133333335,,,,,,0.0017,,,,,,0.0116,2020-07,"KENYON INDUSTRIES, INC"
RI0000191,RI,textile,2020-08-31,Cd,0.93121086,,,,,,0.0,,,,,,0.0019,2020-08,"KENYON INDUSTRIES, INC"
RI0000191,RI,textile,2020-08-31,Cr,0.93121086,,,,,,0.18100001,,,,,,0.23300001,2020-08,"KENYON INDUSTRIES, INC"
RI0000191,RI,textile,2020-08-31,Cu,0.93121086,,,,,,0.14100001,,,,,,0.34800002,2020-08,"KENYON INDUSTRIES, INC"
RI0000191,RI,textile,2020-08-31,Pb,0.93121086,,,,,,0.001,,,,,,0.0116,2020-08,"KENYON INDUSTRIES, INC"
RI0000191,RI,textile,2020-09-30,Cd,0.9476143033333334,,,,,,0.0,,,,,,0.0019,2020-09,"KENYON INDUSTRIES, INC"
RI0000191,RI,textile,2020-09-30,Cr,0.9476143033333334,,,,,,0.103,,,,,,0.23300001,2020-09,"KENYON INDUSTRIES, INC"
RI0000191,RI,textile,2020-09-30,Cu,0.9476143033333334,,,,,,0.13700001,,,,,,0.34800002,2020-09,"KENYON INDUSTRIES, INC"
RI0000191,RI,textile,2020-09-30,Ni,0.9476143033333334,,,,,,0.006,,,,,,0.32000002,2020-09,"KENYON INDUSTRIES, INC"
RI0000191,RI,textile,2020-09-30,Pb,0.9476143033333334,,,,,,0.001,,,,,,0.0116,2020-09,"KENYON INDUSTRIES, INC"
RI0000191,RI,textile,2020-09-30,Zn,0.9476143033333334,,,,,,0.03,,,,,,0.73400003,2020-09,"KENYON INDUSTRIES, INC"
RI0000191,RI,textile,2020-10-31,Cd,0.9791593866666667,,,,,,0.0,,,,,,0.0019,2020-10,"KENYON INDUSTRIES, INC"
RI0000191,RI,textile,2020-10-31,Cr,0.9791593866666667,,,,,,0.14400001,,,,,,0.23300001,2020-10,"KENYON INDUSTRIES, INC"
RI0000191,RI,textile,2020-10-31,Cu,0.9791593866666667,,,,,,0.15000001,,,,,,0.34800002,2020-10,"KENYON INDUSTRIES, INC"
RI0000191,RI,textile,2020-10-31,Pb,0.9791593866666667,,,,,,0.002,,,,,,0.0116,2020-10,"KENYON INDUSTRIES, INC"
RI0000191,RI,textile,2020-11-30,Cd,1.00313365,,,,,,0.0,,,,,,0.0019,2020-11,"KENYON INDUSTRIES, INC"
RI0000191,RI,textile,2020-11-30,Cr,1.00313365,,,,,,0.076,,,,,,0.23300001,2020-11,"KENYON INDUSTRIES, INC"
RI0000191,RI,textile,2020-11-30,Cu,1.00313365,,,,,,0.18200001,,,,,,0.34800002,2020-11,"KENYON INDUSTRIES, INC"
RI0000191,RI,textile,2020-11-30,Pb,1.00313365,,,,,,0.0008,,,,,,0.0116,2020-11,"KENYON INDUSTRIES, INC"
RI0000191,RI,textile,2020-12-31,Cd,1.0397259466666666,,,,,,0.0,,,,,,0.0019,2020-12,"KENYON INDUSTRIES, INC"
RI0000191,RI,textile,2020-12-31,Cr,1.0397259466666666,,,,,,0.085,,,,,,0.23300001,2020-12,"KENYON INDUSTRIES, INC"
RI0000191,RI,textile,2020-12-31,Cu,1.0397259466666666,,,,,,0.14300001,,,,,,0.34800002,2020-12,"KENYON INDUSTRIES, INC"
RI0000191,RI,textile,2020-12-31,Ni,1.0397259466666666,,,,,,0.005,,,,,,0.32000002,2020-12,"KENYON INDUSTRIES, INC"
RI0000191,RI,textile,2020-12-31,Pb,1.0397259466666666,,,,,,0.002,,,,,,0.0116,2020-12,"KENYON INDUSTRIES, INC"
RI0000191,RI,textile,2020-12-31,Zn,1.0397259466666666,,,,,,0.057,,,,,,0.73400003,2020-12,"KENYON INDUSTRIES, INC"
RI0000191,RI,textile,2021-01-31,Cd,1.03720234,,,,,,0.0,,,,,,0.0019,2021-01,"KENYON INDUSTRIES, INC"
RI0000191,RI,textile,2021-01-31,Cr,1.03720234,,,,,,0.10700001,,,,,,0.23300001,2021-01,"KENYON INDUSTRIES, INC"
RI0000191,RI,textile,2021-01-31,Cu,1.03720234,,,,,,0.17800001,,,,,,0.34800002,2021-01,"KENYON INDUSTRIES, INC"
RI0000191,RI,textile,2021-01-31,Pb,1.03720234,,,,,,0.0018,,,,,,0.0116,2021-01,"KENYON INDUSTRIES, INC"
RI0000191,RI,textile,2021-02-28,Cd,1.10533972,,,,,,0.0,,,,,,0.0019,2021-02,"KENYON INDUSTRIES, INC"
RI0000191,RI,textile,2021-02-28,Cr,1.10533972,,,,,,0.14000001,,,,,,0.23300001,2021-02,"KENYON INDUSTRIES, INC"
RI0000191,RI,textile,2021-02-28,Cu,1.10533972,,,,,,0.17900001,,,,,,0.34800002,2021-02,"KENYON INDUSTRIES, INC"
RI0000191,RI,textile,2021-02-28,Pb,1.10533972,,,,,,0.0013,,,,,,0.0116,2021-02,"KENYON INDUSTRIES, INC"
RI0000191,RI,textile,2021-03-31,Cd,1.1419320166666669,,,,,,0.0,,,,,,0.0019,2021-03,"KENYON INDUSTRIES, INC"
RI0000191,RI,textile,2021-03-31,Cr,1.1419320166666669,,,,,,0.17800001,,,,,,0.23300001,2021-03,"KENYON INDUSTRIES, INC"
RI0000191,RI,textile,2021-03-31,Cu,1.1419320166666669,,,,,,0.18200001,,,,,,0.34800002,2021-03,"KENYON INDUSTRIES, INC"
RI0000191,RI,textile,2021-03-31,Ni,1.1419320166666669,,,,,,0.005,,,,,,0.32000002,2021-03,"KENYON INDUSTRIES, INC"
RI0000191,RI,textile,2021-03-31,Pb,1.1419320166666669,,,,,,0.0012,,,,,,0.0116,2021-03,"KENYON INDUSTRIES, INC"
RI0000191,RI,textile,2021-03-31,Zn,1.1419320166666669,,,,,,0.026,,,,,,0.73400003,2021-03,"KENYON INDUSTRIES, INC"
RI0000191,RI,textile,2021-04-30,Cd,1.16969169,,,,,,0.0,,,,,,0.0019,2021-04,"KENYON INDUSTRIES, INC"
RI0000191,RI,textile,2021-04-30,Cr,1.16969169,,,,,,0.14800001,,,,,,0.23300001,2021-04,"KENYON INDUSTRIES, INC"
RI0000191,RI,textile,2021-04-30,Cu,1.16969169,,,,,,0.16300001,,,,,,0.34800002,2021-04,"KENYON INDUSTRIES, INC"
RI0000191,RI,textile,2021-04-30,Pb,1.16969169,,,,,,0.0015,,,,,,0.0116,2021-04,"KENYON INDUSTRIES, INC"
RI0000191,RI,textile,2021-05-31,Cd,1.04855857,,,,,,0.0,,,,,,0.0019,2021-05,"KENYON INDUSTRIES, INC"
RI0000191,RI,textile,2021-05-31,Cr,1.04855857,,,,,,0.10900001,,,,,,0.23300001,2021-05,"KENYON INDUSTRIES, INC"
RI0000191,RI,textile,2021-05-31,Cu,1.04855857,,,,,,0.15300001,,,,,,0.34800002,2021-05,"KENYON INDUSTRIES, INC"
RI0000191,RI,textile,2021-05-31,Pb,1.04855857,,,,,,0.0013,,,,,,0.0116,2021-05,"KENYON INDUSTRIES, INC"
RI0000191,RI,textile,2021-06-30,Cd,1.0611766033333334,,,,,,0.0,,,,,,0.0019,2021-06,"KENYON INDUSTRIES, INC"
RI0000191,RI,textile,2021-06-30,Cr,1.0611766033333334,,,,,,0.097,,,,,,0.23300001,2021-06,"KENYON INDUSTRIES, INC"
RI0000191,RI,textile,2021-06-30,Cu,1.0611766033333334,,,,,,0.18800001,,,,,,0.34800002,2021-06,"KENYON INDUSTRIES, INC"
RI0000191,RI,textile,2021-06-30,Ni,1.0611766033333334,,,,,,0.008,,,,,,0.32000002,2021-06,"KENYON INDUSTRIES, INC"
RI0000191,RI,textile,2021-06-30,Pb,1.0611766033333334,,,,,,0.001,,,,,,0.0116,2021-06,"KENYON INDUSTRIES, INC"
RI0000191,RI,textile,2021-06-30,Zn,1.0611766033333334,,,,,,0.048,,,,,,0.73400003,2021-06,"KENYON INDUSTRIES, INC"
RI0000191,RI,textile,2021-07-31,Cd,0.8681206933333333,,,,,,0.0,,,,,,0.0019,2021-07,"KENYON INDUSTRIES, INC"
RI0000191,RI,textile,2021-07-31,Cr,0.8681206933333333,,,,,,0.14000001,,,,,,0.23300001,2021-07,"KENYON INDUSTRIES, INC"
RI0000191,RI,textile,2021-07-31,Cu,0.8681206933333333,,,,,,0.14200001,,,,,,0.34800002,2021-07,"KENYON INDUSTRIES, INC"
RI0000191,RI,textile,2021-07-31,Pb,0.8681206933333333,,,,,,0.0015,,,,,,0.0116,2021-07,"KENYON INDUSTRIES, INC"
RI0000191,RI,textile,2021-08-31,Cd,1.1116487366666667,,,,,,0.0,,,,,,0.0019,2021-08,"KENYON INDUSTRIES, INC"
RI0000191,RI,textile,2021-08-31,Cr,1.1116487366666667,,,,,,0.18000001,,,,,,0.23300001,2021-08,"KENYON INDUSTRIES, INC"
RI0000191,RI,textile,2021-08-31,Cu,1.1116487366666667,,,,,,0.15400001,,,,,,0.34800002,2021-08,"KENYON INDUSTRIES, INC"
RI0000191,RI,textile,2021-08-31,Pb,1.1116487366666667,,,,,,0.0015,,,,,,0.0116,2021-08,"KENYON INDUSTRIES, INC"
RI0000191,RI,textile,2021-09-30,Cd,1.1154341466666668,,,,,,0.0,,,,,,0.0019,2021-09,"KENYON INDUSTRIES, INC"
RI0000191,RI,textile,2021-09-30,Cr,1.1154341466666668,,,,,,0.16200001,,,,,,0.23300001,2021-09,"KENYON INDUSTRIES, INC"
RI0000191,RI,textile,2021-09-30,Cu,1.1154341466666668,,,,,,0.14800001,,,,,,0.34800002,2021-09,"KENYON INDUSTRIES, INC"
RI0000191,RI,textile,2021-09-30,Ni,1.1154341466666668,,,,,,0.007,,,,,,0.32000002,2021-09,"KENYON INDUSTRIES, INC"
RI0000191,RI,textile,2021-09-30,Pb,1.1154341466666668,,,,,,0.0022,,,,,,0.0116,2021-09,"KENYON INDUSTRIES, INC"
RI0000191,RI,textile,2021-09-30,Zn,1.1154341466666668,,,,,,0.052,,,,,,0.73400003,2021-09,"KENYON INDUSTRIES, INC"
RI0000191,RI,textile,2021-10-31,Cd,1.0965070966666668,,,,,,0.0,,,,,,0.0019,2021-10,"KENYON INDUSTRIES, INC"
RI0000191,RI,textile,2021-10-31,Cr,1.0965070966666668,,,,,,0.1,,,,,,0.23300001,2021-10,"KENYON INDUSTRIES, INC"
RI0000191,RI,textile,2021-10-31,Cu,1.0965070966666668,,,,,,0.15500001,,,,,,0.34800002,2021-10,"KENYON INDUSTRIES, INC"
RI0000191,RI,textile,2021-10-31,Pb,1.0965070966666668,,,,,,0.0015,,,,,,0.0116,2021-10,"KENYON INDUSTRIES, INC"
RI0000191,RI,textile,2021-11-30,Cd,1.0801036533333335,,,,,,0.0,,,,,,0.0019,2021-11,"KENYON INDUSTRIES, INC"
RI0000191,RI,textile,2021-11-30,Cr,1.0801036533333335,,,,,,0.15000001,,,,,,0.23300001,2021-11,"KENYON INDUSTRIES, INC"
RI0000191,RI,textile,2021-11-30,Cu,1.0801036533333335,,,,,,0.19200001,,,,,,0.34800002,2021-11,"KENYON INDUSTRIES, INC"
RI0000191,RI,textile,2021-11-30,Pb,1.0801036533333335,,,,,,0.0015,,,,,,0.0116,2021-11,"KENYON INDUSTRIES, INC"
RI0000191,RI,textile,2021-12-31,Cd,1.0611766033333334,,,,,,0.0,,,,,,0.0019,2021-12,"KENYON INDUSTRIES, INC"
RI0000191,RI,textile,2021-12-31,Cr,1.0611766033333334,,,,,,0.21200001,,,,,,0.23300001,2021-12,"KENYON INDUSTRIES, INC"
RI0000191,RI,textile,2021-12-31,Cu,1.0611766033333334,,,,,,0.19000001,,,,,,0.34800002,2021-12,"KENYON INDUSTRIES, INC"
RI0000191,RI,textile,2021-12-31,Ni,1.0611766033333334,,,,,,0.004,,,,,,0.32000002,2021-12,"KENYON INDUSTRIES, INC"
RI0000191,RI,textile,2021-12-31,Pb,1.0611766033333334,,,,,,0.0018,,,,,,0.0116,2021-12,"KENYON INDUSTRIES, INC"
RI0000191,RI,textile,2021-12-31,Zn,1.0611766033333334,,,,,,0.025,,,,,,0.73400003,2021-12,"KENYON INDUSTRIES, INC"
RI0000191,RI,textile,2022-01-31,Cd,1.04855857,,,,,,0.0,,,,,,0.0019,2022-01,"KENYON INDUSTRIES, INC"
RI0000191,RI,textile,2022-01-31,Cr,1.04855857,,,,,,0.16100001,,,,,,0.23300001,2022-01,"KENYON INDUSTRIES, INC"
RI0000191,RI,textile,2022-01-31,Cu,1.04855857,,,,,,0.17900001,,,,,,0.34800002,2022-01,"KENYON INDUSTRIES, INC"
RI0000191,RI,textile,2022-01-31,Pb,1.04855857,,,,,,0.0018,,,,,,0.0116,2022-01,"KENYON INDUSTRIES, INC"
RI0000191,RI,textile,2022-02-28,Cd,1.2062839866666668,,,,,,0.0,,,,,,0.0019,2022-02,"KENYON INDUSTRIES, INC"
RI0000191,RI,textile,2022-02-28,Cr,1.2062839866666668,,,,,,0.13900001,,,,,,0.23300001,2022-02,"KENYON INDUSTRIES, INC"
RI0000191,RI,textile,2022-02-28,Cu,1.2062839866666668,,,,,,0.13400001,,,,,,0.34800002,2022-02,"KENYON INDUSTRIES, INC"
RI0000191,RI,textile,2022-02-28,Pb,1.2062839866666668,,,,,,0.0015,,,,,,0.0116,2022-02,"KENYON INDUSTRIES, INC"
RI0000191,RI,textile,2022-03-31,Cd,1.2163784133333335,,,,,,0.0,,,,,,0.0019,2022-03,"KENYON INDUSTRIES, INC"
RI0000191,RI,textile,2022-03-31,Cr,1.2163784133333335,,,,,,0.1,,,,,,0.23300001,2022-03,"KENYON INDUSTRIES, INC"
RI0000191,RI,textile,2022-03-31,Cu,1.2163784133333335,,,,,,0.13000001,,,,,,0.34800002,2022-03,"KENYON INDUSTRIES, INC"
RI0000191,RI,textile,2022-03-31,Ni,1.2163784133333335,,,,,,0.005,,,,,,0.32000002,2022-03,"KENYON INDUSTRIES, INC"
RI0000191,RI,textile,2022-03-31,Pb,1.2163784133333335,,,,,,0.0022,,,,,,0.0116,2022-03,"KENYON INDUSTRIES, INC"
RI0000191,RI,textile,2022-03-31,Zn,1.2163784133333335,,,,,,0.023,,,,,,0.73400003,2022-03,"KENYON INDUSTRIES, INC"
RI0000191,RI,textile,2022-04-30,Cu,1.18483333,,,,,,0.14400001,,,,,,0.34800002,2022-04,"KENYON INDUSTRIES, INC"
RI0000191,RI,textile,2022-05-31,Cu,1.2226874300000001,,,,,,0.13900001,,,,,,0.34800002,2022-05,"KENYON INDUSTRIES, INC"
RI0000191,RI,textile,2022-06-30,Cd,1.2176402166666669,,,,,,0.0,,,,,,,2022-06,"KENYON INDUSTRIES, INC"
RI0000191,RI,textile,2022-06-30,Cu,1.2176402166666669,,,,,,0.14900001,,,,,,0.34800002,2022-06,"KENYON INDUSTRIES, INC"
RI0000191,RI,textile,2022-06-30,Ni,1.2176402166666669,,,,,,0.004,,,,,,,2022-06,"KENYON INDUSTRIES, INC"
RI0000191,RI,textile,2022-06-30,Pb,1.2176402166666669,,,,,,0.002,,,,,,,2022-06,"KENYON INDUSTRIES, INC"
RI0000191,RI,textile,2022-06-30,Zn,1.2176402166666669,,,,,,0.022,,,,,,,2022-06,"KENYON INDUSTRIES, INC"
RI0000191,RI,textile,2022-07-31,Cu,1.0460349633333332,,,,,,0.12100001,,,,,,0.34800002,2022-07,"KENYON INDUSTRIES, INC"
RI0000191,RI,textile,2022-08-31,Cu,1.2239492333333335,,,,,,0.14700001,,,,,,0.34800002,2022-08,"KENYON INDUSTRIES, INC"
RI0000191,RI,textile,2022-09-30,Cd,1.134361196666667,,,,,,0.0,,,,,,,2022-09,"KENYON INDUSTRIES, INC"
RI0000191,RI,textile,2022-09-30,Cu,1.134361196666667,,,,,,0.11200001,,,,,,0.34800002,2022-09,"KENYON INDUSTRIES, INC"
RI0000191,RI,textile,2022-09-30,Ni,1.134361196666667,,,,,,0.008,,,,,,,2022-09,"KENYON INDUSTRIES, INC"
RI0000191,RI,textile,2022-09-30,Pb,1.134361196666667,,,,,,0.0015,,,,,,,2022-09,"KENYON INDUSTRIES, INC"
RI0000191,RI,textile,2022-09-30,Zn,1.134361196666667,,,,,,0.033,,,,,,,2022-09,"KENYON INDUSTRIES, INC"
RI0000191,RI,textile,2022-10-31,Cu,1.2201638233333334,,,,,,0.14100001,,,,,,0.34800002,2022-10,"KENYON INDUSTRIES, INC"
RI0000191,RI,textile,2022-11-30,Cu,1.1835715266666669,,,,,,0.15700001,,,,,,0.34800002,2022-11,"KENYON INDUSTRIES, INC"
RI0000191,RI,textile,2022-12-31,Cd,1.33624973,,,,,,0.0,,,,,,,2022-12,"KENYON INDUSTRIES, INC"
RI0000191,RI,textile,2022-12-31,Cu,1.33624973,,,,,,0.13700001,,,,,,0.34800002,2022-12,"KENYON INDUSTRIES, INC"
RI0000191,RI,textile,2022-12-31,Ni,1.33624973,,,,,,0.006,,,,,,,2022-12,"KENYON INDUSTRIES, INC"
RI0000191,RI,textile,2022-12-31,Pb,1.33624973,,,,,,0.001,,,,,,,2022-12,"KENYON INDUSTRIES, INC"
RI0000191,RI,textile,2022-12-31,Zn,1.33624973,,,,,,0.024,,,,,,,2022-12,"KENYON INDUSTRIES, INC"
RI0000191,RI,textile,2023-01-31,Cu,1.210069396666667,,,,,,0.14300001,,,,,,0.34800002,2023-01,"KENYON INDUSTRIES, INC"
RI0000191,RI,textile,2023-02-28,Cu,1.1595972633333334,,,,,,0.14800001,,,,,,0.34800002,2023-02,"KENYON INDUSTRIES, INC"
RI0000191,RI,textile,2023-03-31,Cd,1.3097518600000002,,,,,,0.0,,,,,,,2023-03,"KENYON INDUSTRIES, INC"
RI0000191,RI,textile,2023-03-31,Cu,1.3097518600000002,,,,,,0.13800001,,,,,,0.34800002,2023-03,"KENYON INDUSTRIES, INC"
RI0000191,RI,textile,2023-03-31,Ni,1.3097518600000002,,,,,,0.006,,,,,,,2023-03,"KENYON INDUSTRIES, INC"
RI0000191,RI,textile,2023-03-31,Pb,1.3097518600000002,,,,,,0.0,,,,,,,2023-03,"KENYON INDUSTRIES, INC"
RI0000191,RI,textile,2023-03-31,Zn,1.3097518600000002,,,,,,0.024,,,,,,,2023-03,"KENYON INDUSTRIES, INC"
RI0000191,RI,textile,2023-04-30,Cu,1.134361196666667,,,,,,0.14900001,,,,,,0.34800002,2023-04,"KENYON INDUSTRIES, INC"
RI0000191,RI,textile,2023-05-31,Cu,1.19618956,,,,,,0.15000001,,,,,,0.34800002,2023-05,"KENYON INDUSTRIES, INC"
RI0000191,RI,textile,2023-06-30,Cd,0.9980864366666666,,,,,,0.0,,,,,,,2023-06,"KENYON INDUSTRIES, INC"
RI0000191,RI,textile,2023-06-30,Cu,0.9980864366666666,,,,,,0.15700001,,,,,,0.34800002,2023-06,"KENYON INDUSTRIES, INC"
RI0000191,RI,textile,2023-06-30,Ni,0.9980864366666666,,,,,,0.006,,,,,,,2023-06,"KENYON INDUSTRIES, INC"
RI0000191,RI,textile,2023-06-30,Pb,0.9980864366666666,,,,,,0.0,,,,,,,2023-06,"KENYON INDUSTRIES, INC"
RI0000191,RI,textile,2023-06-30,Zn,0.9980864366666666,,,,,,0.025,,,,,,,2023-06,"KENYON INDUSTRIES, INC"
RI0000191,RI,textile,2023-07-31,Cu,1.0573911933333333,,,,,,0.11600001,,,,,,0.34800002,2023-07,"KENYON INDUSTRIES, INC"
RI0000191,RI,textile,2023-08-31,Cu,1.12805218,,,,,,0.14500001,,,,,,0.34800002,2023-08,"KENYON INDUSTRIES, INC"
RI0000191,RI,textile,2023-09-30,Cd,1.1368848033333336,,,,,,0.0,,,,,,,2023-09,"KENYON INDUSTRIES, INC"
RI0000191,RI,textile,2023-09-30,Cu,1.1368848033333336,,,,,,0.13600001,,,,,,0.34800002,2023-09,"KENYON INDUSTRIES, INC"
RI0000191,RI,textile,2023-09-30,Ni,1.1368848033333336,,,,,,0.006,,,,,,,2023-09,"KENYON INDUSTRIES, INC"
RI0000191,RI,textile,2023-09-30,Pb,1.1368848033333336,,,,,,0.003,,,,,,,2023-09,"KENYON INDUSTRIES, INC"
RI0000191,RI,textile,2023-09-30,Zn,1.1368848033333336,,,,,,0.021,,,,,,,2023-09,"KENYON INDUSTRIES, INC"
RI0000191,RI,textile,2023-10-31,Cu,1.14319382,,,,,,0.12300001,,,,,,0.34800002,2023-10,"KENYON INDUSTRIES, INC"
RI0000191,RI,textile,2023-11-30,Cu,1.15076464,,,,,,0.096,,,,,,0.34800002,2023-11,"KENYON INDUSTRIES, INC"
RI0000191,RI,textile,2023-12-31,Cd,1.198460806,,,,,,0.0,,,,,,,2023-12,"KENYON INDUSTRIES, INC"
RI0000191,RI,textile,2023-12-31,Cu,1.198460806,,,,,,0.10900001,,,,,,0.34800002,2023-12,"KENYON INDUSTRIES, INC"
RI0000191,RI,textile,2023-12-31,Ni,1.198460806,,,,,,0.004,,,,,,,2023-12,"KENYON INDUSTRIES, INC"
RI0000191,RI,textile,2023-12-31,Pb,1.198460806,,,,,,0.0,,,,,,,2023-12,"KENYON INDUSTRIES, INC"
RI0000191,RI,textile,2023-12-31,Zn,1.198460806,,,,,,0.015,,,,,,,2023-12,"KENYON INDUSTRIES, INC"
RI0000191,RI,textile,2024-01-31,Cu,1.4604111780000002,,,,,,0.072,,,,,,0.34800002,2024-01,"KENYON INDUSTRIES, INC"
RI0000191,RI,textile,2024-02-29,Cu,1.1646444766666668,,,,,,0.09,,,,,,0.34800002,2024-02,"KENYON INDUSTRIES, INC"
RI0000191,RI,textile,2024-03-31,Cd,1.4634395059999998,,,,,,0.0,,,,,,,2024-03,"KENYON INDUSTRIES, INC"
RI0000191,RI,textile,2024-03-31,Cu,1.4634395059999998,,,,,,0.052,,,,,,0.34800002,2024-03,"KENYON INDUSTRIES, INC"
RI0000191,RI,textile,2024-03-31,Ni,1.4634395059999998,,,,,,0.003,,,,,,,2024-03,"KENYON INDUSTRIES, INC"
RI0000191,RI,textile,2024-03-31,Pb,1.4634395059999998,,,,,,0.0,,,,,,,2024-03,"KENYON INDUSTRIES, INC"
RI0000191,RI,textile,2024-03-31,Zn,1.4634395059999998,,,,,,0.024,,,,,,,2024-03,"KENYON INDUSTRIES, INC"
RI0000191,RI,textile,2024-04-30,Cu,1.5012936060000002,,,,,,0.069,,,,,,0.34800002,2024-04,"KENYON INDUSTRIES, INC"
RI0000191,RI,textile,2024-05-31,Cu,1.284011072,,,,,,0.085,,,,,,0.34800002,2024-05,"KENYON INDUSTRIES, INC"
RI0000191,RI,textile,2024-06-30,Cd,1.0321551266666666,,,,,,0.0,,,,,,,2024-06,"KENYON INDUSTRIES, INC"
RI0000191,RI,textile,2024-06-30,Cu,1.0321551266666666,,,,,,0.13300001,,,,,,0.34800002,2024-06,"KENYON INDUSTRIES, INC"
RI0000191,RI,textile,2024-06-30,Ni,1.0321551266666666,,,,,,0.008,,,,,,,2024-06,"KENYON INDUSTRIES, INC"
RI0000191,RI,textile,2024-06-30,Pb,1.0321551266666666,,,,,,0.0,,,,,,,2024-06,"KENYON INDUSTRIES, INC"
RI0000191,RI,textile,2024-06-30,Zn,1.0321551266666666,,,,,,0.046,,,,,,,2024-06,"KENYON INDUSTRIES, INC"
RI0000191,RI,textile,2024-07-31,Cu,0.83657561,,,,,,0.09,,,,,,0.20700001,2024-07,"KENYON INDUSTRIES, INC"
RI0000191,RI,textile,2024-08-31,Cu,1.0384641433333333,,,,,,0.068,,,,,,0.20700001,2024-08,"KENYON INDUSTRIES, INC"
RI0000191,RI,textile,2024-09-30,Cd,0.9955628300000001,,,,,,0.0,,,,,,,2024-09,"KENYON INDUSTRIES, INC"
RI0000191,RI,textile,2024-09-30,Cu,0.9955628300000001,,,,,,0.12700001,,,,,,0.20700001,2024-09,"KENYON INDUSTRIES, INC"
RI0000191,RI,textile,2024-09-30,Ni,0.9955628300000001,,,,,,0.014,,,,,,,2024-09,"KENYON INDUSTRIES, INC"
RI0000191,RI,textile,2024-09-30,Pb,0.9955628300000001,,,,,,0.001,,,,,,,2024-09,"KENYON INDUSTRIES, INC"
RI0000191,RI,textile,2024-09-30,Zn,0.9955628300000001,,,,,,0.043,,,,,,,2024-09,"KENYON INDUSTRIES, INC"
RI0000191,RI,textile,2024-10-31,Cu,1.0271079133333336,,,,,,0.092,,,,,,0.20700001,2024-10,"KENYON INDUSTRIES, INC"
RI0000191,RI,textile,2024-11-30,Cu,0.8378374133333335,,,,,,0.105,,,,,,0.20700001,2024-11,"KENYON INDUSTRIES, INC"
RI0000191,RI,textile,2024-12-31,Cd,0.8691301359999999,,,,,,0.0,,,,,,,2024-12,"KENYON INDUSTRIES, INC"
RI0000191,RI,textile,2024-12-31,Cu,0.8691301359999999,,,,,,0.10700001,,,,,,0.20700001,2024-12,"KENYON INDUSTRIES, INC"
RI0000191,RI,textile,2024-12-31,Ni,0.8691301359999999,,,,,,0.003,,,,,,,2024-12,"KENYON INDUSTRIES, INC"
RI0000191,RI,textile,2024-12-31,Pb,0.8691301359999999,,,,,,0.0,,,,,,,2024-12,"KENYON INDUSTRIES, INC"
RI0000191,RI,textile,2024-12-31,Zn,0.8691301359999999,,,,,,0.041,,,,,,,2024-12,"KENYON INDUSTRIES, INC"
SC0000353,SC,textile,2019-01-31,Cr,2.2390700150000002,,,,,,0.0,,,,,,,2019-01,"SAGE AUTO INTERIORS, INC/ABBEVILLE PLANT"
SC0000353,SC,textile,2019-01-31,Cu,2.2390700150000002,,,,,,0.0,,,,,,0.0109,2019-01,"SAGE AUTO INTERIORS, INC/ABBEVILLE PLANT"
SC0000353,SC,textile,2019-02-28,Color,2.02519435,,,,,,,12.0,11.0,,,,,2019-02,"SAGE AUTO INTERIORS, INC/ABBEVILLE PLANT"
SC0000353,SC,textile,2019-02-28,Cr,2.02519435,,,,,,0.0,,,,,,,2019-02,"SAGE AUTO INTERIORS, INC/ABBEVILLE PLANT"
SC0000353,SC,textile,2019-02-28,Cu,2.02519435,,,,,,0.0,,,,,,0.0109,2019-02,"SAGE AUTO INTERIORS, INC/ABBEVILLE PLANT"
SC0000353,SC,textile,2019-03-31,Cr,2.15389829,,,,,,0.0,,,,,,,2019-03,"SAGE AUTO INTERIORS, INC/ABBEVILLE PLANT"
SC0000353,SC,textile,2019-03-31,Cu,2.15389829,,,,,,0.0,,,,,,0.0109,2019-03,"SAGE AUTO INTERIORS, INC/ABBEVILLE PLANT"
SC0000353,SC,textile,2019-04-30,Cr,2.273138705,,,,,,0.0,,,,,,,2019-04,"SAGE AUTO INTERIORS, INC/ABBEVILLE PLANT"
SC0000353,SC,textile,2019-04-30,Cu,2.273138705,,,,,,0.0008,,,,,,0.0109,2019-04,"SAGE AUTO INTERIORS, INC/ABBEVILLE PLANT"
SC0000353,SC,textile,2019-05-31,Color,2.322349035,,,,,,,19.0,23.0,,,,,2019-05,"SAGE AUTO INTERIORS, INC/ABBEVILLE PLANT"
SC0000353,SC,textile,2019-05-31,Cr,2.322349035,,,,,,0.0,,,,,,,2019-05,"SAGE AUTO INTERIORS, INC/ABBEVILLE PLANT"
SC0000353,SC,textile,2019-05-31,Cu,2.322349035,,,,,,0.0,,,,,,0.0109,2019-05,"SAGE AUTO INTERIORS, INC/ABBEVILLE PLANT"
SC0000353,SC,textile,2019-06-30,Cr,2.3337052650000003,,,,,,0.0,,,,,,,2019-06,"SAGE AUTO INTERIORS, INC/ABBEVILLE PLANT"
SC0000353,SC,textile,2019-06-30,Cu,2.3337052650000003,,,,,,0.0015,,,,,,0.0109,2019-06,"SAGE AUTO INTERIORS, INC/ABBEVILLE PLANT"
SC0000353,SC,textile,2019-07-31,Cr,2.5078341250000005,,,,,,0.0,,,,,,,2019-07,"SAGE AUTO INTERIORS, INC/ABBEVILLE PLANT"
SC0000353,SC,textile,2019-07-31,Cu,2.5078341250000005,,,,,,0.0015,,,,,,0.0109,2019-07,"SAGE AUTO INTERIORS, INC/ABBEVILLE PLANT"
SC0000353,SC,textile,2019-08-31,Color,2.5154049450000002,,,,,,,9.0,10.0,,,,,2019-08,"SAGE AUTO INTERIORS, INC/ABBEVILLE PLANT"
SC0000353,SC,textile,2019-08-31,Cr,2.5154049450000002,,,,,,0.0,,,,,,,2019-08,"SAGE AUTO INTERIORS, INC/ABBEVILLE PLANT"
SC0000353,SC,textile,2019-08-31,Cu,2.5154049450000002,,,,,,0.0006,,,,,,0.0109,2019-08,"SAGE AUTO INTERIORS, INC/ABBEVILLE PLANT"
SC0000353,SC,textile,2019-09-30,Cr,2.68385569,,,,,,0.0,,,,,,,2019-09,"SAGE AUTO INTERIORS, INC/ABBEVILLE PLANT"
SC0000353,SC,textile,2019-09-30,Cu,2.68385569,,,,,,0.0,,,,,,0.0109,2019-09,"SAGE AUTO INTERIORS, INC/ABBEVILLE PLANT"
SC0000353,SC,textile,2019-10-31,Cr,2.61950372,,,,,,0.0,,,,,,,2019-10,"SAGE AUTO INTERIORS, INC/ABBEVILLE PLANT"
SC0000353,SC,textile,2019-10-31,Cu,2.61950372,,,,,,0.0004,,,,,,0.0109,2019-10,"SAGE AUTO INTERIORS, INC/ABBEVILLE PLANT"
SC0000353,SC,textile,2019-11-30,Color,2.0554776300000004,,,,,,,14.0,17.0,,,,,2019-11,"SAGE AUTO INTERIORS, INC/ABBEVILLE PLANT"
SC0000353,SC,textile,2019-11-30,Cr,2.0554776300000004,,,,,,0.0,,,,,,,2019-11,"SAGE AUTO INTERIORS, INC/ABBEVILLE PLANT"
SC0000353,SC,textile,2019-11-30,Cu,2.0554776300000004,,,,,,0.0005,,,,,,0.0109,2019-11,"SAGE AUTO INTERIORS, INC/ABBEVILLE PLANT"
SC0000353,SC,textile,2019-12-31,Cr,2.133078535,,,,,,0.0,,,,,,,2019-12,"SAGE AUTO INTERIORS, INC/ABBEVILLE PLANT"
SC0000353,SC,textile,2019-12-31,Cu,2.133078535,,,,,,0.0,,,,,,0.0109,2019-12,"SAGE AUTO INTERIORS, INC/ABBEVILLE PLANT"
SC0000353,SC,textile,2020-01-31,Cr,2.26746059,,,,,,0.0,,,,,,,2020-01,"SAGE AUTO INTERIORS, INC/ABBEVILLE PLANT"
SC0000353,SC,textile,2020-01-31,Cu,2.26746059,,,,,,0.0,,,,,,0.0109,2020-01,"SAGE AUTO INTERIORS, INC/ABBEVILLE PLANT"
SC0000353,SC,textile,2020-02-29,Color,2.6119329,,,,,,,47.0,46.0,,,,,2020-02,"SAGE AUTO INTERIORS, INC/ABBEVILLE PLANT"
SC0000353,SC,textile,2020-02-29,Cr,2.6119329,,,,,,0.0,,,,,,,2020-02,"SAGE AUTO INTERIORS, INC/ABBEVILLE PLANT"
SC0000353,SC,textile,2020-02-29,Cu,2.6119329,,,,,,0.0,,,,,,0.0109,2020-02,"SAGE AUTO INTERIORS, INC/ABBEVILLE PLANT"
SC0000353,SC,textile,2020-03-31,Cr,2.35452502,,,,,,0.0,,,,,,,2020-03,"SAGE AUTO INTERIORS, INC/ABBEVILLE PLANT"
SC0000353,SC,textile,2020-03-31,Cu,2.35452502,,,,,,0.0006,,,,,,0.0109,2020-03,"SAGE AUTO INTERIORS, INC/ABBEVILLE PLANT"
SC0000353,SC,textile,2020-04-30,Cr,1.27946858,,,,,,0.0,,,,,,,2020-04,"SAGE AUTO INTERIORS, INC/ABBEVILLE PLANT"
SC0000353,SC,textile,2020-04-30,Cu,1.27946858,,,,,,0.0008,,,,,,0.0109,2020-04,"SAGE AUTO INTERIORS, INC/ABBEVILLE PLANT"
SC0000353,SC,textile,2020-05-31,Color,1.637189825,,,,,,,12.0,10.0,,,,,2020-05,"SAGE AUTO INTERIORS, INC/ABBEVILLE PLANT"
SC0000353,SC,textile,2020-05-31,Cr,1.637189825,,,,,,0.0,,,,,,,2020-05,"SAGE AUTO INTERIORS, INC/ABBEVILLE PLANT"
SC0000353,SC,textile,2020-05-31,Cu,1.637189825,,,,,,0.0,,,,,,0.0109,2020-05,"SAGE AUTO INTERIORS, INC/ABBEVILLE PLANT"
SC0000353,SC,textile,2020-06-30,Cr,1.9911256600000002,,,,,,0.0,,,,,,,2020-06,"SAGE AUTO INTERIORS, INC/ABBEVILLE PLANT"
SC0000353,SC,textile,2020-06-30,Cu,1.9911256600000002,,,,,,0.0006,,,,,,0.0109,2020-06,"SAGE AUTO INTERIORS, INC/ABBEVILLE PLANT"
SC0000353,SC,textile,2020-07-31,Cr,2.121722305,,,,,,0.0,,,,,,,2020-07,"SAGE AUTO INTERIORS, INC/ABBEVILLE PLANT"
SC0000353,SC,textile,2020-07-31,Cu,2.121722305,,,,,,0.002,,,,,,0.0109,2020-07,"SAGE AUTO INTERIORS, INC/ABBEVILLE PLANT"
SC0000353,SC,textile,2020-08-31,Color,2.3564177250000005,,,,,,,20.0,13.0,,,,,2020-08,"SAGE AUTO INTERIORS, INC/ABBEVILLE PLANT"
SC0000353,SC,textile,2020-08-31,Cr,2.3564177250000005,,,,,,0.0,,,,,,,2020-08,"SAGE AUTO INTERIORS, INC/ABBEVILLE PLANT"
SC0000353,SC,textile,2020-08-31,Cu,2.3564177250000005,,,,,,0.0008,,,,,,0.0109,2020-08,"SAGE AUTO INTERIORS, INC/ABBEVILLE PLANT"
SC0000353,SC,textile,2020-09-30,Cr,2.575971505,,,,,,0.0,,,,,,,2020-09,"SAGE AUTO INTERIORS, INC/ABBEVILLE PLANT"
SC0000353,SC,textile,2020-09-30,Cu,2.575971505,,,,,,0.001,,,,,,0.0109,2020-09,"SAGE AUTO INTERIORS, INC/ABBEVILLE PLANT"
SC0000353,SC,textile,2020-10-31,Cr,2.310992805,,,,,,0.0,,,,,,,2020-10,"SAGE AUTO INTERIORS, INC/ABBEVILLE PLANT"
SC0000353,SC,textile,2020-10-31,Cu,2.310992805,,,,,,0.0,,,,,,0.0109,2020-10,"SAGE AUTO INTERIORS, INC/ABBEVILLE PLANT"
SC0000353,SC,textile,2020-11-30,Color,1.9229882800000002,,,,,,,6.0,5.0,,,,,2020-11,"SAGE AUTO INTERIORS, INC/ABBEVILLE PLANT"
SC0000353,SC,textile,2020-11-30,Cr,1.9229882800000002,,,,,,0.0,,,,,,,2020-11,"SAGE AUTO INTERIORS, INC/ABBEVILLE PLANT"
SC0000353,SC,textile,2020-11-30,Cu,1.9229882800000002,,,,,,0.0,,,,,,0.0109,2020-11,"SAGE AUTO INTERIORS, INC/ABBEVILLE PLANT"
SC0000353,SC,textile,2020-12-31,Cr,1.9873402500000001,,,,,,0.0,,,,,,,2020-12,"SAGE AUTO INTERIORS, INC/ABBEVILLE PLANT"
SC0000353,SC,textile,2020-12-31,Cu,1.9873402500000001,,,,,,0.0,,,,,,0.0109,2020-12,"SAGE AUTO INTERIORS, INC/ABBEVILLE PLANT"
SC0000353,SC,textile,2021-01-31,Cr,1.9059539350000003,,,,,,0.0,,,,,,,2021-01,"SAGE AUTO INTERIORS, INC/ABBEVILLE PLANT"
SC0000353,SC,textile,2021-01-31,Cu,1.9059539350000003,,,,,,0.0,,,,,,0.0109,2021-01,"SAGE AUTO INTERIORS, INC/ABBEVILLE PLANT"
SC0000353,SC,textile,2021-02-28,Color,1.996803775,,,,,,,9.0,6.0,,,,,2021-02,"SAGE AUTO INTERIORS, INC/ABBEVILLE PLANT"
SC0000353,SC,textile,2021-02-28,Cr,1.996803775,,,,,,0.0,,,,,,,2021-02,"SAGE AUTO INTERIORS, INC/ABBEVILLE PLANT"
SC0000353,SC,textile,2021-02-28,Cu,1.996803775,,,,,,0.0,,,,,,0.0109,2021-02,"SAGE AUTO INTERIORS, INC/ABBEVILLE PLANT"
SC0000353,SC,textile,2021-03-31,Cr,2.16903993,,,,,,0.0,,,,,,,2021-03,"SAGE AUTO INTERIORS, INC/ABBEVILLE PLANT"
SC0000353,SC,textile,2021-03-31,Cu,2.16903993,,,,,,0.0,,,,,,0.0109,2021-03,"SAGE AUTO INTERIORS, INC/ABBEVILLE PLANT"
SC0000353,SC,textile,2021-04-30,Cr,2.1557909950000003,,,,,,0.0,,,,,,,2021-04,"SAGE AUTO INTERIORS, INC/ABBEVILLE PLANT"
SC0000353,SC,textile,2021-04-30,Cu,2.1557909950000003,,,,,,0.0013,,,,,,0.0109,2021-04,"SAGE AUTO INTERIORS, INC/ABBEVILLE PLANT"
SC0000353,SC,textile,2021-05-31,Color,2.6592505249999996,,,,,,,8.0,6.0,,,,,2021-05,"SAGE AUTO INTERIORS, INC/ABBEVILLE PLANT"
SC0000353,SC,textile,2021-05-31,Cr,2.6592505249999996,,,,,,0.0,,,,,,,2021-05,"SAGE AUTO INTERIORS, INC/ABBEVILLE PLANT"
SC0000353,SC,textile,2021-05-31,Cu,2.6592505249999996,,,,,,0.002,,,,,,0.0109,2021-05,"SAGE AUTO INTERIORS, INC/ABBEVILLE PLANT"
SC0000353,SC,textile,2021-06-30,Cr,2.704675445,,,,,,0.0,,,,,,,2021-06,"SAGE AUTO INTERIORS, INC/ABBEVILLE PLANT"
SC0000353,SC,textile,2021-06-30,Cu,2.704675445,,,,,,0.0,,,,,,0.0109,2021-06,"SAGE AUTO INTERIORS, INC/ABBEVILLE PLANT"
SC0000353,SC,textile,2021-07-31,Cr,2.269353295,,,,,,0.0,,,,,,,2021-07,"SAGE AUTO INTERIORS, INC/ABBEVILLE PLANT"
SC0000353,SC,textile,2021-07-31,Cu,2.269353295,,,,,,0.0,,,,,,0.0109,2021-07,"SAGE AUTO INTERIORS, INC/ABBEVILLE PLANT"
SC0000353,SC,textile,2021-08-31,Color,1.94948615,,,,,,,8.0,6.0,,,,,2021-08,"SAGE AUTO INTERIORS, INC/ABBEVILLE PLANT"
SC0000353,SC,textile,2021-08-31,Cr,1.94948615,,,,,,0.0,,,,,,,2021-08,"SAGE AUTO INTERIORS, INC/ABBEVILLE PLANT"
SC0000353,SC,textile,2021-08-31,Cu,1.94948615,,,,,,0.0016,,,,,,0.0109,2021-08,"SAGE AUTO INTERIORS, INC/ABBEVILLE PLANT"
SC0000353,SC,textile,2021-09-30,Cr,2.05169222,,,,,,0.0,,,,,,,2021-09,"SAGE AUTO INTERIORS, INC/ABBEVILLE PLANT"
SC0000353,SC,textile,2021-09-30,Cu,2.05169222,,,,,,0.0018,,,,,,0.0109,2021-09,"SAGE AUTO INTERIORS, INC/ABBEVILLE PLANT"
SC0000353,SC,textile,2021-10-31,Cr,1.9286663950000003,,,,,,0.0,,,,,,,2021-10,"SAGE AUTO INTERIORS, INC/ABBEVILLE PLANT"
SC0000353,SC,textile,2021-10-31,Cu,1.9286663950000003,,,,,,0.0013,,,,,,0.0109,2021-10,"SAGE AUTO INTERIORS, INC/ABBEVILLE PLANT"
SC0000353,SC,textile,2021-11-30,Color,2.027087055,,,,,,,36.0,29.0,,,,,2021-11,"SAGE AUTO INTERIORS, INC/ABBEVILLE PLANT"
SC0000353,SC,textile,2021-11-30,Cr,2.027087055,,,,,,0.0,,,,,,,2021-11,"SAGE AUTO INTERIORS, INC/ABBEVILLE PLANT"
SC0000353,SC,textile,2021-11-30,Cu,2.027087055,,,,,,0.0026,,,,,,0.0109,2021-11,"SAGE AUTO INTERIORS, INC/ABBEVILLE PLANT"
SC0000353,SC,textile,2021-12-31,Cr,1.9721986100000002,,,,,,0.0,,,,,,,2021-12,"SAGE AUTO INTERIORS, INC/ABBEVILLE PLANT"
SC0000353,SC,textile,2021-12-31,Cu,1.9721986100000002,,,,,,0.0008,,,,,,0.0109,2021-12,"SAGE AUTO INTERIORS, INC/ABBEVILLE PLANT"
SC0000353,SC,textile,2022-01-31,Cr,2.13497124,,,,,,0.0,,,,,,,2022-01,"SAGE AUTO INTERIORS, INC/ABBEVILLE PLANT"
SC0000353,SC,textile,2022-01-31,Cu,2.13497124,,,,,,0.002,,,,,,0.0109,2022-01,"SAGE AUTO INTERIORS, INC/ABBEVILLE PLANT"
SC0000353,SC,textile,2022-02-28,Color,2.15011288,,,,,,,17.0,9.0,,,,,2022-02,"SAGE AUTO INTERIORS, INC/ABBEVILLE PLANT"
SC0000353,SC,textile,2022-02-28,Cr,2.15011288,,,,,,0.0,,,,,,,2022-02,"SAGE AUTO INTERIORS, INC/ABBEVILLE PLANT"
SC0000353,SC,textile,2022-02-28,Cu,2.15011288,,,,,,0.0015,,,,,,0.0109,2022-02,"SAGE AUTO INTERIORS, INC/ABBEVILLE PLANT"
SC0000353,SC,textile,2022-03-31,Cr,2.3355979700000002,,,,,,0.0,,,,,,,2022-03,"SAGE AUTO INTERIORS, INC/ABBEVILLE PLANT"
SC0000353,SC,textile,2022-03-31,Cu,2.3355979700000002,,,,,,0.0024,,,,,,0.0109,2022-03,"SAGE AUTO INTERIORS, INC/ABBEVILLE PLANT"
SC0000353,SC,textile,2022-04-30,Cr,2.26746059,,,,,,0.0,,,,,,,2022-04,"SAGE AUTO INTERIORS, INC/ABBEVILLE PLANT"
SC0000353,SC,textile,2022-04-30,Cu,2.26746059,,,,,,0.0056,,,,,,0.0109,2022-04,"SAGE AUTO INTERIORS, INC/ABBEVILLE PLANT"
SC0000353,SC,textile,2022-05-31,Color,2.16146911,,,,,,,13.0,15.0,,,,,2022-05,"SAGE AUTO INTERIORS, INC/ABBEVILLE PLANT"
SC0000353,SC,textile,2022-05-31,Cr,2.16146911,,,,,,0.0,,,,,,,2022-05,"SAGE AUTO INTERIORS, INC/ABBEVILLE PLANT"
SC0000353,SC,textile,2022-05-31,Cu,2.16146911,,,,,,0.003,,,,,,0.0109,2022-05,"SAGE AUTO INTERIORS, INC/ABBEVILLE PLANT"
SC0000353,SC,textile,2022-06-30,Cr,2.1766107500000005,,,,,,0.0,,,,,,,2022-06,"SAGE AUTO INTERIORS, INC/ABBEVILLE PLANT"
SC0000353,SC,textile,2022-06-30,Cu,2.1766107500000005,,,,,,0.001,,,,,,0.0109,2022-06,"SAGE AUTO INTERIORS, INC/ABBEVILLE PLANT"
SC0000353,SC,textile,2022-07-31,Cr,2.10847337,,,,,,0.0,,,,,,,2022-07,"SAGE AUTO INTERIORS, INC/ABBEVILLE PLANT"
SC0000353,SC,textile,2022-07-31,Cu,2.10847337,,,,,,0.0,,,,,,0.0109,2022-07,"SAGE AUTO INTERIORS, INC/ABBEVILLE PLANT"
SC0000353,SC,textile,2022-08-31,Color,2.027087055,,,,,,,11.0,10.0,,,,,2022-08,"SAGE AUTO INTERIORS, INC/ABBEVILLE PLANT"
SC0000353,SC,textile,2022-08-31,Cr,2.027087055,,,,,,0.0,,,,,,,2022-08,"SAGE AUTO INTERIORS, INC/ABBEVILLE PLANT"
SC0000353,SC,textile,2022-08-31,Cu,2.027087055,,,,,,0.0008,,,,,,0.0109,2022-08,"SAGE AUTO INTERIORS, INC/ABBEVILLE PLANT"
SC0000353,SC,textile,2022-09-30,Cr,2.0289797600000004,,,,,,0.0,,,,,,,2022-09,"SAGE AUTO INTERIORS, INC/ABBEVILLE PLANT"
SC0000353,SC,textile,2022-09-30,Cu,2.0289797600000004,,,,,,0.0373,,,,,,0.0109,2022-09,"SAGE AUTO INTERIORS, INC/ABBEVILLE PLANT"
SC0000353,SC,textile,2022-10-31,Cr,2.106580665,,,,,,0.0,,,,,,,2022-10,"SAGE AUTO INTERIORS, INC/ABBEVILLE PLANT"
SC0000353,SC,textile,2022-10-31,Cu,2.106580665,,,,,,0.0272,,,,,,0.0109,2022-10,"SAGE AUTO INTERIORS, INC/ABBEVILLE PLANT"
SC0000353,SC,textile,2022-11-30,Color,2.049799515,,,,,,,8.0,21.0,,,,,2022-11,"SAGE AUTO INTERIORS, INC/ABBEVILLE PLANT"
SC0000353,SC,textile,2022-11-30,Cr,2.049799515,,,,,,0.0,,,,,,,2022-11,"SAGE AUTO INTERIORS, INC/ABBEVILLE PLANT"
SC0000353,SC,textile,2022-11-30,Cu,2.049799515,,,,,,0.0028,,,,,,0.0109,2022-11,"SAGE AUTO INTERIORS, INC/ABBEVILLE PLANT"
SC0000353,SC,textile,2022-12-31,Cr,2.072511975,,,,,,0.0,,,,,,,2022-12,"SAGE AUTO INTERIORS, INC/ABBEVILLE PLANT"
SC0000353,SC,textile,2022-12-31,Cu,2.072511975,,,,,,0.0,,,,,,0.0109,2022-12,"SAGE AUTO INTERIORS, INC/ABBEVILLE PLANT"
SC0000353,SC,textile,2023-01-31,Cr,2.375344775,,,,,,0.0,,,,,,,2023-01,"SAGE AUTO INTERIORS, INC/ABBEVILLE PLANT"
SC0000353,SC,textile,2023-01-31,Cu,2.375344775,,,,,,0.0014,,,,,,0.0109,2023-01,"SAGE AUTO INTERIORS, INC/ABBEVILLE PLANT"
SC0000353,SC,textile,2023-02-28,Color,2.1501128800000004,,,,,,,15.0,13.0,,,,,2023-02,"SAGE AUTO INTERIORS, INC/ABBEVILLE PLANT"
SC0000353,SC,textile,2023-02-28,Cr,2.1501128800000004,,,,,,0.0,,,,,,,2023-02,"SAGE AUTO INTERIORS, INC/ABBEVILLE PLANT"
SC0000353,SC,textile,2023-02-28,Cu,2.1501128800000004,,,,,,0.003,,,,,,0.0109,2023-02,"SAGE AUTO INTERIORS, INC/ABBEVILLE PLANT"
SC0000353,SC,textile,2023-03-31,Cr,2.4150915800000003,,,,,,0.0,,,,,,,2023-03,"SAGE AUTO INTERIORS, INC/ABBEVILLE PLANT"
SC0000353,SC,textile,2023-03-31,Cu,2.4150915800000003,,,,,,0.0038,,,,,,0.0109,2023-03,"SAGE AUTO INTERIORS, INC/ABBEVILLE PLANT"
SC0000353,SC,textile,2023-04-30,Cr,2.102795255,,,,,,0.0,,,,,,,2023-04,"SAGE AUTO INTERIORS, INC/ABBEVILLE PLANT"
SC0000353,SC,textile,2023-04-30,Cu,2.102795255,,,,,,0.004,,,,,,0.0109,2023-04,"SAGE AUTO INTERIORS, INC/ABBEVILLE PLANT"
SC0000353,SC,textile,2023-05-31,Color,2.16903993,,,,,,,13.0,14.0,,,,,2023-05,"SAGE AUTO INTERIORS, INC/ABBEVILLE PLANT"
SC0000353,SC,textile,2023-05-31,Cr,2.16903993,,,,,,0.0,,,,,,,2023-05,"SAGE AUTO INTERIORS, INC/ABBEVILLE PLANT"
SC0000353,SC,textile,2023-05-31,Cu,2.16903993,,,,,,0.0004,,,,,,0.0109,2023-05,"SAGE AUTO INTERIORS, INC/ABBEVILLE PLANT"
SC0000353,SC,textile,2023-06-30,Cr,2.257997065,,,,,,0.0,,,,,,,2023-06,"SAGE AUTO INTERIORS, INC/ABBEVILLE PLANT"
SC0000353,SC,textile,2023-06-30,Cu,2.257997065,,,,,,0.0005,,,,,,0.0109,2023-06,"SAGE AUTO INTERIORS, INC/ABBEVILLE PLANT"
SC0000353,SC,textile,2023-07-31,Cr,2.310992805,,,,,,0.0,,,,,,,2023-07,"SAGE AUTO INTERIORS, INC/ABBEVILLE PLANT"
SC0000353,SC,textile,2023-07-31,Cu,2.310992805,,,,,,0.0005,,,,,,0.0109,2023-07,"SAGE AUTO INTERIORS, INC/ABBEVILLE PLANT"
SC0000353,SC,textile,2023-08-31,Color,2.572186095,,,,,,,13.0,12.0,,,,,2023-08,"SAGE AUTO INTERIORS, INC/ABBEVILLE PLANT"
SC0000353,SC,textile,2023-08-31,Cr,2.572186095,,,,,,0.0,,,,,,,2023-08,"SAGE AUTO INTERIORS, INC/ABBEVILLE PLANT"
SC0000353,SC,textile,2023-08-31,Cu,2.572186095,,,,,,0.0034,,,,,,0.0109,2023-08,"SAGE AUTO INTERIORS, INC/ABBEVILLE PLANT"
SC0000353,SC,textile,2023-09-30,Cr,2.3867010050000004,,,,,,0.0,,,,,,,2023-09,"SAGE AUTO INTERIORS, INC/ABBEVILLE PLANT"
SC0000353,SC,textile,2023-09-30,Cu,2.3867010050000004,,,,,,0.0038,,,,,,0.0109,2023-09,"SAGE AUTO INTERIORS, INC/ABBEVILLE PLANT"
SC0000353,SC,textile,2024-09-30,Color,3.598032205,,,,,,,12.0,12.0,,,,,2024-09,"SAGE AUTO INTERIORS, INC/ABBEVILLE PLANT"
SC0000477,SC,textile,2019-06-30,Cr,7.4269744200000005,,,,,,0.0,,,,,0.01,,2019-06,MILLIKEN PENDLETON PLANT
SC0000477,SC,textile,2019-06-30,TSS,7.4269744200000005,,,,,,37.5,,,,,,,2019-06,MILLIKEN PENDLETON PLANT
SC0000477,SC,textile,2019-07-31,Cr,7.72602181,,,,,,0.0,,,,,0.01,,2019-07,MILLIKEN PENDLETON PLANT
SC0000477,SC,textile,2019-07-31,TSS,7.72602181,,,,,,49.6,,,,,,,2019-07,MILLIKEN PENDLETON PLANT
SC0000477,SC,textile,2019-08-31,Cr,8.08185035,,,,,,0.0,,,,,0.01,,2019-08,MILLIKEN PENDLETON PLANT
SC0000477,SC,textile,2019-08-31,TSS,8.08185035,,,,,,16.3,,,,,,,2019-08,MILLIKEN PENDLETON PLANT
SC0000477,SC,textile,2019-09-30,Cr,7.66545525,,,,,,0.0,,,,,0.01,,2019-09,MILLIKEN PENDLETON PLANT
SC0000477,SC,textile,2019-09-30,TSS,7.66545525,,,,,,12.8,,,,,,,2019-09,MILLIKEN PENDLETON PLANT
SC0000477,SC,textile,2019-10-31,Cr,8.238944865,,,,,,0.0,,,,,0.01,,2019-10,MILLIKEN PENDLETON PLANT
SC0000477,SC,textile,2019-10-31,TSS,8.238944865,,,,,,17.0,,,,,,,2019-10,MILLIKEN PENDLETON PLANT
SC0000477,SC,textile,2019-11-30,Cr,7.5670345900000004,,,,,,0.0,,,,,0.01,,2019-11,MILLIKEN PENDLETON PLANT
SC0000477,SC,textile,2019-11-30,TSS,7.5670345900000004,,,,,,18.5,,,,,,,2019-11,MILLIKEN PENDLETON PLANT
SC0000477,SC,textile,2019-12-31,Cr,4.476247325000001,,,,,,0.0,,,,,0.01,,2019-12,MILLIKEN PENDLETON PLANT
SC0000477,SC,textile,2019-12-31,TSS,4.476247325000001,,,,,,11.2,,,,,,,2019-12,MILLIKEN PENDLETON PLANT
SC0000477,SC,textile,2020-01-31,Cr,8.26733544,,,,,,0.0,,,,,0.01,,2020-01,MILLIKEN PENDLETON PLANT
SC0000477,SC,textile,2020-01-31,TSS,8.26733544,,,,,,9.8,,,,,,,2020-01,MILLIKEN PENDLETON PLANT
SC0000477,SC,textile,2020-02-29,Cr,8.50203086,,,,,,0.0,,,,,0.01,,2020-02,MILLIKEN PENDLETON PLANT
SC0000477,SC,textile,2020-02-29,TSS,8.50203086,,,,,,18.0,,,,,,,2020-02,MILLIKEN PENDLETON PLANT
SC0000477,SC,textile,2020-03-31,Cr,7.345588105000001,,,,,,0.0,,,,,0.01,,2020-03,MILLIKEN PENDLETON PLANT
SC0000477,SC,textile,2020-03-31,TSS,7.345588105000001,,,,,,13.6,,,,,,,2020-03,MILLIKEN PENDLETON PLANT
SC0000477,SC,textile,2020-04-30,Cr,7.3436954000000005,,,,,,0.0,,,,,0.01,,2020-04,MILLIKEN PENDLETON PLANT
SC0000477,SC,textile,2020-04-30,TSS,7.3436954000000005,,,,,,9.0,,,,,,,2020-04,MILLIKEN PENDLETON PLANT
SC0000477,SC,textile,2020-05-31,Cr,6.927300300000001,,,,,,0.0,,,,,0.01,,2020-05,MILLIKEN PENDLETON PLANT
SC0000477,SC,textile,2020-05-31,TSS,6.927300300000001,,,,,,32.75,,,,,,,2020-05,MILLIKEN PENDLETON PLANT
SC0000477,SC,textile,2020-06-30,Cr,4.419466175,,,,,,0.0,,,,,0.01,,2020-06,MILLIKEN PENDLETON PLANT
SC0000477,SC,textile,2020-06-30,TSS,4.419466175,,,,,,40.4,,,,,,,2020-06,MILLIKEN PENDLETON PLANT
SC0000477,SC,textile,2020-07-31,Cr,5.432063350000001,,,,,,0.0,,,,,0.01,,2020-07,MILLIKEN PENDLETON PLANT
SC0000477,SC,textile,2020-07-31,TSS,5.432063350000001,,,,,,40.0,,,,,,,2020-07,MILLIKEN PENDLETON PLANT
SC0000477,SC,textile,2020-08-31,Cr,6.1702183,,,,,,0.0,,,,,0.01,,2020-08,MILLIKEN PENDLETON PLANT
SC0000477,SC,textile,2020-08-31,TSS,6.1702183,,,,,,39.0,,,,,,,2020-08,MILLIKEN PENDLETON PLANT
SC0000477,SC,textile,2020-09-30,Cr,7.43833065,,,,,,0.0,,,,,0.01,,2020-09,MILLIKEN PENDLETON PLANT
SC0000477,SC,textile,2020-09-30,TSS,7.43833065,,,,,,22.2,,,,,,,2020-09,MILLIKEN PENDLETON PLANT
SC0000477,SC,textile,2020-10-31,Cr,7.663562545,,,,,,0.0,,,,,0.01,,2020-10,MILLIKEN PENDLETON PLANT
SC0000477,SC,textile,2020-10-31,TSS,7.663562545,,,,,,37.0,,,,,,,2020-10,MILLIKEN PENDLETON PLANT
SC0000477,SC,textile,2020-11-30,Cr,7.40047655,,,,,,0.0,,,,,0.01,,2020-11,MILLIKEN PENDLETON PLANT
SC0000477,SC,textile,2020-11-30,TSS,7.40047655,,,,,,43.5,,,,,,,2020-11,MILLIKEN PENDLETON PLANT
SC0000477,SC,textile,2020-12-31,Cr,6.1702183,,,,,,0.0,,,,,0.01,,2020-12,MILLIKEN PENDLETON PLANT
SC0000477,SC,textile,2020-12-31,TSS,6.1702183,,,,,,46.2,,,,,,,2020-12,MILLIKEN PENDLETON PLANT
SC0000477,SC,textile,2021-01-31,Cr,5.589157865000001,,,,,,0.0,,,,,0.01,,2021-01,MILLIKEN PENDLETON PLANT
SC0000477,SC,textile,2021-01-31,TSS,5.589157865000001,,,,,,45.0,,,,,,,2021-01,MILLIKEN PENDLETON PLANT
SC0000477,SC,textile,2021-02-28,Cr,6.56011553,,,,,,0.0,,,,,,,2021-02,MILLIKEN PENDLETON PLANT
SC0000477,SC,textile,2021-02-28,TSS,6.56011553,,,,,,47.25,,,,,,,2021-02,MILLIKEN PENDLETON PLANT
SC0000477,SC,textile,2021-03-31,Cr,6.34056175,,,,,,0.0,,,,,0.01,,2021-03,MILLIKEN PENDLETON PLANT
SC0000477,SC,textile,2021-03-31,TSS,6.34056175,,,,,,31.0,,,,,,,2021-03,MILLIKEN PENDLETON PLANT
SC0000477,SC,textile,2021-04-30,Cr,5.9430937,,,,,,0.0,,,,,0.01,,2021-04,MILLIKEN PENDLETON PLANT
SC0000477,SC,textile,2021-04-30,TSS,5.9430937,,,,,,30.3,,,,,,,2021-04,MILLIKEN PENDLETON PLANT
SC0000477,SC,textile,2021-05-31,Cr,5.715969100000001,,,,,,0.0,,,,,0.01,,2021-05,MILLIKEN PENDLETON PLANT
SC0000477,SC,textile,2021-05-31,TSS,5.715969100000001,,,,,,48.8,,,,,,,2021-05,MILLIKEN PENDLETON PLANT
SC0000477,SC,textile,2021-06-30,Cr,5.8295314000000005,,,,,,0.0,,,,,0.01,,2021-06,MILLIKEN PENDLETON PLANT
SC0000477,SC,textile,2021-06-30,TSS,5.8295314000000005,,,,,,34.2,,,,,,,2021-06,MILLIKEN PENDLETON PLANT
SC0000477,SC,textile,2021-07-31,Cr,5.1103035000000006,,,,,,0.0,,,,,,,2021-07,MILLIKEN PENDLETON PLANT
SC0000477,SC,textile,2021-07-31,TSS,5.1103035000000006,,,,,,20.0,,,,,,,2021-07,MILLIKEN PENDLETON PLANT
SC0000477,SC,textile,2021-08-31,Cr,4.921033,,,,,,0.0,,,,,,,2021-08,MILLIKEN PENDLETON PLANT
SC0000477,SC,textile,2021-08-31,TSS,4.921033,,,,,,24.0,,,,,,,2021-08,MILLIKEN PENDLETON PLANT
SC0000477,SC,textile,2021-09-30,Cr,5.46991745,,,,,,0.0,,,,,,,2021-09,MILLIKEN PENDLETON PLANT
SC0000477,SC,textile,2021-09-30,TSS,5.46991745,,,,,,30.2,,,,,,,2021-09,MILLIKEN PENDLETON PLANT
SC0000477,SC,textile,2021-10-31,Cr,5.1670846500000005,,,,,,0.0,,,,,,,2021-10,MILLIKEN PENDLETON PLANT
SC0000477,SC,textile,2021-10-31,TSS,5.1670846500000005,,,,,,32.0,,,,,,,2021-10,MILLIKEN PENDLETON PLANT
SC0000477,SC,textile,2021-11-30,Cr,5.3374281,,,,,,0.0,,,,,,,2021-11,MILLIKEN PENDLETON PLANT
SC0000477,SC,textile,2021-11-30,TSS,5.3374281,,,,,,34.2,,,,,,,2021-11,MILLIKEN PENDLETON PLANT
SC0000477,SC,textile,2021-12-31,Cr,6.2459264999999995,,,,,,0.0,,,,,,,2021-12,MILLIKEN PENDLETON PLANT
SC0000477,SC,textile,2021-12-31,TSS,6.2459264999999995,,,,,,20.75,,,,,,,2021-12,MILLIKEN PENDLETON PLANT
SC0000477,SC,textile,2022-01-31,Cr,5.3374281,,,,,,0.0,,,,,,,2022-01,MILLIKEN PENDLETON PLANT
SC0000477,SC,textile,2022-01-31,TSS,5.3374281,,,,,,27.0,,,,,,,2022-01,MILLIKEN PENDLETON PLANT
SC0000477,SC,textile,2022-02-28,Cr,5.9430937,,,,,,0.0,,,,,,,2022-02,MILLIKEN PENDLETON PLANT
SC0000477,SC,textile,2022-02-28,TSS,5.9430937,,,,,,31.3,,,,,,,2022-02,MILLIKEN PENDLETON PLANT
SC0000477,SC,textile,2022-03-31,Cr,6.0945101,,,,,,0.0,,,,,,,2022-03,MILLIKEN PENDLETON PLANT
SC0000477,SC,textile,2022-03-31,TSS,6.0945101,,,,,,26.4,,,,,,,2022-03,MILLIKEN PENDLETON PLANT
SC0000477,SC,textile,2022-04-30,Cr,6.18914535,,,,,,0.0,,,,,,,2022-04,MILLIKEN PENDLETON PLANT
SC0000477,SC,textile,2022-04-30,TSS,6.18914535,,,,,,22.2,,,,,,,2022-04,MILLIKEN PENDLETON PLANT
SC0000477,SC,textile,2022-05-31,Cr,6.52983225,,,,,,0.0,,,,,,,2022-05,MILLIKEN PENDLETON PLANT
SC0000477,SC,textile,2022-05-31,TSS,6.52983225,,,,,,47.6,,,,,,,2022-05,MILLIKEN PENDLETON PLANT
SC0000477,SC,textile,2022-06-30,Cr,6.22699945,,,,,,0.0,,,,,,,2022-06,MILLIKEN PENDLETON PLANT
SC0000477,SC,textile,2022-06-30,TSS,6.22699945,,,,,,48.0,,,,,,,2022-06,MILLIKEN PENDLETON PLANT
SC0000477,SC,textile,2022-07-31,Cr,4.712835450000001,,,,,,0.0,,,,,0.01,,2022-07,MILLIKEN PENDLETON PLANT
SC0000477,SC,textile,2022-07-31,TSS,4.712835450000001,,,,,,62.5,,,,,,,2022-07,MILLIKEN PENDLETON PLANT
SC0000477,SC,textile,2022-08-31,Cr,6.3594888,,,,,,0.0,,,,,0.01,,2022-08,MILLIKEN PENDLETON PLANT
SC0000477,SC,textile,2022-08-31,TSS,6.3594888,,,,,,33.2,,,,,,,2022-08,MILLIKEN PENDLETON PLANT
SC0000477,SC,textile,2022-09-30,Cr,6.4351970000000005,,,,,,0.0,,,,,0.01,,2022-09,MILLIKEN PENDLETON PLANT
SC0000477,SC,textile,2022-09-30,TSS,6.4351970000000005,,,,,,27.5,,,,,,,2022-09,MILLIKEN PENDLETON PLANT
SC0000477,SC,textile,2022-10-31,Cr,6.3784158500000006,,,,,,0.0,,,,,0.01,,2022-10,MILLIKEN PENDLETON PLANT
SC0000477,SC,textile,2022-10-31,TSS,6.3784158500000006,,,,,,43.3,,,,,,,2022-10,MILLIKEN PENDLETON PLANT
SC0000477,SC,textile,2022-11-30,Cr,6.45412405,,,,,,0.0,,,,,0.01,,2022-11,MILLIKEN PENDLETON PLANT
SC0000477,SC,textile,2022-11-30,TSS,6.45412405,,,,,,62.8,,,,,,,2022-11,MILLIKEN PENDLETON PLANT
SC0000477,SC,textile,2022-12-31,Cr,6.567686350000001,,,,,,0.0,,,,,0.01,,2022-12,MILLIKEN PENDLETON PLANT
SC0000477,SC,textile,2022-12-31,TSS,6.567686350000001,,,,,,91.3,,,,,,,2022-12,MILLIKEN PENDLETON PLANT
SC0000477,SC,textile,2023-01-31,Cr,6.5487593,,,,,,0.0,,,,,0.01,,2023-01,MILLIKEN PENDLETON PLANT
SC0000477,SC,textile,2023-01-31,TSS,6.5487593,,,,,,67.6,,,,,,,2023-01,MILLIKEN PENDLETON PLANT
SC0000477,SC,textile,2023-02-28,Cr,6.018801900000001,,,,,,0.0,,,,,0.01,,2023-02,MILLIKEN PENDLETON PLANT
SC0000477,SC,textile,2023-02-28,TSS,6.018801900000001,,,,,,62.8,,,,,,,2023-02,MILLIKEN PENDLETON PLANT
SC0000477,SC,textile,2023-03-31,Cr,6.1323642000000005,,,,,,0.0,,,,,0.01,,2023-03,MILLIKEN PENDLETON PLANT
SC0000477,SC,textile,2023-03-31,TSS,6.1323642000000005,,,,,,46.0,,,,,,,2023-03,MILLIKEN PENDLETON PLANT
SC0000477,SC,textile,2023-04-30,Cr,7.5329659,,,,,,0.0,,,,,0.01,,2023-04,MILLIKEN PENDLETON PLANT
SC0000477,SC,textile,2023-04-30,TSS,7.5329659,,,,,,45.0,,,,,,,2023-04,MILLIKEN PENDLETON PLANT
SC0000477,SC,textile,2023-05-31,Cr,6.2459264999999995,,,,,,0.0,,,,,0.01,,2023-05,MILLIKEN PENDLETON PLANT
SC0000477,SC,textile,2023-05-31,TSS,6.2459264999999995,,,,,,23.2,,,,,,,2023-05,MILLIKEN PENDLETON PLANT
SC0000477,SC,textile,2023-06-30,Cr,6.11343715,,,,,,0.0,,,,,0.01,,2023-06,MILLIKEN PENDLETON PLANT
SC0000477,SC,textile,2023-06-30,TSS,6.11343715,,,,,,21.8,,,,,,,2023-06,MILLIKEN PENDLETON PLANT
SC0000477,SC,textile,2023-07-31,Cr,5.867385499999999,,,,,,0.0,,,,,0.01,,2023-07,MILLIKEN PENDLETON PLANT
SC0000477,SC,textile,2023-07-31,TSS,5.867385499999999,,,,,,28.3,,,,,,,2023-07,MILLIKEN PENDLETON PLANT
SC0000477,SC,textile,2023-08-31,Cr,6.8515921,,,,,,0.0,,,,,0.01,,2023-08,MILLIKEN PENDLETON PLANT
SC0000477,SC,textile,2023-08-31,TSS,6.8515921,,,,,,19.4,,,,,,,2023-08,MILLIKEN PENDLETON PLANT
SC0000477,SC,textile,2023-09-30,Cr,6.454124050000001,,,,,,0.0,,,,,0.01,,2023-09,MILLIKEN PENDLETON PLANT
SC0000477,SC,textile,2023-09-30,TSS,6.454124050000001,,,,,,32.5,,,,,,,2023-09,MILLIKEN PENDLETON PLANT
SC0000477,SC,textile,2023-10-31,Cr,6.1323642000000005,,,,,,0.0,,,,,0.01,,2023-10,MILLIKEN PENDLETON PLANT
SC0000477,SC,textile,2023-10-31,TSS,6.1323642000000005,,,,,,31.2,,,,,,,2023-10,MILLIKEN PENDLETON PLANT
SC0000477,SC,textile,2023-11-30,Cr,6.1323642000000005,,,,,,0.0,,,,,0.01,,2023-11,MILLIKEN PENDLETON PLANT
SC0000477,SC,textile,2023-11-30,TSS,6.1323642000000005,,,,,,61.0,,,,,,,2023-11,MILLIKEN PENDLETON PLANT
SC0000477,SC,textile,2023-12-31,Cr,5.3374281,,,,,,0.0,,,,,0.01,,2023-12,MILLIKEN PENDLETON PLANT
SC0000477,SC,textile,2023-12-31,TSS,5.3374281,,,,,,46.0,,,,,,,2023-12,MILLIKEN PENDLETON PLANT
SC0000477,SC,textile,2024-01-31,Cr,6.71910275,,,,,,0.0,,,,,0.01,,2024-01,MILLIKEN PENDLETON PLANT
SC0000477,SC,textile,2024-01-31,TSS,6.71910275,,,,,,60.4,,,,,,,2024-01,MILLIKEN PENDLETON PLANT
SC0000477,SC,textile,2024-02-29,Cr,5.962020750000001,,,,,,0.0,,,,,0.01,,2024-02,MILLIKEN PENDLETON PLANT
SC0000477,SC,textile,2024-02-29,TSS,5.962020750000001,,,,,,30.25,,,,,,,2024-02,MILLIKEN PENDLETON PLANT
SC0000477,SC,textile,2024-03-31,Cr,6.264853550000001,,,,,,0.0,,,,,0.01,,2024-03,MILLIKEN PENDLETON PLANT
SC0000477,SC,textile,2024-03-31,TSS,6.264853550000001,,,,,,39.5,,,,,,,2024-03,MILLIKEN PENDLETON PLANT
SC0000477,SC,textile,2024-04-30,Cr,5.4131363,,,,,,0.0,,,,,0.01,,2024-04,MILLIKEN PENDLETON PLANT
SC0000477,SC,textile,2024-04-30,TSS,5.4131363,,,,,,36.0,,,,,,,2024-04,MILLIKEN PENDLETON PLANT
SC0000477,SC,textile,2024-05-31,Cr,5.88631255,,,,,,0.0,,,,,0.01,,2024-05,MILLIKEN PENDLETON PLANT
SC0000477,SC,textile,2024-05-31,TSS,5.88631255,,,,,,25.3,,,,,,,2024-05,MILLIKEN PENDLETON PLANT
SC0000477,SC,textile,2024-06-30,Cr,5.31850105,,,,,,0.0,,,,,0.01,,2024-06,MILLIKEN PENDLETON PLANT
SC0000477,SC,textile,2024-06-30,TSS,5.31850105,,,,,,27.3,,,,,,,2024-06,MILLIKEN PENDLETON PLANT
SC0000477,SC,textile,2024-07-31,Cr,5.54562565,,,,,,0.0,,,,,0.01,,2024-07,MILLIKEN PENDLETON PLANT
SC0000477,SC,textile,2024-07-31,TSS,5.54562565,,,,,,34.8,,,,,,,2024-07,MILLIKEN PENDLETON PLANT
SC0000477,SC,textile,2024-08-31,Cr,5.4699174500000005,,,,,,0.0,,,,,0.01,,2024-08,MILLIKEN PENDLETON PLANT
SC0000477,SC,textile,2024-08-31,TSS,5.4699174500000005,,,,,,35.5,,,,,,,2024-08,MILLIKEN PENDLETON PLANT
SC0000477,SC,textile,2024-09-30,Cr,7.74116345,,,,,,0.0,,,,,0.01,,2024-09,MILLIKEN PENDLETON PLANT
SC0000477,SC,textile,2024-09-30,TSS,7.74116345,,,,,,34.3,,,,,,,2024-09,MILLIKEN PENDLETON PLANT
SC0000477,SC,textile,2024-10-31,Cr,5.58347975,,,,,,0.0,,,,,,,2024-10,MILLIKEN PENDLETON PLANT
SC0000477,SC,textile,2024-10-31,TSS,5.58347975,,,,,,27.8,,,,,,,2024-10,MILLIKEN PENDLETON PLANT
SC0000477,SC,textile,2024-11-30,Cr,5.734896150000001,,,,,,0.0,,,,,0.01,,2024-11,MILLIKEN PENDLETON PLANT
SC0000477,SC,textile,2024-11-30,TSS,5.734896150000001,,,,,,53.0,,,,,,,2024-11,MILLIKEN PENDLETON PLANT
SC0000477,SC,textile,2024-12-31,Cr,5.24279285,,,,,,0.0,,,,,,,2024-12,MILLIKEN PENDLETON PLANT
SC0000477,SC,textile,2024-12-31,TSS,5.24279285,,,,,,89.0,,,,,,,2024-12,MILLIKEN PENDLETON PLANT
SC0000990,SC,textile,2019-01-31,BOD,0.7457257700000001,,,,,,31.0,,,,,,,2019-01,CHARGEURS WOOL (USA) INC
SC0000990,SC,textile,2019-01-31,COD,0.7457257700000001,,,,,,865.0,,,,,,,2019-01,CHARGEURS WOOL (USA) INC
SC0000990,SC,textile,2019-01-31,TSS,0.7457257700000001,,,,,,107.0,,,,,,,2019-01,CHARGEURS WOOL (USA) INC
SC0000990,SC,textile,2019-02-28,BOD,0.32554526,,,,,,42.0,,,,,,,2019-02,CHARGEURS WOOL (USA) INC
SC0000990,SC,textile,2019-02-28,COD,0.32554526,,,,,,1169.0,,,,,,,2019-02,CHARGEURS WOOL (USA) INC
SC0000990,SC,textile,2019-02-28,TSS,0.32554526,,,,,,204.0,,,,,,,2019-02,CHARGEURS WOOL (USA) INC
SC0000990,SC,textile,2019-09-30,BOD,0.7192279,,,,,,33.0,,,,,,,2019-09,CHARGEURS WOOL (USA) INC
SC0000990,SC,textile,2019-09-30,COD,0.7192279,,,,,,498.0,,,,,,,2019-09,CHARGEURS WOOL (USA) INC
SC0000990,SC,textile,2019-09-30,TSS,0.7192279,,,,,,78.0,,,,,,,2019-09,CHARGEURS WOOL (USA) INC
SC0000990,SC,textile,2019-10-31,BOD,0.58295314,,,,,,41.0,,,,,,,2019-10,CHARGEURS WOOL (USA) INC
SC0000990,SC,textile,2019-10-31,COD,0.58295314,,,,,,824.0,,,,,,,2019-10,CHARGEURS WOOL (USA) INC
SC0000990,SC,textile,2019-10-31,TSS,0.58295314,,,,,,42.0,,,,,,,2019-10,CHARGEURS WOOL (USA) INC
SC0000990,SC,textile,2019-11-30,BOD,0.59809478,,,,,,97.0,,,,,,,2019-11,CHARGEURS WOOL (USA) INC
SC0000990,SC,textile,2019-11-30,COD,0.59809478,,,,,,1478.0,,,,,,,2019-11,CHARGEURS WOOL (USA) INC
SC0000990,SC,textile,2019-11-30,TSS,0.59809478,,,,,,165.0,,,,,,,2019-11,CHARGEURS WOOL (USA) INC
SC0000990,SC,textile,2019-12-31,BOD,0.41260969000000003,,,,,,190.0,,,,,,,2019-12,CHARGEURS WOOL (USA) INC
SC0000990,SC,textile,2019-12-31,COD,0.41260969000000003,,,,,,1732.0,,,,,,,2019-12,CHARGEURS WOOL (USA) INC
SC0000990,SC,textile,2019-12-31,TSS,0.41260969000000003,,,,,,252.0,,,,,,,2019-12,CHARGEURS WOOL (USA) INC
SC0000990,SC,textile,2020-01-31,BOD,0.56402609,,,,,,122.0,,,,,,,2020-01,CHARGEURS WOOL (USA) INC
SC0000990,SC,textile,2020-01-31,COD,0.56402609,,,,,,1522.0,,,,,,,2020-01,CHARGEURS WOOL (USA) INC
SC0000990,SC,textile,2020-01-31,TSS,0.56402609,,,,,,203.0,,,,,,,2020-01,CHARGEURS WOOL (USA) INC
SC0000990,SC,textile,2020-02-29,BOD,0.46182002,,,,,,112.0,,,,,,,2020-02,CHARGEURS WOOL (USA) INC
SC0000990,SC,textile,2020-02-29,COD,0.46182002,,,,,,1205.0,,,,,,,2020-02,CHARGEURS WOOL (USA) INC
SC0000990,SC,textile,2020-02-29,TSS,0.46182002,,,,,,181.0,,,,,,,2020-02,CHARGEURS WOOL (USA) INC
SC0000990,SC,textile,2020-03-31,BOD,0.6056656,,,,,,102.0,,,,,,,2020-03,CHARGEURS WOOL (USA) INC
SC0000990,SC,textile,2020-03-31,COD,0.6056656,,,,,,990.0,,,,,,,2020-03,CHARGEURS WOOL (USA) INC
SC0000990,SC,textile,2020-03-31,TSS,0.6056656,,,,,,226.0,,,,,,,2020-03,CHARGEURS WOOL (USA) INC
SC0000990,SC,textile,2020-04-30,BOD,0.61323642,,,,,,78.0,,,,,,,2020-04,CHARGEURS WOOL (USA) INC
SC0000990,SC,textile,2020-04-30,COD,0.61323642,,,,,,893.0,,,,,,,2020-04,CHARGEURS WOOL (USA) INC
SC0000990,SC,textile,2020-04-30,TSS,0.61323642,,,,,,163.0,,,,,,,2020-04,CHARGEURS WOOL (USA) INC
SC0000990,SC,textile,2020-05-31,BOD,0.07949361,,,,,,41.0,,,,,,,2020-05,CHARGEURS WOOL (USA) INC
SC0000990,SC,textile,2020-05-31,COD,0.07949361,,,,,,1342.0,,,,,,,2020-05,CHARGEURS WOOL (USA) INC
SC0000990,SC,textile,2020-05-31,TSS,0.07949361,,,,,,262.0,,,,,,,2020-05,CHARGEURS WOOL (USA) INC
SC0000990,SC,textile,2020-07-31,BOD,0.53374281,,,,,,94.0,,,,,,,2020-07,CHARGEURS WOOL (USA) INC
SC0000990,SC,textile,2020-07-31,COD,0.53374281,,,,,,790.0,,,,,,,2020-07,CHARGEURS WOOL (USA) INC
SC0000990,SC,textile,2020-07-31,TSS,0.53374281,,,,,,229.0,,,,,,,2020-07,CHARGEURS WOOL (USA) INC
SC0000990,SC,textile,2020-08-31,BOD,0.60188019,,,,,,176.0,,,,,,,2020-08,CHARGEURS WOOL (USA) INC
SC0000990,SC,textile,2020-08-31,COD,0.60188019,,,,,,1605.0,,,,,,,2020-08,CHARGEURS WOOL (USA) INC
SC0000990,SC,textile,2020-08-31,TSS,0.60188019,,,,,,276.0,,,,,,,2020-08,CHARGEURS WOOL (USA) INC
SC0000990,SC,textile,2020-09-30,BOD,0.12870394000000002,,,,,,234.0,,,,,,,2020-09,CHARGEURS WOOL (USA) INC
SC0000990,SC,textile,2020-09-30,COD,0.12870394000000002,,,,,,1786.0,,,,,,,2020-09,CHARGEURS WOOL (USA) INC
SC0000990,SC,textile,2020-09-30,TSS,0.12870394000000002,,,,,,278.0,,,,,,,2020-09,CHARGEURS WOOL (USA) INC
SC0000990,SC,textile,2020-10-31,BOD,0.37097018000000004,,,,,,125.0,,,,,,,2020-10,CHARGEURS WOOL (USA) INC
SC0000990,SC,textile,2020-10-31,COD,0.37097018000000004,,,,,,1298.0,,,,,,,2020-10,CHARGEURS WOOL (USA) INC
SC0000990,SC,textile,2020-10-31,TSS,0.37097018000000004,,,,,,226.0,,,,,,,2020-10,CHARGEURS WOOL (USA) INC
SC0000990,SC,textile,2020-11-30,BOD,0.40125346,,,,,,308.0,,,,,,,2020-11,CHARGEURS WOOL (USA) INC
SC0000990,SC,textile,2020-11-30,COD,0.40125346,,,,,,1529.0,,,,,,,2020-11,CHARGEURS WOOL (USA) INC
SC0000990,SC,textile,2020-11-30,TSS,0.40125346,,,,,,490.0,,,,,,,2020-11,CHARGEURS WOOL (USA) INC
SC0000990,SC,textile,2020-12-31,BOD,0.30661821,,,,,,17.0,,,,,,,2020-12,CHARGEURS WOOL (USA) INC
SC0000990,SC,textile,2020-12-31,COD,0.30661821,,,,,,1693.0,,,,,,,2020-12,CHARGEURS WOOL (USA) INC
SC0000990,SC,textile,2020-12-31,TSS,0.30661821,,,,,,138.0,,,,,,,2020-12,CHARGEURS WOOL (USA) INC
SC0000990,SC,textile,2021-01-31,BOD,0.31040362000000005,,,,,,193.0,,,,,,,2021-01,CHARGEURS WOOL (USA) INC
SC0000990,SC,textile,2021-01-31,COD,0.31040362000000005,,,,,,1772.0,,,,,,,2021-01,CHARGEURS WOOL (USA) INC
SC0000990,SC,textile,2021-01-31,TSS,0.31040362000000005,,,,,,245.0,,,,,,,2021-01,CHARGEURS WOOL (USA) INC
SC0000990,SC,textile,2021-02-28,BOD,0.48453248000000004,,,,,,260.0,,,,,,,2021-02,CHARGEURS WOOL (USA) INC
SC0000990,SC,textile,2021-02-28,COD,0.48453248000000004,,,,,,1078.0,,,,,,,2021-02,CHARGEURS WOOL (USA) INC
SC0000990,SC,textile,2021-02-28,TSS,0.48453248000000004,,,,,,316.0,,,,,,,2021-02,CHARGEURS WOOL (USA) INC
SC0000990,SC,textile,2021-03-31,BOD,0.68894462,,,,,,238.0,,,,,,,2021-03,CHARGEURS WOOL (USA) INC
SC0000990,SC,textile,2021-03-31,COD,0.68894462,,,,,,2086.0,,,,,,,2021-03,CHARGEURS WOOL (USA) INC
SC0000990,SC,textile,2021-03-31,TSS,0.68894462,,,,,,260.0,,,,,,,2021-03,CHARGEURS WOOL (USA) INC
SC0000990,SC,textile,2021-04-30,BOD,0.5299574,,,,,,64.0,,,,,,,2021-04,CHARGEURS WOOL (USA) INC
SC0000990,SC,textile,2021-04-30,COD,0.5299574,,,,,,591.0,,,,,,,2021-04,CHARGEURS WOOL (USA) INC
SC0000990,SC,textile,2021-04-30,TSS,0.5299574,,,,,,81.0,,,,,,,2021-04,CHARGEURS WOOL (USA) INC
SC0000990,SC,textile,2021-05-31,BOD,0.4542492,,,,,,57.0,,,,,,,2021-05,CHARGEURS WOOL (USA) INC
SC0000990,SC,textile,2021-05-31,COD,0.4542492,,,,,,728.0,,,,,,,2021-05,CHARGEURS WOOL (USA) INC
SC0000990,SC,textile,2021-05-31,TSS,0.4542492,,,,,,119.0,,,,,,,2021-05,CHARGEURS WOOL (USA) INC
SC0000990,SC,textile,2021-08-31,BOD,0.46939084000000003,,,,,,69.0,,,,,,,2021-08,CHARGEURS WOOL (USA) INC
SC0000990,SC,textile,2021-08-31,COD,0.46939084000000003,,,,,,657.0,,,,,,,2021-08,CHARGEURS WOOL (USA) INC
SC0000990,SC,textile,2021-08-31,TSS,0.46939084000000003,,,,,,187.0,,,,,,,2021-08,CHARGEURS WOOL (USA) INC
SC0000990,SC,textile,2021-09-30,BOD,0.65866134,,,,,,42.0,,,,,,,2021-09,CHARGEURS WOOL (USA) INC
SC0000990,SC,textile,2021-09-30,COD,0.65866134,,,,,,649.0,,,,,,,2021-09,CHARGEURS WOOL (USA) INC
SC0000990,SC,textile,2021-09-30,TSS,0.65866134,,,,,,117.0,,,,,,,2021-09,CHARGEURS WOOL (USA) INC
SC0000990,SC,textile,2021-10-31,BOD,0.65487593,,,,,,81.0,,,,,,,2021-10,CHARGEURS WOOL (USA) INC
SC0000990,SC,textile,2021-10-31,COD,0.65487593,,,,,,777.0,,,,,,,2021-10,CHARGEURS WOOL (USA) INC
SC0000990,SC,textile,2021-10-31,TSS,0.65487593,,,,,,127.0,,,,,,,2021-10,CHARGEURS WOOL (USA) INC
SC0000990,SC,textile,2021-11-30,BOD,0.57538232,,,,,,141.0,,,,,,,2021-11,CHARGEURS WOOL (USA) INC
SC0000990,SC,textile,2021-11-30,COD,0.57538232,,,,,,649.0,,,,,,,2021-11,CHARGEURS WOOL (USA) INC
SC0000990,SC,textile,2021-11-30,TSS,0.57538232,,,,,,212.0,,,,,,,2021-11,CHARGEURS WOOL (USA) INC
SC0000990,SC,textile,2021-12-31,BOD,2.1198296,,,,,,46.0,,,,,,,2021-12,CHARGEURS WOOL (USA) INC
SC0000990,SC,textile,2021-12-31,COD,2.1198296,,,,,,534.0,,,,,,,2021-12,CHARGEURS WOOL (USA) INC
SC0000990,SC,textile,2021-12-31,TSS,2.1198296,,,,,,100.0,,,,,,,2021-12,CHARGEURS WOOL (USA) INC
SC0000990,SC,textile,2022-01-31,BOD,0.35582854,,,,,,21.0,,,,,,,2022-01,CHARGEURS WOOL (USA) INC
SC0000990,SC,textile,2022-01-31,COD,0.35582854,,,,,,415.0,,,,,,,2022-01,CHARGEURS WOOL (USA) INC
SC0000990,SC,textile,2022-01-31,TSS,0.35582854,,,,,,74.0,,,,,,,2022-01,CHARGEURS WOOL (USA) INC
SC0000990,SC,textile,2022-02-28,BOD,0.42775133000000004,,,,,,131.0,,,,,,,2022-02,CHARGEURS WOOL (USA) INC
SC0000990,SC,textile,2022-02-28,COD,0.42775133000000004,,,,,,2415.0,,,,,,,2022-02,CHARGEURS WOOL (USA) INC
SC0000990,SC,textile,2022-02-28,TSS,0.42775133000000004,,,,,,275.0,,,,,,,2022-02,CHARGEURS WOOL (USA) INC
SC0000990,SC,textile,2022-03-31,BOD,0.36339936,,,,,,94.0,,,,,,,2022-03,CHARGEURS WOOL (USA) INC
SC0000990,SC,textile,2022-03-31,COD,0.36339936,,,,,,935.0,,,,,,,2022-03,CHARGEURS WOOL (USA) INC
SC0000990,SC,textile,2022-03-31,TSS,0.36339936,,,,,,208.0,,,,,,,2022-03,CHARGEURS WOOL (USA) INC
SC0000990,SC,textile,2022-04-30,BOD,0.38232641000000006,,,,,,120.0,,,,,,,2022-04,CHARGEURS WOOL (USA) INC
SC0000990,SC,textile,2022-04-30,COD,0.38232641000000006,,,,,,523.0,,,,,,,2022-04,CHARGEURS WOOL (USA) INC
SC0000990,SC,textile,2022-04-30,TSS,0.38232641000000006,,,,,,283.0,,,,,,,2022-04,CHARGEURS WOOL (USA) INC
SC0000990,SC,textile,2022-05-31,BOD,0.42396592000000005,,,,,,169.0,,,,,,,2022-05,CHARGEURS WOOL (USA) INC
SC0000990,SC,textile,2022-05-31,COD,0.42396592000000005,,,,,,1825.0,,,,,,,2022-05,CHARGEURS WOOL (USA) INC
SC0000990,SC,textile,2022-05-31,TSS,0.42396592000000005,,,,,,296.0,,,,,,,2022-05,CHARGEURS WOOL (USA) INC
SC0000990,SC,textile,2022-06-30,BOD,0.19305591,,,,,,85.0,,,,,,,2022-06,CHARGEURS WOOL (USA) INC
SC0000990,SC,textile,2022-06-30,COD,0.19305591,,,,,,587.0,,,,,,,2022-06,CHARGEURS WOOL (USA) INC
SC0000990,SC,textile,2022-06-30,TSS,0.19305591,,,,,,186.0,,,,,,,2022-06,CHARGEURS WOOL (USA) INC
SC0000990,SC,textile,2022-07-31,BOD,0.16655804,,,,,,58.0,,,,,,,2022-07,CHARGEURS WOOL (USA) INC
SC0000990,SC,textile,2022-07-31,COD,0.16655804,,,,,,261.0,,,,,,,2022-07,CHARGEURS WOOL (USA) INC
SC0000990,SC,textile,2022-07-31,TSS,0.16655804,,,,,,43.0,,,,,,,2022-07,CHARGEURS WOOL (USA) INC
SC0000990,SC,textile,2022-08-31,BOD,0.21198296000000003,,,,,,138.0,,,,,,,2022-08,CHARGEURS WOOL (USA) INC
SC0000990,SC,textile,2022-08-31,COD,0.21198296000000003,,,,,,1072.0,,,,,,,2022-08,CHARGEURS WOOL (USA) INC
SC0000990,SC,textile,2022-08-31,TSS,0.21198296000000003,,,,,,198.0,,,,,,,2022-08,CHARGEURS WOOL (USA) INC
SC0000990,SC,textile,2022-09-30,BOD,0.40125346,,,,,,283.0,,,,,,,2022-09,CHARGEURS WOOL (USA) INC
SC0000990,SC,textile,2022-09-30,COD,0.40125346,,,,,,2268.0,,,,,,,2022-09,CHARGEURS WOOL (USA) INC
SC0000990,SC,textile,2022-09-30,TSS,0.40125346,,,,,,316.0,,,,,,,2022-09,CHARGEURS WOOL (USA) INC
SC0000990,SC,textile,2022-10-31,BOD,0.48831789000000003,,,,,,234.0,,,,,,,2022-10,CHARGEURS WOOL (USA) INC
SC0000990,SC,textile,2022-10-31,COD,0.48831789000000003,,,,,,1911.0,,,,,,,2022-10,CHARGEURS WOOL (USA) INC
SC0000990,SC,textile,2022-10-31,TSS,0.48831789000000003,,,,,,336.0,,,,,,,2022-10,CHARGEURS WOOL (USA) INC
SC0000990,SC,textile,2022-11-30,BOD,0.38989723,,,,,,49.0,,,,,,,2022-11,CHARGEURS WOOL (USA) INC
SC0000990,SC,textile,2022-11-30,COD,0.38989723,,,,,,750.0,,,,,,,2022-11,CHARGEURS WOOL (USA) INC
SC0000990,SC,textile,2022-11-30,TSS,0.38989723,,,,,,485.0,,,,,,,2022-11,CHARGEURS WOOL (USA) INC
SC0000990,SC,textile,2022-12-31,BOD,0.34825772,,,,,,39.0,,,,,,,2022-12,CHARGEURS WOOL (USA) INC
SC0000990,SC,textile,2022-12-31,COD,0.34825772,,,,,,793.0,,,,,,,2022-12,CHARGEURS WOOL (USA) INC
SC0000990,SC,textile,2022-12-31,TSS,0.34825772,,,,,,228.0,,,,,,,2022-12,CHARGEURS WOOL (USA) INC
SC0000990,SC,textile,2023-01-31,BOD,0.40882428000000004,,,,,,98.9,,,,,,,2023-01,CHARGEURS WOOL (USA) INC
SC0000990,SC,textile,2023-01-31,COD,0.40882428000000004,,,,,,1770.0,,,,,,,2023-01,CHARGEURS WOOL (USA) INC
SC0000990,SC,textile,2023-01-31,TSS,0.40882428000000004,,,,,,235.0,,,,,,,2023-01,CHARGEURS WOOL (USA) INC
SC0000990,SC,textile,2023-02-28,BOD,0.3028328,,,,,,129.0,,,,,,,2023-02,CHARGEURS WOOL (USA) INC
SC0000990,SC,textile,2023-02-28,COD,0.3028328,,,,,,3240.0,,,,,,,2023-02,CHARGEURS WOOL (USA) INC
SC0000990,SC,textile,2023-02-28,TSS,0.3028328,,,,,,172.5,,,,,,,2023-02,CHARGEURS WOOL (USA) INC
SC0000990,SC,textile,2023-03-31,BOD,0.45046379,,,,,,154.0,,,,,,,2023-03,CHARGEURS WOOL (USA) INC
SC0000990,SC,textile,2023-03-31,COD,0.45046379,,,,,,1620.0,,,,,,,2023-03,CHARGEURS WOOL (USA) INC
SC0000990,SC,textile,2023-03-31,TSS,0.45046379,,,,,,155.0,,,,,,,2023-03,CHARGEURS WOOL (USA) INC
SC0000990,SC,textile,2023-04-30,BOD,0.052995740000000006,,,,,,39.0,,,,,,,2023-04,CHARGEURS WOOL (USA) INC
SC0000990,SC,textile,2023-04-30,COD,0.052995740000000006,,,,,,993.0,,,,,,,2023-04,CHARGEURS WOOL (USA) INC
SC0000990,SC,textile,2023-04-30,TSS,0.052995740000000006,,,,,,165.0,,,,,,,2023-04,CHARGEURS WOOL (USA) INC
SC0000990,SC,textile,2023-05-31,BOD,0.8555026600000001,,,,,,32.2,,,,,,,2023-05,CHARGEURS WOOL (USA) INC
SC0000990,SC,textile,2023-05-31,COD,0.8555026600000001,,,,,,658.0,,,,,,,2023-05,CHARGEURS WOOL (USA) INC
SC0000990,SC,textile,2023-05-31,TSS,0.8555026600000001,,,,,,58.0,,,,,,,2023-05,CHARGEURS WOOL (USA) INC
SC0000990,SC,textile,2023-06-30,BOD,0.5034595300000001,,,,,,34.0,,,,,,,2023-06,CHARGEURS WOOL (USA) INC
SC0000990,SC,textile,2023-06-30,COD,0.5034595300000001,,,,,,771.0,,,,,,,2023-06,CHARGEURS WOOL (USA) INC
SC0000990,SC,textile,2023-06-30,TSS,0.5034595300000001,,,,,,100.0,,,,,,,2023-06,CHARGEURS WOOL (USA) INC
SC0000990,SC,textile,2023-07-31,BOD,0.6435197,,,,,,120.0,,,,,,,2023-07,CHARGEURS WOOL (USA) INC
SC0000990,SC,textile,2023-07-31,COD,0.6435197,,,,,,1070.0,,,,,,,2023-07,CHARGEURS WOOL (USA) INC
SC0000990,SC,textile,2023-07-31,TSS,0.6435197,,,,,,40.0,,,,,,,2023-07,CHARGEURS WOOL (USA) INC
SC0000990,SC,textile,2023-08-31,BOD,0.23091001,,,,,,14.6,,,,,,,2023-08,CHARGEURS WOOL (USA) INC
SC0000990,SC,textile,2023-08-31,COD,0.23091001,,,,,,381.0,,,,,,,2023-08,CHARGEURS WOOL (USA) INC
SC0000990,SC,textile,2023-08-31,TSS,0.23091001,,,,,,20.83,,,,,,,2023-08,CHARGEURS WOOL (USA) INC
SC0000990,SC,textile,2023-09-30,BOD,0.37475559,,,,,,130.0,,,,,,,2023-09,CHARGEURS WOOL (USA) INC
SC0000990,SC,textile,2023-09-30,COD,0.37475559,,,,,,1030.0,,,,,,,2023-09,CHARGEURS WOOL (USA) INC
SC0000990,SC,textile,2023-09-30,TSS,0.37475559,,,,,,63.33,,,,,,,2023-09,CHARGEURS WOOL (USA) INC
SC0000990,SC,textile,2023-10-31,BOD,0.36339936,,,,,,60.3,,,,,,,2023-10,CHARGEURS WOOL (USA) INC
SC0000990,SC,textile,2023-10-31,COD,0.36339936,,,,,,622.0,,,,,,,2023-10,CHARGEURS WOOL (USA) INC
SC0000990,SC,textile,2023-10-31,TSS,0.36339936,,,,,,44.0,,,,,,,2023-10,CHARGEURS WOOL (USA) INC
SC0000990,SC,textile,2023-11-30,BOD,0.45046379,,,,,,70.3,,,,,,,2023-11,CHARGEURS WOOL (USA) INC
SC0000990,SC,textile,2023-11-30,COD,0.45046379,,,,,,1170.0,,,,,,,2023-11,CHARGEURS WOOL (USA) INC
SC0000990,SC,textile,2023-11-30,TSS,0.45046379,,,,,,88.0,,,,,,,2023-11,CHARGEURS WOOL (USA) INC
SC0000990,SC,textile,2023-12-31,BOD,0.42396592000000005,,,,,,108.0,,,,,,,2023-12,CHARGEURS WOOL (USA) INC
SC0000990,SC,textile,2023-12-31,COD,0.42396592000000005,,,,,,1300.0,,,,,,,2023-12,CHARGEURS WOOL (USA) INC
SC0000990,SC,textile,2023-12-31,TSS,0.42396592000000005,,,,,,70.0,,,,,,,2023-12,CHARGEURS WOOL (USA) INC
SC0000990,SC,textile,2024-01-31,BOD,0.59809478,,,,,,14.8,,,,,,,2024-01,CHARGEURS WOOL (USA) INC
SC0000990,SC,textile,2024-01-31,COD,0.59809478,,,,,,523.0,,,,,,,2024-01,CHARGEURS WOOL (USA) INC
SC0000990,SC,textile,2024-01-31,TSS,0.59809478,,,,,,35.0,,,,,,,2024-01,CHARGEURS WOOL (USA) INC
SC0000990,SC,textile,2024-02-29,BOD,0.38611182,,,,,,181.0,,,,,,,2024-02,CHARGEURS WOOL (USA) INC
SC0000990,SC,textile,2024-02-29,COD,0.38611182,,,,,,1720.0,,,,,,,2024-02,CHARGEURS WOOL (USA) INC
SC0000990,SC,textile,2024-02-29,TSS,0.38611182,,,,,,172.5,,,,,,,2024-02,CHARGEURS WOOL (USA) INC
SC0000990,SC,textile,2024-03-31,BOD,0.57538232,,,,,,144.0,,,,,,,2024-03,CHARGEURS WOOL (USA) INC
SC0000990,SC,textile,2024-03-31,COD,0.57538232,,,,,,1560.0,,,,,,,2024-03,CHARGEURS WOOL (USA) INC
SC0000990,SC,textile,2024-03-31,TSS,0.57538232,,,,,,126.7,,,,,,,2024-03,CHARGEURS WOOL (USA) INC
SC0000990,SC,textile,2024-04-30,BOD,0.55645527,,,,,,88.5,,,,,,,2024-04,CHARGEURS WOOL (USA) INC
SC0000990,SC,textile,2024-04-30,COD,0.55645527,,,,,,946.0,,,,,,,2024-04,CHARGEURS WOOL (USA) INC
SC0000990,SC,textile,2024-04-30,TSS,0.55645527,,,,,,78.3,,,,,,,2024-04,CHARGEURS WOOL (USA) INC
SC0000990,SC,textile,2024-05-31,BOD,0.4163951,,,,,,156.0,,,,,,,2024-05,CHARGEURS WOOL (USA) INC
SC0000990,SC,textile,2024-05-31,COD,0.4163951,,,,,,1690.0,,,,,,,2024-05,CHARGEURS WOOL (USA) INC
SC0000990,SC,textile,2024-05-31,TSS,0.4163951,,,,,,86.67,,,,,,,2024-05,CHARGEURS WOOL (USA) INC
SC0000990,SC,textile,2024-06-30,BOD,0.46939084000000003,,,,,,197.0,,,,,,,2024-06,CHARGEURS WOOL (USA) INC
SC0000990,SC,textile,2024-06-30,COD,0.46939084000000003,,,,,,1260.0,,,,,,,2024-06,CHARGEURS WOOL (USA) INC
SC0000990,SC,textile,2024-06-30,TSS,0.46939084000000003,,,,,,96.7,,,,,,,2024-06,CHARGEURS WOOL (USA) INC
SC0000990,SC,textile,2024-07-31,BOD,0.60945101,,,,,,60.6,,,,,,,2024-07,CHARGEURS WOOL (USA) INC
SC0000990,SC,textile,2024-07-31,COD,0.60945101,,,,,,565.0,,,,,,,2024-07,CHARGEURS WOOL (USA) INC
SC0000990,SC,textile,2024-07-31,TSS,0.60945101,,,,,,45.0,,,,,,,2024-07,CHARGEURS WOOL (USA) INC
SC0000990,SC,textile,2024-08-31,BOD,0.57916773,,,,,,24.0,,,,,,,2024-08,CHARGEURS WOOL (USA) INC
SC0000990,SC,textile,2024-08-31,COD,0.57916773,,,,,,214.0,,,,,,,2024-08,CHARGEURS WOOL (USA) INC
SC0000990,SC,textile,2024-08-31,TSS,0.57916773,,,,,,6.2,,,,,,,2024-08,CHARGEURS WOOL (USA) INC
SC0000990,SC,textile,2024-09-30,BOD,0.6435197,,,,,,14.3,,,,,,,2024-09,CHARGEURS WOOL (USA) INC
SC0000990,SC,textile,2024-09-30,COD,0.6435197,,,,,,224.0,,,,,,,2024-09,CHARGEURS WOOL (USA) INC
SC0000990,SC,textile,2024-09-30,TSS,0.6435197,,,,,,18.5,,,,,,,2024-09,CHARGEURS WOOL (USA) INC
SC0000990,SC,textile,2024-10-31,BOD,0.28012034,,,,,,18.8,,,,,,,2024-10,CHARGEURS WOOL (USA) INC
SC0000990,SC,textile,2024-10-31,COD,0.28012034,,,,,,352.0,,,,,,,2024-10,CHARGEURS WOOL (USA) INC
SC0000990,SC,textile,2024-10-31,TSS,0.28012034,,,,,,41.0,,,,,,,2024-10,CHARGEURS WOOL (USA) INC
SC0000990,SC,textile,2024-11-30,BOD,0.6473051100000001,,,,,,24.4,,,,,,,2024-11,CHARGEURS WOOL (USA) INC
SC0000990,SC,textile,2024-11-30,COD,0.6473051100000001,,,,,,287.0,,,,,,,2024-11,CHARGEURS WOOL (USA) INC
SC0000990,SC,textile,2024-11-30,TSS,0.6473051100000001,,,,,,14.0,,,,,,,2024-11,CHARGEURS WOOL (USA) INC
SC0000990,SC,textile,2024-12-31,BOD,0.59809478,,,,,,95.2,,,,,,,2024-12,CHARGEURS WOOL (USA) INC
SC0000990,SC,textile,2024-12-31,COD,0.59809478,,,,,,852.0,,,,,,,2024-12,CHARGEURS WOOL (USA) INC
SC0000990,SC,textile,2024-12-31,TSS,0.59809478,,,,,,52.0,,,,,,,2024-12,CHARGEURS WOOL (USA) INC
SC0003182,SC,textile,2019-01-31,BOD,11.055289905,,,,,,17.27,,,,,,,2019-01,MILLIKEN & COMPANY/MAGNOLIA PLANT
SC0003182,SC,textile,2019-01-31,COD,11.055289905,,,,,,495.0,,,,,,,2019-01,MILLIKEN & COMPANY/MAGNOLIA PLANT
SC0003182,SC,textile,2019-01-31,Cr,11.055289905,,,,,,0.0,,,,,0.01,,2019-01,MILLIKEN & COMPANY/MAGNOLIA PLANT
SC0003182,SC,textile,2019-01-31,TSS,11.055289905,,,,,,19.1,,,,,,,2019-01,MILLIKEN & COMPANY/MAGNOLIA PLANT
SC0003182,SC,textile,2019-03-31,BOD,11.218062535,,,,,,14.42,,,,,,,2019-03,MILLIKEN & COMPANY/MAGNOLIA PLANT
SC0003182,SC,textile,2019-03-31,COD,11.218062535,,,,,,425.0,,,,,,,2019-03,MILLIKEN & COMPANY/MAGNOLIA PLANT
SC0003182,SC,textile,2019-03-31,Color,11.218062535,,,,,,,,17.0,,,,,2019-03,MILLIKEN & COMPANY/MAGNOLIA PLANT
SC0003182,SC,textile,2019-03-31,Cr,11.218062535,,,,,,0.0,,,,,0.01,,2019-03,MILLIKEN & COMPANY/MAGNOLIA PLANT
SC0003182,SC,textile,2019-03-31,TSS,11.218062535,,,,,,28.2,,,,,,,2019-03,MILLIKEN & COMPANY/MAGNOLIA PLANT
SC0003182,SC,textile,2019-04-30,BOD,11.960002895000002,,,,,,8.31,,,,,,,2019-04,MILLIKEN & COMPANY/MAGNOLIA PLANT
SC0003182,SC,textile,2019-04-30,COD,11.960002895000002,,,,,,320.0,,,,,,,2019-04,MILLIKEN & COMPANY/MAGNOLIA PLANT
SC0003182,SC,textile,2019-04-30,Cr,11.960002895000002,,,,,,0.0,,,,,0.01,,2019-04,MILLIKEN & COMPANY/MAGNOLIA PLANT
SC0003182,SC,textile,2019-04-30,TSS,11.960002895000002,,,,,,24.9,,,,,,,2019-04,MILLIKEN & COMPANY/MAGNOLIA PLANT
SC0003182,SC,textile,2019-06-30,BOD,11.846440595,,,,,,7.25,,,,,,,2019-06,MILLIKEN & COMPANY/MAGNOLIA PLANT
SC0003182,SC,textile,2019-06-30,COD,11.846440595,,,,,,259.0,,,,,,,2019-06,MILLIKEN & COMPANY/MAGNOLIA PLANT
SC0003182,SC,textile,2019-06-30,Color,11.846440595,,,,,,,,48.0,,,,,2019-06,MILLIKEN & COMPANY/MAGNOLIA PLANT
SC0003182,SC,textile,2019-06-30,Cr,11.846440595,,,,,,0.0,,,,,0.01,,2019-06,MILLIKEN & COMPANY/MAGNOLIA PLANT
SC0003182,SC,textile,2019-06-30,TSS,11.846440595,,,,,,37.8,,,,,,,2019-06,MILLIKEN & COMPANY/MAGNOLIA PLANT
SC0003182,SC,textile,2019-07-31,BOD,9.859100345,,,,,,4.8,,,,,,,2019-07,MILLIKEN & COMPANY/MAGNOLIA PLANT
SC0003182,SC,textile,2019-07-31,COD,9.859100345,,,,,,277.0,,,,,,,2019-07,MILLIKEN & COMPANY/MAGNOLIA PLANT
SC0003182,SC,textile,2019-07-31,Cr,9.859100345,,,,,,0.0,,,,,0.01,,2019-07,MILLIKEN & COMPANY/MAGNOLIA PLANT
SC0003182,SC,textile,2019-07-31,TSS,9.859100345,,,,,,50.4,,,,,,,2019-07,MILLIKEN & COMPANY/MAGNOLIA PLANT
SC0003182,SC,textile,2019-08-31,BOD,11.560642140000002,,,,,,5.38,,,,,,,2019-08,MILLIKEN & COMPANY/MAGNOLIA PLANT
SC0003182,SC,textile,2019-08-31,COD,11.560642140000002,,,,,,269.0,,,,,,,2019-08,MILLIKEN & COMPANY/MAGNOLIA PLANT
SC0003182,SC,textile,2019-08-31,Cr,11.560642140000002,,,,,,0.0,,,,,0.01,,2019-08,MILLIKEN & COMPANY/MAGNOLIA PLANT
SC0003182,SC,textile,2019-08-31,TSS,11.560642140000002,,,,,,36.6,,,,,,,2019-08,MILLIKEN & COMPANY/MAGNOLIA PLANT
SC0003182,SC,textile,2019-09-30,BOD,10.362559875,,,,,,6.0,,,,,,,2019-09,MILLIKEN & COMPANY/MAGNOLIA PLANT
SC0003182,SC,textile,2019-09-30,COD,10.362559875,,,,,,261.0,,,,,,,2019-09,MILLIKEN & COMPANY/MAGNOLIA PLANT
SC0003182,SC,textile,2019-09-30,Color,10.362559875,,,,,,,,14.0,,,,,2019-09,MILLIKEN & COMPANY/MAGNOLIA PLANT
SC0003182,SC,textile,2019-09-30,Cr,10.362559875,,,,,,0.0,,,,,0.01,,2019-09,MILLIKEN & COMPANY/MAGNOLIA PLANT
SC0003182,SC,textile,2019-09-30,TSS,10.362559875,,,,,,45.3,,,,,,,2019-09,MILLIKEN & COMPANY/MAGNOLIA PLANT
SC0003182,SC,textile,2019-10-31,BOD,10.7505644,,,,,,7.0,,,,,,,2019-10,MILLIKEN & COMPANY/MAGNOLIA PLANT
SC0003182,SC,textile,2019-10-31,COD,10.7505644,,,,,,274.0,,,,,,,2019-10,MILLIKEN & COMPANY/MAGNOLIA PLANT
SC0003182,SC,textile,2019-10-31,Cr,10.7505644,,,,,,0.0,,,,,0.01,,2019-10,MILLIKEN & COMPANY/MAGNOLIA PLANT
SC0003182,SC,textile,2019-10-31,TSS,10.7505644,,,,,,44.9,,,,,,,2019-10,MILLIKEN & COMPANY/MAGNOLIA PLANT
SC0003182,SC,textile,2019-11-30,BOD,11.148032450000002,,,,,,16.0,,,,,,,2019-11,MILLIKEN & COMPANY/MAGNOLIA PLANT
SC0003182,SC,textile,2019-11-30,COD,11.148032450000002,,,,,,386.0,,,,,,,2019-11,MILLIKEN & COMPANY/MAGNOLIA PLANT
SC0003182,SC,textile,2019-11-30,Cr,11.148032450000002,,,,,,0.0,,,,,0.01,,2019-11,MILLIKEN & COMPANY/MAGNOLIA PLANT
SC0003182,SC,textile,2019-11-30,TSS,11.148032450000002,,,,,,38.9,,,,,,,2019-11,MILLIKEN & COMPANY/MAGNOLIA PLANT
SC0003182,SC,textile,2019-12-31,BOD,10.99283064,,,,,,10.78,,,,,,,2019-12,MILLIKEN & COMPANY/MAGNOLIA PLANT
SC0003182,SC,textile,2019-12-31,COD,10.99283064,,,,,,290.0,,,,,,,2019-12,MILLIKEN & COMPANY/MAGNOLIA PLANT
SC0003182,SC,textile,2019-12-31,Color,10.99283064,,,,,,,,17.0,,,,,2019-12,MILLIKEN & COMPANY/MAGNOLIA PLANT
SC0003182,SC,textile,2019-12-31,Cr,10.99283064,,,,,,0.0,,,,,0.01,,2019-12,MILLIKEN & COMPANY/MAGNOLIA PLANT
SC0003182,SC,textile,2019-12-31,TSS,10.99283064,,,,,,23.5,,,,,,,2019-12,MILLIKEN & COMPANY/MAGNOLIA PLANT
SC0003182,SC,textile,2020-01-31,BOD,11.81426461,,,,,,13.71,,,,,,,2020-01,MILLIKEN & COMPANY/MAGNOLIA PLANT
SC0003182,SC,textile,2020-01-31,COD,11.81426461,,,,,,388.0,,,,,,,2020-01,MILLIKEN & COMPANY/MAGNOLIA PLANT
SC0003182,SC,textile,2020-01-31,Cr,11.81426461,,,,,,0.01,,,,,,,2020-01,MILLIKEN & COMPANY/MAGNOLIA PLANT
SC0003182,SC,textile,2020-01-31,TSS,11.81426461,,,,,,31.9,,,,,,,2020-01,MILLIKEN & COMPANY/MAGNOLIA PLANT
SC0003182,SC,textile,2020-02-29,BOD,11.333517539999999,,,,,,8.58,,,,,,,2020-02,MILLIKEN & COMPANY/MAGNOLIA PLANT
SC0003182,SC,textile,2020-02-29,COD,11.333517539999999,,,,,,298.0,,,,,,,2020-02,MILLIKEN & COMPANY/MAGNOLIA PLANT
SC0003182,SC,textile,2020-02-29,Cr,11.333517539999999,,,,,,0.0,,,,,0.01,,2020-02,MILLIKEN & COMPANY/MAGNOLIA PLANT
SC0003182,SC,textile,2020-02-29,TSS,11.333517539999999,,,,,,26.0,,,,,,,2020-02,MILLIKEN & COMPANY/MAGNOLIA PLANT
SC0003182,SC,textile,2020-03-31,BOD,11.2805218,,,,,,6.5,,,,,,,2020-03,MILLIKEN & COMPANY/MAGNOLIA PLANT
SC0003182,SC,textile,2020-03-31,COD,11.2805218,,,,,,304.0,,,,,,,2020-03,MILLIKEN & COMPANY/MAGNOLIA PLANT
SC0003182,SC,textile,2020-03-31,Color,11.2805218,,,,,,,,12.0,,,,,2020-03,MILLIKEN & COMPANY/MAGNOLIA PLANT
SC0003182,SC,textile,2020-03-31,Cr,11.2805218,,,,,,0.0,,,,,0.01,,2020-03,MILLIKEN & COMPANY/MAGNOLIA PLANT
SC0003182,SC,textile,2020-03-31,TSS,11.2805218,,,,,,41.0,,,,,,,2020-03,MILLIKEN & COMPANY/MAGNOLIA PLANT
SC0003182,SC,textile,2020-04-30,BOD,9.48245205,,,,,,7.0,,,,,,,2020-04,MILLIKEN & COMPANY/MAGNOLIA PLANT
SC0003182,SC,textile,2020-04-30,COD,9.48245205,,,,,,234.0,,,,,,,2020-04,MILLIKEN & COMPANY/MAGNOLIA PLANT
SC0003182,SC,textile,2020-04-30,Cr,9.48245205,,,,,,0.0,,,,,0.01,,2020-04,MILLIKEN & COMPANY/MAGNOLIA PLANT
SC0003182,SC,textile,2020-04-30,TSS,9.48245205,,,,,,39.0,,,,,,,2020-04,MILLIKEN & COMPANY/MAGNOLIA PLANT
SC0003182,SC,textile,2020-05-31,BOD,9.728503700000001,,,,,,5.0,,,,,,,2020-05,MILLIKEN & COMPANY/MAGNOLIA PLANT
SC0003182,SC,textile,2020-05-31,COD,9.728503700000001,,,,,,184.0,,,,,,,2020-05,MILLIKEN & COMPANY/MAGNOLIA PLANT
SC0003182,SC,textile,2020-05-31,Cr,9.728503700000001,,,,,,0.0,,,,,0.01,,2020-05,MILLIKEN & COMPANY/MAGNOLIA PLANT
SC0003182,SC,textile,2020-05-31,TSS,9.728503700000001,,,,,,19.0,,,,,,,2020-05,MILLIKEN & COMPANY/MAGNOLIA PLANT
SC0003182,SC,textile,2020-06-30,BOD,10.790311205000002,,,,,,2.6,,,,,,,2020-06,MILLIKEN & COMPANY/MAGNOLIA PLANT
SC0003182,SC,textile,2020-06-30,COD,10.790311205000002,,,,,,164.0,,,,,,,2020-06,MILLIKEN & COMPANY/MAGNOLIA PLANT
SC0003182,SC,textile,2020-06-30,Color,10.790311205000002,,,,,,,,14.0,,,,,2020-06,MILLIKEN & COMPANY/MAGNOLIA PLANT
SC0003182,SC,textile,2020-06-30,Cr,10.790311205000002,,,,,,0.0,,,,,0.01,,2020-06,MILLIKEN & COMPANY/MAGNOLIA PLANT
SC0003182,SC,textile,2020-06-30,TSS,10.790311205000002,,,,,,18.0,,,,,,,2020-06,MILLIKEN & COMPANY/MAGNOLIA PLANT
SC0003182,SC,textile,2020-07-31,BOD,10.18653831,,,,,,2.6,,,,,,,2020-07,MILLIKEN & COMPANY/MAGNOLIA PLANT
SC0003182,SC,textile,2020-07-31,COD,10.18653831,,,,,,187.0,,,,,,,2020-07,MILLIKEN & COMPANY/MAGNOLIA PLANT
SC0003182,SC,textile,2020-07-31,Cr,10.18653831,,,,,,0.0,,,,,0.01,,2020-07,MILLIKEN & COMPANY/MAGNOLIA PLANT
SC0003182,SC,textile,2020-07-31,TSS,10.18653831,,,,,,23.0,,,,,,,2020-07,MILLIKEN & COMPANY/MAGNOLIA PLANT
SC0003182,SC,textile,2020-08-31,BOD,11.20102819,,,,,,3.8,,,,,,,2020-08,MILLIKEN & COMPANY/MAGNOLIA PLANT
SC0003182,SC,textile,2020-08-31,COD,11.20102819,,,,,,232.3,,,,,,,2020-08,MILLIKEN & COMPANY/MAGNOLIA PLANT
SC0003182,SC,textile,2020-08-31,Cr,11.20102819,,,,,,0.0,,,,,0.01,,2020-08,MILLIKEN & COMPANY/MAGNOLIA PLANT
SC0003182,SC,textile,2020-08-31,TSS,11.20102819,,,,,,26.8,,,,,,,2020-08,MILLIKEN & COMPANY/MAGNOLIA PLANT
SC0003182,SC,textile,2020-09-30,BOD,10.47044406,,,,,,15.0,,,,,,,2020-09,MILLIKEN & COMPANY/MAGNOLIA PLANT
SC0003182,SC,textile,2020-09-30,COD,10.47044406,,,,,,359.0,,,,,,,2020-09,MILLIKEN & COMPANY/MAGNOLIA PLANT
SC0003182,SC,textile,2020-09-30,Color,10.47044406,,,,,,,,10.0,,,,,2020-09,MILLIKEN & COMPANY/MAGNOLIA PLANT
SC0003182,SC,textile,2020-09-30,Cr,10.47044406,,,,,,0.0,,,,,0.01,,2020-09,MILLIKEN & COMPANY/MAGNOLIA PLANT
SC0003182,SC,textile,2020-09-30,TSS,10.47044406,,,,,,27.0,,,,,,,2020-09,MILLIKEN & COMPANY/MAGNOLIA PLANT
SC0003182,SC,textile,2020-10-31,BOD,12.223088890000001,,,,,,8.2,,,,,,,2020-10,MILLIKEN & COMPANY/MAGNOLIA PLANT
SC0003182,SC,textile,2020-10-31,COD,12.223088890000001,,,,,,276.0,,,,,,,2020-10,MILLIKEN & COMPANY/MAGNOLIA PLANT
SC0003182,SC,textile,2020-10-31,Cr,12.223088890000001,,,,,,0.01,,,,,,,2020-10,MILLIKEN & COMPANY/MAGNOLIA PLANT
SC0003182,SC,textile,2020-10-31,TSS,12.223088890000001,,,,,,24.0,,,,,,,2020-10,MILLIKEN & COMPANY/MAGNOLIA PLANT
SC0003182,SC,textile,2020-11-30,BOD,11.804801085000001,,,,,,15.0,,,,,,,2020-11,MILLIKEN & COMPANY/MAGNOLIA PLANT
SC0003182,SC,textile,2020-11-30,COD,11.804801085000001,,,,,,283.0,,,,,,,2020-11,MILLIKEN & COMPANY/MAGNOLIA PLANT
SC0003182,SC,textile,2020-11-30,Cr,11.804801085000001,,,,,,0.0,,,,,0.01,,2020-11,MILLIKEN & COMPANY/MAGNOLIA PLANT
SC0003182,SC,textile,2020-11-30,TSS,11.804801085000001,,,,,,35.0,,,,,,,2020-11,MILLIKEN & COMPANY/MAGNOLIA PLANT
SC0003182,SC,textile,2020-12-31,BOD,10.818701780000001,,,,,,19.6,,,,,,,2020-12,MILLIKEN & COMPANY/MAGNOLIA PLANT
SC0003182,SC,textile,2020-12-31,COD,10.818701780000001,,,,,,391.0,,,,,,,2020-12,MILLIKEN & COMPANY/MAGNOLIA PLANT
SC0003182,SC,textile,2020-12-31,Color,10.818701780000001,,,,,,,,15.0,,,,,2020-12,MILLIKEN & COMPANY/MAGNOLIA PLANT
SC0003182,SC,textile,2020-12-31,Cr,10.818701780000001,,,,,,0.0,,,,,0.01,,2020-12,MILLIKEN & COMPANY/MAGNOLIA PLANT
SC0003182,SC,textile,2020-12-31,TSS,10.818701780000001,,,,,,30.4,,,,,,,2020-12,MILLIKEN & COMPANY/MAGNOLIA PLANT
SC0003182,SC,textile,2021-01-31,BOD,10.911444325000001,,,,,,19.0,,,,,,,2021-01,MILLIKEN & COMPANY/MAGNOLIA PLANT
SC0003182,SC,textile,2021-01-31,COD,10.911444325000001,,,,,,470.0,,,,,,,2021-01,MILLIKEN & COMPANY/MAGNOLIA PLANT
SC0003182,SC,textile,2021-01-31,Cr,10.911444325000001,,,,,,0.0,,,,,0.01,,2021-01,MILLIKEN & COMPANY/MAGNOLIA PLANT
SC0003182,SC,textile,2021-01-31,TSS,10.911444325000001,,,,,,30.0,,,,,,,2021-01,MILLIKEN & COMPANY/MAGNOLIA PLANT
SC0003182,SC,textile,2021-02-28,BOD,11.059075315000001,,,,,,16.0,,,,,,,2021-02,MILLIKEN & COMPANY/MAGNOLIA PLANT
SC0003182,SC,textile,2021-02-28,COD,11.059075315000001,,,,,,509.0,,,,,,,2021-02,MILLIKEN & COMPANY/MAGNOLIA PLANT
SC0003182,SC,textile,2021-02-28,Cr,11.059075315000001,,,,,,0.13,,,,,,,2021-02,MILLIKEN & COMPANY/MAGNOLIA PLANT
SC0003182,SC,textile,2021-02-28,TSS,11.059075315000001,,,,,,31.0,,,,,,,2021-02,MILLIKEN & COMPANY/MAGNOLIA PLANT
SC0003182,SC,textile,2021-03-31,BOD,11.634457635,,,,,,20.0,,,,,,,2021-03,MILLIKEN & COMPANY/MAGNOLIA PLANT
SC0003182,SC,textile,2021-03-31,COD,11.634457635,,,,,,464.0,,,,,,,2021-03,MILLIKEN & COMPANY/MAGNOLIA PLANT
SC0003182,SC,textile,2021-03-31,Color,11.634457635,,,,,,,,14.0,,,,,2021-03,MILLIKEN & COMPANY/MAGNOLIA PLANT
SC0003182,SC,textile,2021-03-31,Cr,11.634457635,,,,,,0.0,,,,,0.01,,2021-03,MILLIKEN & COMPANY/MAGNOLIA PLANT
SC0003182,SC,textile,2021-03-31,TSS,11.634457635,,,,,,29.0,,,,,,,2021-03,MILLIKEN & COMPANY/MAGNOLIA PLANT
SC0003182,SC,textile,2021-04-30,BOD,10.593469885,,,,,,6.0,,,,,,,2021-04,MILLIKEN & COMPANY/MAGNOLIA PLANT
SC0003182,SC,textile,2021-04-30,COD,10.593469885,,,,,,244.0,,,,,,,2021-04,MILLIKEN & COMPANY/MAGNOLIA PLANT
SC0003182,SC,textile,2021-04-30,Cr,10.593469885,,,,,,0.0,,,,,0.01,,2021-04,MILLIKEN & COMPANY/MAGNOLIA PLANT
SC0003182,SC,textile,2021-04-30,TSS,10.593469885,,,,,,22.0,,,,,,,2021-04,MILLIKEN & COMPANY/MAGNOLIA PLANT
SC0003182,SC,textile,2021-05-31,BOD,10.65971456,,,,,,4.0,,,,,,,2021-05,MILLIKEN & COMPANY/MAGNOLIA PLANT
SC0003182,SC,textile,2021-05-31,COD,10.65971456,,,,,,218.0,,,,,,,2021-05,MILLIKEN & COMPANY/MAGNOLIA PLANT
SC0003182,SC,textile,2021-05-31,Cr,10.65971456,,,,,,0.0,,,,,0.01,,2021-05,MILLIKEN & COMPANY/MAGNOLIA PLANT
SC0003182,SC,textile,2021-05-31,TSS,10.65971456,,,,,,22.0,,,,,,,2021-05,MILLIKEN & COMPANY/MAGNOLIA PLANT
SC0003182,SC,textile,2021-06-30,BOD,10.093795765000001,,,,,,3.0,,,,,,,2021-06,MILLIKEN & COMPANY/MAGNOLIA PLANT
SC0003182,SC,textile,2021-06-30,COD,10.093795765000001,,,,,,226.0,,,,,,,2021-06,MILLIKEN & COMPANY/MAGNOLIA PLANT
SC0003182,SC,textile,2021-06-30,Color,10.093795765000001,,,,,,,,16.0,,,,,2021-06,MILLIKEN & COMPANY/MAGNOLIA PLANT
SC0003182,SC,textile,2021-06-30,Cr,10.093795765000001,,,,,,0.0,,,,,0.01,,2021-06,MILLIKEN & COMPANY/MAGNOLIA PLANT
SC0003182,SC,textile,2021-06-30,TSS,10.093795765000001,,,,,,27.0,,,,,,,2021-06,MILLIKEN & COMPANY/MAGNOLIA PLANT
SC0003182,SC,textile,2021-07-31,BOD,9.912096085,,,,,,5.0,,,,,,,2021-07,MILLIKEN & COMPANY/MAGNOLIA PLANT
SC0003182,SC,textile,2021-07-31,COD,9.912096085,,,,,,228.0,,,,,,,2021-07,MILLIKEN & COMPANY/MAGNOLIA PLANT
SC0003182,SC,textile,2021-07-31,Cr,9.912096085,,,,,,0.0,,,,,,,2021-07,MILLIKEN & COMPANY/MAGNOLIA PLANT
SC0003182,SC,textile,2021-07-31,TSS,9.912096085,,,,,,45.0,,,,,,,2021-07,MILLIKEN & COMPANY/MAGNOLIA PLANT
SC0003182,SC,textile,2021-08-31,BOD,11.7726251,,,,,,3.0,,,,,,,2021-08,MILLIKEN & COMPANY/MAGNOLIA PLANT
SC0003182,SC,textile,2021-08-31,COD,11.7726251,,,,,,244.0,,,,,,,2021-08,MILLIKEN & COMPANY/MAGNOLIA PLANT
SC0003182,SC,textile,2021-08-31,Cr,11.7726251,,,,,,0.01,,,,,,,2021-08,MILLIKEN & COMPANY/MAGNOLIA PLANT
SC0003182,SC,textile,2021-08-31,TSS,11.7726251,,,,,,40.0,,,,,,,2021-08,MILLIKEN & COMPANY/MAGNOLIA PLANT
SC0003182,SC,textile,2021-09-30,BOD,9.91020338,,,,,,5.0,,,,,,,2021-09,MILLIKEN & COMPANY/MAGNOLIA PLANT
SC0003182,SC,textile,2021-09-30,COD,9.91020338,,,,,,244.0,,,,,,,2021-09,MILLIKEN & COMPANY/MAGNOLIA PLANT
SC0003182,SC,textile,2021-09-30,Color,9.91020338,,,,,,,,12.0,,,,,2021-09,MILLIKEN & COMPANY/MAGNOLIA PLANT
SC0003182,SC,textile,2021-09-30,Cr,9.91020338,,,,,,0.0,,,,,0.01,,2021-09,MILLIKEN & COMPANY/MAGNOLIA PLANT
SC0003182,SC,textile,2021-09-30,TSS,9.91020338,,,,,,32.0,,,,,,,2021-09,MILLIKEN & COMPANY/MAGNOLIA PLANT
SC0003182,SC,textile,2021-10-31,BOD,10.97390359,,,,,,5.0,,,,,,,2021-10,MILLIKEN & COMPANY/MAGNOLIA PLANT
SC0003182,SC,textile,2021-10-31,COD,10.97390359,,,,,,247.0,,,,,,,2021-10,MILLIKEN & COMPANY/MAGNOLIA PLANT
SC0003182,SC,textile,2021-10-31,Cr,10.97390359,,,,,,0.0,,,,,0.01,,2021-10,MILLIKEN & COMPANY/MAGNOLIA PLANT
SC0003182,SC,textile,2021-10-31,TSS,10.97390359,,,,,,48.0,,,,,,,2021-10,MILLIKEN & COMPANY/MAGNOLIA PLANT
SC0003182,SC,textile,2021-11-30,BOD,11.450865250000001,,,,,,6.0,,,,,,,2021-11,MILLIKEN & COMPANY/MAGNOLIA PLANT
SC0003182,SC,textile,2021-11-30,COD,11.450865250000001,,,,,,257.0,,,,,,,2021-11,MILLIKEN & COMPANY/MAGNOLIA PLANT
SC0003182,SC,textile,2021-11-30,Cr,11.450865250000001,,,,,,0.0,,,,,0.01,,2021-11,MILLIKEN & COMPANY/MAGNOLIA PLANT
SC0003182,SC,textile,2021-11-30,TSS,11.450865250000001,,,,,,26.0,,,,,,,2021-11,MILLIKEN & COMPANY/MAGNOLIA PLANT
SC0003182,SC,textile,2021-12-31,BOD,10.619967755,,,,,,10.0,,,,,,,2021-12,MILLIKEN & COMPANY/MAGNOLIA PLANT
SC0003182,SC,textile,2021-12-31,COD,10.619967755,,,,,,371.0,,,,,,,2021-12,MILLIKEN & COMPANY/MAGNOLIA PLANT
SC0003182,SC,textile,2021-12-31,Color,10.619967755,,,,,,,,11.0,,,,,2021-12,MILLIKEN & COMPANY/MAGNOLIA PLANT
SC0003182,SC,textile,2021-12-31,Cr,10.619967755,,,,,,0.0,,,,,0.01,,2021-12,MILLIKEN & COMPANY/MAGNOLIA PLANT
SC0003182,SC,textile,2021-12-31,TSS,10.619967755,,,,,,24.0,,,,,,,2021-12,MILLIKEN & COMPANY/MAGNOLIA PLANT
SC0003182,SC,textile,2022-01-31,BOD,11.136676220000002,,,,,,12.0,,,,,,,2022-01,MILLIKEN & COMPANY/MAGNOLIA PLANT
SC0003182,SC,textile,2022-01-31,COD,11.136676220000002,,,,,,351.0,,,,,,,2022-01,MILLIKEN & COMPANY/MAGNOLIA PLANT
SC0003182,SC,textile,2022-01-31,Cr,11.136676220000002,,,,,,0.0,,,,,0.005,,2022-01,MILLIKEN & COMPANY/MAGNOLIA PLANT
SC0003182,SC,textile,2022-01-31,TSS,11.136676220000002,,,,,,31.0,,,,,,,2022-01,MILLIKEN & COMPANY/MAGNOLIA PLANT
SC0003182,SC,textile,2022-02-28,BOD,12.107633885,,,,,,16.0,,,,,,,2022-02,MILLIKEN & COMPANY/MAGNOLIA PLANT
SC0003182,SC,textile,2022-02-28,COD,12.107633885,,,,,,508.0,,,,,,,2022-02,MILLIKEN & COMPANY/MAGNOLIA PLANT
SC0003182,SC,textile,2022-02-28,Cr,12.107633885,,,,,,0.01,,,,,,,2022-02,MILLIKEN & COMPANY/MAGNOLIA PLANT
SC0003182,SC,textile,2022-02-28,TSS,12.107633885,,,,,,38.0,,,,,,,2022-02,MILLIKEN & COMPANY/MAGNOLIA PLANT
SC0003182,SC,textile,2022-03-31,BOD,12.081136015,,,,,,13.0,,,,,,,2022-03,MILLIKEN & COMPANY/MAGNOLIA PLANT
SC0003182,SC,textile,2022-03-31,COD,12.081136015,,,,,,361.0,,,,,,,2022-03,MILLIKEN & COMPANY/MAGNOLIA PLANT
SC0003182,SC,textile,2022-03-31,Color,12.081136015,,,,,,,,33.0,,,,,2022-03,MILLIKEN & COMPANY/MAGNOLIA PLANT
SC0003182,SC,textile,2022-03-31,Cr,12.081136015,,,,,,0.0,,,,,0.1,,2022-03,MILLIKEN & COMPANY/MAGNOLIA PLANT
SC0003182,SC,textile,2022-03-31,TSS,12.081136015,,,,,,33.0,,,,,,,2022-03,MILLIKEN & COMPANY/MAGNOLIA PLANT
SC0003182,SC,textile,2022-04-30,BOD,10.987152524999999,,,,,,8.0,,,,,,,2022-04,MILLIKEN & COMPANY/MAGNOLIA PLANT
SC0003182,SC,textile,2022-04-30,COD,10.987152524999999,,,,,,260.0,,,,,,,2022-04,MILLIKEN & COMPANY/MAGNOLIA PLANT
SC0003182,SC,textile,2022-04-30,Cr,10.987152524999999,,,,,,0.0,,,,,0.01,,2022-04,MILLIKEN & COMPANY/MAGNOLIA PLANT
SC0003182,SC,textile,2022-04-30,TSS,10.987152524999999,,,,,,28.0,,,,,,,2022-04,MILLIKEN & COMPANY/MAGNOLIA PLANT
SC0003182,SC,textile,2022-05-31,BOD,11.880509284999999,,,,,,6.0,,,,,,,2022-05,MILLIKEN & COMPANY/MAGNOLIA PLANT
SC0003182,SC,textile,2022-05-31,COD,11.880509284999999,,,,,,210.0,,,,,,,2022-05,MILLIKEN & COMPANY/MAGNOLIA PLANT
SC0003182,SC,textile,2022-05-31,Cr,11.880509284999999,,,,,,0.0,,,,,0.01,,2022-05,MILLIKEN & COMPANY/MAGNOLIA PLANT
SC0003182,SC,textile,2022-05-31,TSS,11.880509284999999,,,,,,21.0,,,,,,,2022-05,MILLIKEN & COMPANY/MAGNOLIA PLANT
SC0003182,SC,textile,2022-06-30,BOD,12.80225662,,,,,,4.0,,,,,,,2022-06,MILLIKEN & COMPANY/MAGNOLIA PLANT
SC0003182,SC,textile,2022-06-30,COD,12.80225662,,,,,,233.0,,,,,,,2022-06,MILLIKEN & COMPANY/MAGNOLIA PLANT
SC0003182,SC,textile,2022-06-30,Color,12.80225662,,,,,,,,12.0,,,,,2022-06,MILLIKEN & COMPANY/MAGNOLIA PLANT
SC0003182,SC,textile,2022-06-30,Cr,12.80225662,,,,,,0.0,,,,,0.01,,2022-06,MILLIKEN & COMPANY/MAGNOLIA PLANT
SC0003182,SC,textile,2022-06-30,TSS,12.80225662,,,,,,18.0,,,,,,,2022-06,MILLIKEN & COMPANY/MAGNOLIA PLANT
SC0003182,SC,textile,2022-07-31,BOD,11.672311735000001,,,,,,3.0,,,,,,,2022-07,MILLIKEN & COMPANY/MAGNOLIA PLANT
SC0003182,SC,textile,2022-07-31,COD,11.672311735000001,,,,,,203.0,,,,,,,2022-07,MILLIKEN & COMPANY/MAGNOLIA PLANT
SC0003182,SC,textile,2022-07-31,Cr,11.672311735000001,,,,,,0.0,,,,,0.01,,2022-07,MILLIKEN & COMPANY/MAGNOLIA PLANT
SC0003182,SC,textile,2022-07-31,TSS,11.672311735000001,,,,,,16.0,,,,,,,2022-07,MILLIKEN & COMPANY/MAGNOLIA PLANT
SC0003182,SC,textile,2022-08-31,BOD,11.683667965,,,,,,4.0,,,,,,,2022-08,MILLIKEN & COMPANY/MAGNOLIA PLANT
SC0003182,SC,textile,2022-08-31,COD,11.683667965,,,,,,232.0,,,,,,,2022-08,MILLIKEN & COMPANY/MAGNOLIA PLANT
SC0003182,SC,textile,2022-08-31,Cr,11.683667965,,,,,,0.0,,,,,0.01,,2022-08,MILLIKEN & COMPANY/MAGNOLIA PLANT
SC0003182,SC,textile,2022-08-31,TSS,11.683667965,,,,,,21.0,,,,,,,2022-08,MILLIKEN & COMPANY/MAGNOLIA PLANT
SC0003182,SC,textile,2022-09-30,BOD,10.654036445,,,,,,6.0,,,,,,,2022-09,MILLIKEN & COMPANY/MAGNOLIA PLANT
SC0003182,SC,textile,2022-09-30,COD,10.654036445,,,,,,251.0,,,,,,,2022-09,MILLIKEN & COMPANY/MAGNOLIA PLANT
SC0003182,SC,textile,2022-09-30,Color,10.654036445,,,,,,,,16.0,,,,,2022-09,MILLIKEN & COMPANY/MAGNOLIA PLANT
SC0003182,SC,textile,2022-09-30,Cr,10.654036445,,,,,,0.0,,,,,0.01,,2022-09,MILLIKEN & COMPANY/MAGNOLIA PLANT
SC0003182,SC,textile,2022-09-30,TSS,10.654036445,,,,,,33.0,,,,,,,2022-09,MILLIKEN & COMPANY/MAGNOLIA PLANT
SC0003182,SC,textile,2022-10-31,BOD,11.755590755000002,,,,,,11.0,,,,,,,2022-10,MILLIKEN & COMPANY/MAGNOLIA PLANT
SC0003182,SC,textile,2022-10-31,COD,11.755590755000002,,,,,,255.0,,,,,,,2022-10,MILLIKEN & COMPANY/MAGNOLIA PLANT
SC0003182,SC,textile,2022-10-31,Cr,11.755590755000002,,,,,,0.0,,,,,0.01,,2022-10,MILLIKEN & COMPANY/MAGNOLIA PLANT
SC0003182,SC,textile,2022-10-31,TSS,11.755590755000002,,,,,,33.0,,,,,,,2022-10,MILLIKEN & COMPANY/MAGNOLIA PLANT
SC0003182,SC,textile,2022-11-30,BOD,11.659062800000001,,,,,,12.0,,,,,,,2022-11,MILLIKEN & COMPANY/MAGNOLIA PLANT
SC0003182,SC,textile,2022-11-30,COD,11.659062800000001,,,,,,269.0,,,,,,,2022-11,MILLIKEN & COMPANY/MAGNOLIA PLANT
SC0003182,SC,textile,2022-11-30,Cr,11.659062800000001,,,,,,0.0,,,,,0.01,,2022-11,MILLIKEN & COMPANY/MAGNOLIA PLANT
SC0003182,SC,textile,2022-11-30,TSS,11.659062800000001,,,,,,32.0,,,,,,,2022-11,MILLIKEN & COMPANY/MAGNOLIA PLANT
SC0003182,SC,textile,2022-12-31,BOD,11.734771,,,,,,21.0,,,,,,,2022-12,MILLIKEN & COMPANY/MAGNOLIA PLANT
SC0003182,SC,textile,2022-12-31,COD,11.734771,,,,,,361.0,,,,,,,2022-12,MILLIKEN & COMPANY/MAGNOLIA PLANT
SC0003182,SC,textile,2022-12-31,Color,11.734771,,,,,,,,12.0,,,,,2022-12,MILLIKEN & COMPANY/MAGNOLIA PLANT
SC0003182,SC,textile,2022-12-31,Cr,11.734771,,,,,,0.0,,,,,0.01,,2022-12,MILLIKEN & COMPANY/MAGNOLIA PLANT
SC0003182,SC,textile,2022-12-31,TSS,11.734771,,,,,,55.0,,,,,,,2022-12,MILLIKEN & COMPANY/MAGNOLIA PLANT
SC0003182,SC,textile,2023-01-31,BOD,11.816157315000002,,,,,,12.0,,,,,,,2023-01,MILLIKEN & COMPANY/MAGNOLIA PLANT
SC0003182,SC,textile,2023-01-31,COD,11.816157315000002,,,,,,309.0,,,,,,,2023-01,MILLIKEN & COMPANY/MAGNOLIA PLANT
SC0003182,SC,textile,2023-01-31,Cr,11.816157315000002,,,,,,0.0,,,,,0.01,,2023-01,MILLIKEN & COMPANY/MAGNOLIA PLANT
SC0003182,SC,textile,2023-01-31,TSS,11.816157315000002,,,,,,33.0,,,,,,,2023-01,MILLIKEN & COMPANY/MAGNOLIA PLANT
SC0003182,SC,textile,2023-02-28,BOD,10.88305375,,,,,,22.0,,,,,,,2023-02,MILLIKEN & COMPANY/MAGNOLIA PLANT
SC0003182,SC,textile,2023-02-28,COD,10.88305375,,,,,,374.0,,,,,,,2023-02,MILLIKEN & COMPANY/MAGNOLIA PLANT
SC0003182,SC,textile,2023-02-28,Cr,10.88305375,,,,,,0.0,,,,,0.01,,2023-02,MILLIKEN & COMPANY/MAGNOLIA PLANT
SC0003182,SC,textile,2023-02-28,TSS,10.88305375,,,,,,51.0,,,,,,,2023-02,MILLIKEN & COMPANY/MAGNOLIA PLANT
SC0003182,SC,textile,2023-03-31,BOD,11.324054015,,,,,,8.0,,,,,,,2023-03,MILLIKEN & COMPANY/MAGNOLIA PLANT
SC0003182,SC,textile,2023-03-31,COD,11.324054015,,,,,,314.0,,,,,,,2023-03,MILLIKEN & COMPANY/MAGNOLIA PLANT
SC0003182,SC,textile,2023-03-31,Color,11.324054015,,,,,,,,17.0,,,,,2023-03,MILLIKEN & COMPANY/MAGNOLIA PLANT
SC0003182,SC,textile,2023-03-31,Cr,11.324054015,,,,,,0.0,,,,,0.01,,2023-03,MILLIKEN & COMPANY/MAGNOLIA PLANT
SC0003182,SC,textile,2023-03-31,TSS,11.324054015,,,,,,29.0,,,,,,,2023-03,MILLIKEN & COMPANY/MAGNOLIA PLANT
SC0003182,SC,textile,2023-04-30,BOD,11.82940625,,,,,,10.0,,,,,,,2023-04,MILLIKEN & COMPANY/MAGNOLIA PLANT
SC0003182,SC,textile,2023-04-30,COD,11.82940625,,,,,,283.0,,,,,,,2023-04,MILLIKEN & COMPANY/MAGNOLIA PLANT
SC0003182,SC,textile,2023-04-30,Cr,11.82940625,,,,,,0.0,,,,,0.01,,2023-04,MILLIKEN & COMPANY/MAGNOLIA PLANT
SC0003182,SC,textile,2023-04-30,TSS,11.82940625,,,,,,25.0,,,,,,,2023-04,MILLIKEN & COMPANY/MAGNOLIA PLANT
SC0003182,SC,textile,2023-05-31,BOD,9.823138949999999,,,,,,8.0,,,,,,,2023-05,MILLIKEN & COMPANY/MAGNOLIA PLANT
SC0003182,SC,textile,2023-05-31,COD,9.823138949999999,,,,,,315.0,,,,,,,2023-05,MILLIKEN & COMPANY/MAGNOLIA PLANT
SC0003182,SC,textile,2023-05-31,Cr,9.823138949999999,,,,,,0.0,,,,,0.01,,2023-05,MILLIKEN & COMPANY/MAGNOLIA PLANT
SC0003182,SC,textile,2023-05-31,TSS,9.823138949999999,,,,,,32.0,,,,,,,2023-05,MILLIKEN & COMPANY/MAGNOLIA PLANT
SC0003182,SC,textile,2023-06-30,BOD,10.296315199999999,,,,,,4.0,,,,,,,2023-06,MILLIKEN & COMPANY/MAGNOLIA PLANT
SC0003182,SC,textile,2023-06-30,COD,10.296315199999999,,,,,,304.0,,,,,,,2023-06,MILLIKEN & COMPANY/MAGNOLIA PLANT
SC0003182,SC,textile,2023-06-30,Color,10.296315199999999,,,,,,,,19.0,,,,,2023-06,MILLIKEN & COMPANY/MAGNOLIA PLANT
SC0003182,SC,textile,2023-06-30,Cr,10.296315199999999,,,,,,0.0,,,,,0.01,,2023-06,MILLIKEN & COMPANY/MAGNOLIA PLANT
SC0003182,SC,textile,2023-06-30,TSS,10.296315199999999,,,,,,28.0,,,,,,,2023-06,MILLIKEN & COMPANY/MAGNOLIA PLANT
SC0003182,SC,textile,2023-09-30,Color,10.466658650000001,,,,,,,,11.0,,,,,2023-09,MILLIKEN & COMPANY/MAGNOLIA PLANT
SC0003182,SC,textile,2023-12-31,Color,10.334169300000001,,,,,,,,0.0,,,,,2023-12,MILLIKEN & COMPANY/MAGNOLIA PLANT
SC0003182,SC,textile,2024-03-31,Color,12.6432694,,,,,,,,0.0,,,,,2024-03,MILLIKEN & COMPANY/MAGNOLIA PLANT
SC0003182,SC,textile,2024-06-30,Color,12.80604203,,,,,,,,0.0,,,,,2024-06,MILLIKEN & COMPANY/MAGNOLIA PLANT
SC0003182,SC,textile,2024-09-30,Color,12.264728400000001,,,,,,,,0.0,,,,,2024-09,MILLIKEN & COMPANY/MAGNOLIA PLANT
SC0003182,SC,textile,2024-12-31,Color,10.76949145,,,,,,,,0.0,,,,,2024-12,MILLIKEN & COMPANY/MAGNOLIA PLANT
TX0136417,TX,meat,2019-01-31,BOD,0.039746804999999996,,,,,,10.98,,,,,,36.1,2019-01,4L PROCESSING
TX0136417,TX,meat,2019-02-28,BOD,0.039746804999999996,,,,,,8.98,,,,,,36.1,2019-02,4L PROCESSING
TX0136417,TX,meat,2019-03-31,BOD,0.03463650149999999,,,,,,22.33,,,,,,36.1,2019-03,4L PROCESSING
TX0136417,TX,meat,2019-04-30,BOD,0.035961395,,,,,,10.84,,,,,,36.1,2019-04,4L PROCESSING
TX0136417,TX,meat,2019-05-31,BOD,0.026497870000000003,,,,,,7.32,,,,,,36.1,2019-05,4L PROCESSING
TX0136417,TX,meat,2019-06-30,BOD,0.035961395,,,,,,9.24,,,,,,36.1,2019-06,4L PROCESSING
TX0136417,TX,meat,2019-07-31,BOD,0.03406869,,,,,,9.51,,,,,,36.1,2019-07,4L PROCESSING
TX0136417,TX,meat,2019-08-31,BOD,0.0378541,,,,,,10.44,,,,,,36.1,2019-08,4L PROCESSING
TX0136417,TX,meat,2019-09-30,BOD,0.03406869,,,,,,5.11,,,,,,36.1,2019-09,4L PROCESSING
TX0136417,TX,meat,2019-10-31,BOD,0.030283280000000003,,,,,,9.61,,,,,,36.1,2019-10,4L PROCESSING
TX0136417,TX,meat,2019-11-30,BOD,0.035961395,,,,,,12.88,,,,,,36.1,2019-11,4L PROCESSING
TX0136417,TX,meat,2019-12-31,BOD,0.043532215,,,,,,14.21,,,,,,36.1,2019-12,4L PROCESSING
TX0136417,TX,meat,2020-01-31,BOD,0.030283280000000003,,,,,,11.99,,,,,,36.1,2020-01,4L PROCESSING
TX0136417,TX,meat,2020-02-29,BOD,0.032175985000000004,,,,,,18.58,,,,,,36.1,2020-02,4L PROCESSING
TX0136417,TX,meat,2020-03-31,BOD,0.035961395,,,,,,23.45,,,,,,36.1,2020-03,4L PROCESSING
TX0136417,TX,meat,2020-04-30,BOD,0.035961395,,,,,,15.88,,,,,,36.1,2020-04,4L PROCESSING
TX0136417,TX,meat,2020-05-31,BOD,0.03406869,,,,,,8.27,,,,,,36.1,2020-05,4L PROCESSING
TX0136417,TX,meat,2020-06-30,BOD,0.039746804999999996,,,,,,10.37,,,,,,36.1,2020-06,4L PROCESSING
TX0136417,TX,meat,2020-07-31,BOD,0.032175985000000004,,,,,,5.15,,,,,,36.1,2020-07,4L PROCESSING
TX0136417,TX,meat,2020-08-31,BOD,0.032175985000000004,,,,,,7.47,,,,,,36.1,2020-08,4L PROCESSING
TX0136417,TX,meat,2020-09-30,BOD,0.039746804999999996,,,,,,6.47,,,,,,36.1,2020-09,4L PROCESSING
TX0136417,TX,meat,2020-10-31,BOD,0.032175985000000004,,,,,,13.85,,,,,,36.1,2020-10,4L PROCESSING
TX0136417,TX,meat,2020-11-30,BOD,0.035961395,,,,,,18.4,,,,,,36.1,2020-11,4L PROCESSING
TX0136417,TX,meat,2020-12-31,BOD,0.026497870000000003,,,,,,32.4,,,,,,36.1,2020-12,4L PROCESSING
TX0136417,TX,meat,2021-01-31,BOD,0.03406869,,,,,,19.77,,,,,,36.1,2021-01,4L PROCESSING
TX0136417,TX,meat,2021-02-28,BOD,0.030283280000000003,,,,,,17.36,,,,,,36.1,2021-02,4L PROCESSING
TX0136417,TX,meat,2021-03-31,BOD,0.04163951,,,,,,12.55,,,,,,36.1,2021-03,4L PROCESSING
TX0136417,TX,meat,2021-04-30,BOD,0.0378541,,,,,,7.58,,,,,,36.1,2021-04,4L PROCESSING
TX0136417,TX,meat,2021-05-31,BOD,0.034068690000000006,,,,,,6.49,,,,,,36.1,2021-05,4L PROCESSING
TX0136417,TX,meat,2021-06-30,BOD,0.039746804999999996,,,,,,10.8,,,,,,36.1,2021-06,4L PROCESSING
TX0136417,TX,meat,2021-06-30,Cu,0.039746804999999996,,,,,,0.0323,,,,,,,2021-06,4L PROCESSING
TX0136417,TX,meat,2021-06-30,TDS,0.039746804999999996,,,,,,797.0,,,,,,,2021-06,4L PROCESSING
TX0136417,TX,meat,2021-07-31,BOD,0.032175985000000004,,,,,,13.15,,,,,,36.1,2021-07,4L PROCESSING
TX0136417,TX,meat,2021-07-31,Cu,0.032175985000000004,,,,,,0.0319,,,,,,,2021-07,4L PROCESSING
TX0136417,TX,meat,2021-07-31,TDS,0.032175985000000004,,,,,,632.0,,,,,,,2021-07,4L PROCESSING
TX0136417,TX,meat,2021-08-31,BOD,0.06245926500000001,,,,,,6.49,,,,,,36.1,2021-08,4L PROCESSING
TX0136417,TX,meat,2021-08-31,Cu,0.06245926500000001,,,,,,0.0281,,,,,,,2021-08,4L PROCESSING
TX0136417,TX,meat,2021-08-31,TDS,0.06245926500000001,,,,,,608.0,,,,,,,2021-08,4L PROCESSING
TX0136417,TX,meat,2021-09-30,BOD,0.035961395,,,,,,4.61,,,,,,36.1,2021-09,4L PROCESSING
TX0136417,TX,meat,2021-09-30,Cu,0.035961395,,,,,,0.0454,,,,,,,2021-09,4L PROCESSING
TX0136417,TX,meat,2021-09-30,TDS,0.035961395,,,,,,774.0,,,,,,,2021-09,4L PROCESSING
TX0136417,TX,meat,2021-10-31,BOD,0.035961395,,,,,,11.3,,,,,,36.1,2021-10,4L PROCESSING
TX0136417,TX,meat,2021-10-31,Cu,0.035961395,,,,,,0.0457,,,,,,,2021-10,4L PROCESSING
TX0136417,TX,meat,2021-10-31,TDS,0.035961395,,,,,,943.0,,,,,,,2021-10,4L PROCESSING
TX0136417,TX,meat,2021-11-30,BOD,0.039746804999999996,,,,,,31.85,,,,,,36.1,2021-11,4L PROCESSING
TX0136417,TX,meat,2021-11-30,Cu,0.039746804999999996,,,,,,0.047,,,,,,,2021-11,4L PROCESSING
TX0136417,TX,meat,2021-11-30,TDS,0.039746804999999996,,,,,,1038.0,,,,,,,2021-11,4L PROCESSING
TX0136417,TX,meat,2021-12-31,BOD,0.035961395,,,,,,47.0,,,,,,36.1,2021-12,4L PROCESSING
TX0136417,TX,meat,2021-12-31,Cu,0.035961395,,,,,,0.0536,,,,,,,2021-12,4L PROCESSING
TX0136417,TX,meat,2021-12-31,TDS,0.035961395,,,,,,1058.0,,,,,,,2021-12,4L PROCESSING
TX0136417,TX,meat,2022-01-31,BOD,0.034068690000000006,,,,,,46.118,,,,,,36.1,2022-01,4L PROCESSING
TX0136417,TX,meat,2022-01-31,Cu,0.034068690000000006,,,,,,0.09,,,,,,,2022-01,4L PROCESSING
TX0136417,TX,meat,2022-01-31,TDS,0.034068690000000006,,,,,,989.0,,,,,,,2022-01,4L PROCESSING
TX0136417,TX,meat,2022-02-28,BOD,0.032175985000000004,,,,,,26.97,,,,,,36.1,2022-02,4L PROCESSING
TX0136417,TX,meat,2022-02-28,Cu,0.032175985000000004,,,,,,0.05,,,,,,,2022-02,4L PROCESSING
TX0136417,TX,meat,2022-02-28,TDS,0.032175985000000004,,,,,,1047.0,,,,,,,2022-02,4L PROCESSING
TX0136417,TX,meat,2022-03-31,BOD,0.02271246,,,,,,9.42,,,,,,36.1,2022-03,4L PROCESSING
TX0136417,TX,meat,2022-03-31,Cu,0.02271246,,,,,,0.044,,,,,,,2022-03,4L PROCESSING
TX0136417,TX,meat,2022-03-31,TDS,0.02271246,,,,,,1303.0,,,,,,,2022-03,4L PROCESSING
TX0136417,TX,meat,2022-04-30,BOD,0.028390575,,,,,,11.4,,,,,,36.1,2022-04,4L PROCESSING
TX0136417,TX,meat,2022-04-30,Cu,0.028390575,,,,,,0.0367,,,,,,,2022-04,4L PROCESSING
TX0136417,TX,meat,2022-04-30,TDS,0.028390575,,,,,,1170.0,,,,,,,2022-04,4L PROCESSING
TX0136417,TX,meat,2022-05-31,BOD,0.024605165000000002,,,,,,11.57,,,,,,36.1,2022-05,4L PROCESSING
TX0136417,TX,meat,2022-05-31,Cu,0.024605165000000002,,,,,,0.0448,,,,,,,2022-05,4L PROCESSING
TX0136417,TX,meat,2022-05-31,TDS,0.024605165000000002,,,,,,1117.0,,,,,,,2022-05,4L PROCESSING
TX0136417,TX,meat,2022-06-30,BOD,0.030283280000000003,,,,,,9.71,,,,,,36.1,2022-06,4L PROCESSING
TX0136417,TX,meat,2022-06-30,Cu,0.030283280000000003,,,,,,0.0383,,,,,,,2022-06,4L PROCESSING
TX0136417,TX,meat,2022-06-30,TDS,0.030283280000000003,,,,,,1001.0,,,,,,,2022-06,4L PROCESSING
TX0136417,TX,meat,2022-07-31,BOD,0.047317625,,,,,,10.0,,,,,,36.1,2022-07,4L PROCESSING
TX0136417,TX,meat,2022-07-31,Cu,0.047317625,,,,,,0.0383,,,,,,,2022-07,4L PROCESSING
TX0136417,TX,meat,2022-07-31,TDS,0.047317625,,,,,,845.0,,,,,,,2022-07,4L PROCESSING
TX0136417,TX,meat,2022-08-31,BOD,0.03406869,,,,,,12.65,,,,,,36.1,2022-08,4L PROCESSING
TX0136417,TX,meat,2022-08-31,Cu,0.03406869,,,,,,0.0387,,,,,,,2022-08,4L PROCESSING
TX0136417,TX,meat,2022-08-31,TDS,0.03406869,,,,,,717.0,,,,,,,2022-08,4L PROCESSING
TX0136417,TX,meat,2022-11-30,BOD,0.04542492,,,,,,8.69,,,,,,36.1,2022-11,4L PROCESSING
TX0136417,TX,meat,2022-11-30,Cu,0.04542492,,,,,,0.0388,,,,,,,2022-11,4L PROCESSING
TX0136417,TX,meat,2022-11-30,TDS,0.04542492,,,,,,918.0,,,,,,,2022-11,4L PROCESSING
TX0136417,TX,meat,2022-12-31,BOD,0.032175985000000004,,,,,,16.64,,,,,,36.1,2022-12,4L PROCESSING
TX0136417,TX,meat,2022-12-31,Cu,0.032175985000000004,,,,,,0.0253,,,,,,,2022-12,4L PROCESSING
TX0136417,TX,meat,2022-12-31,TDS,0.032175985000000004,,,,,,813.0,,,,,,,2022-12,4L PROCESSING
TX0136417,TX,meat,2023-01-31,BOD,0.051103035000000005,,,,,,41.3,,,,,,36.1,2023-01,4L PROCESSING
TX0136417,TX,meat,2023-01-31,Cu,0.051103035000000005,,,,,,0.0382,,,,,,,2023-01,4L PROCESSING
TX0136417,TX,meat,2023-01-31,TDS,0.051103035000000005,,,,,,875.0,,,,,,,2023-01,4L PROCESSING
TX0136417,TX,meat,2023-02-28,BOD,0.05678115,,,,,,28.4,,,,,,36.1,2023-02,4L PROCESSING
TX0136417,TX,meat,2023-02-28,Cu,0.05678115,,,,,,0.0,,,,,,,2023-02,4L PROCESSING
TX0136417,TX,meat,2023-02-28,TDS,0.05678115,,,,,,762.0,,,,,,,2023-02,4L PROCESSING
TX0136417,TX,meat,2023-03-31,BOD,0.07495111800000001,,,,,,39.7,,,,,,36.1,2023-03,4L PROCESSING
TX0136417,TX,meat,2023-03-31,Cu,0.07495111800000001,,,,,,0.0473,,,,,,,2023-03,4L PROCESSING
TX0136417,TX,meat,2023-03-31,TDS,0.07495111800000001,,,,,,720.5,,,,,,,2023-03,4L PROCESSING
TX0136417,TX,meat,2023-04-30,BOD,0.040125346,,,,,,7.4,,,,,,36.1,2023-04,4L PROCESSING
TX0136417,TX,meat,2023-04-30,Cu,0.040125346,,,,,,0.0571,,,,,,,2023-04,4L PROCESSING
TX0136417,TX,meat,2023-04-30,TDS,0.040125346,,,,,,777.5,,,,,,,2023-04,4L PROCESSING
TX0136417,TX,meat,2023-05-31,BOD,0.015141640000000001,,,,,,7.1,,,,,,36.1,2023-05,4L PROCESSING
TX0136417,TX,meat,2023-05-31,Cu,0.015141640000000001,,,,,,0.0632,,,,,,,2023-05,4L PROCESSING
TX0136417,TX,meat,2023-05-31,TDS,0.015141640000000001,,,,,,804.0,,,,,,,2023-05,4L PROCESSING
TX0136417,TX,meat,2023-06-30,BOD,0.0378541,,,,,,6.9,,,,,,36.1,2023-06,4L PROCESSING
TX0136417,TX,meat,2023-06-30,Cu,0.0378541,,,,,,0.0608,,,,,,,2023-06,4L PROCESSING
TX0136417,TX,meat,2023-06-30,TDS,0.0378541,,,,,,761.25,,,,,,,2023-06,4L PROCESSING
TX0136417,TX,meat,2023-07-31,BOD,0.0378541,,,,,,15.68,,,,,,36.1,2023-07,4L PROCESSING
TX0136417,TX,meat,2023-07-31,Cu,0.0378541,,,,,,0.0759,,,,,,,2023-07,4L PROCESSING
TX0136417,TX,meat,2023-07-31,TDS,0.0378541,,,,,,882.5,,,,,,,2023-07,4L PROCESSING
TX0136417,TX,meat,2023-08-31,BOD,0.036718477,,,,,,10.02,,,,,,36.1,2023-08,4L PROCESSING
TX0136417,TX,meat,2023-08-31,Cu,0.036718477,,,,,,0.0613,,,,,,,2023-08,4L PROCESSING
TX0136417,TX,meat,2023-08-31,TDS,0.036718477,,,,,,930.0,,,,,,,2023-08,4L PROCESSING
TX0136417,TX,meat,2023-09-30,BOD,0.031797444,,,,,,0.0,,,,,7.88,36.1,2023-09,4L PROCESSING
TX0136417,TX,meat,2023-09-30,Cu,0.031797444,,,,,,0.033,,,,,,,2023-09,4L PROCESSING
TX0136417,TX,meat,2023-09-30,TDS,0.031797444,,,,,,944.0,,,,,,,2023-09,4L PROCESSING
TX0136417,TX,meat,2023-10-31,BOD,0.031418903000000005,,,,,,0.0,,,,,7.07,36.1,2023-10,4L PROCESSING
TX0136417,TX,meat,2023-10-31,Cu,0.031418903000000005,,,,,,0.0909,,,,,,,2023-10,4L PROCESSING
TX0136417,TX,meat,2023-10-31,TDS,0.031418903000000005,,,,,,987.0,,,,,,,2023-10,4L PROCESSING
TX0136417,TX,meat,2023-11-30,BOD,0.034447231,,,,,,6.99,,,,,,36.1,2023-11,4L PROCESSING
TX0136417,TX,meat,2023-11-30,Cu,0.034447231,,,,,,0.0637,,,,,,,2023-11,4L PROCESSING
TX0136417,TX,meat,2023-11-30,TDS,0.034447231,,,,,,859.4,,,,,,,2023-11,4L PROCESSING
TX0136417,TX,meat,2023-12-31,BOD,0.029147657000000004,,,,,,0.0,,,,,3.44,36.1,2023-12,4L PROCESSING
TX0136417,TX,meat,2023-12-31,Cu,0.029147657000000004,,,,,,0.074,,,,,,,2023-12,4L PROCESSING
TX0136417,TX,meat,2023-12-31,TDS,0.029147657000000004,,,,,,956.0,,,,,,,2023-12,4L PROCESSING
TX0136417,TX,meat,2024-01-31,BOD,0.050724494,,,,,,0.0,,,,,6.21,36.1,2024-01,4L PROCESSING
TX0136417,TX,meat,2024-01-31,Cu,0.050724494,,,,,,0.0411,,,,,,,2024-01,4L PROCESSING
TX0136417,TX,meat,2024-01-31,TDS,0.050724494,,,,,,723.0,,,,,,,2024-01,4L PROCESSING
TX0136417,TX,meat,2024-02-29,BOD,0.03861118200000001,,,,,,13.8,,,,,,36.1,2024-02,4L PROCESSING
TX0136417,TX,meat,2024-02-29,Cu,0.03861118200000001,,,,,,0.0899,,,,,,,2024-02,4L PROCESSING
TX0136417,TX,meat,2024-02-29,TDS,0.03861118200000001,,,,,,671.0,,,,,,,2024-02,4L PROCESSING
TX0136417,TX,meat,2024-03-31,BOD,0.028390575,,,,,,9.25,,,,,,36.1,2024-03,4L PROCESSING
TX0136417,TX,meat,2024-03-31,Cu,0.028390575,,,,,,0.0848,,,,,,,2024-03,4L PROCESSING
TX0136417,TX,meat,2024-03-31,TDS,0.028390575,,,,,,714.5,,,,,,,2024-03,4L PROCESSING
TX0136417,TX,meat,2024-04-30,BOD,0.030283280000000003,,,,,,11.27,,,,,,36.1,2024-04,4L PROCESSING
TX0136417,TX,meat,2024-04-30,Cu,0.030283280000000003,,,,,,0.0616,,,,,,,2024-04,4L PROCESSING
TX0136417,TX,meat,2024-04-30,TDS,0.030283280000000003,,,,,,613.0,,,,,,,2024-04,4L PROCESSING
TX0136417,TX,meat,2024-05-31,BOD,0.029147657000000004,,,,,,12.59,,,,,,36.1,2024-05,4L PROCESSING
TX0136417,TX,meat,2024-05-31,Cu,0.029147657000000004,,,,,,0.0881,,,,,,,2024-05,4L PROCESSING
TX0136417,TX,meat,2024-05-31,TDS,0.029147657000000004,,,,,,594.8,,,,,,,2024-05,4L PROCESSING
TX0136417,TX,meat,2024-06-30,BOD,0.026497870000000003,,,,,,14.65,,,,,,36.1,2024-06,4L PROCESSING
TX0136417,TX,meat,2024-06-30,Cu,0.026497870000000003,,,,,,0.056,,,,,,0.017,2024-06,4L PROCESSING
TX0136417,TX,meat,2024-06-30,TDS,0.026497870000000003,,,,,,507.0,,,,,,3277.9,2024-06,4L PROCESSING
TX0136417,TX,meat,2024-07-31,BOD,0.03861118200000001,,,,,,7.17,,,,,,36.1,2024-07,4L PROCESSING
TX0136417,TX,meat,2024-07-31,Cu,0.03861118200000001,,,,,,0.0801,,,,,,0.017,2024-07,4L PROCESSING
TX0136417,TX,meat,2024-07-31,TDS,0.03861118200000001,,,,,,836.67,,,,,,3277.9,2024-07,4L PROCESSING
TX0136417,TX,meat,2024-08-31,BOD,0.03406869,,,,,,17.5,,,,,,36.1,2024-08,4L PROCESSING
TX0136417,TX,meat,2024-08-31,Cu,0.03406869,,,,,,0.0805,,,,,,0.017,2024-08,4L PROCESSING
TX0136417,TX,meat,2024-08-31,TDS,0.03406869,,,,,,818.5,,,,,,3277.9,2024-08,4L PROCESSING
TX0136417,TX,meat,2024-09-30,BOD,0.040125346,,,,,,3.1,,,,,,36.1,2024-09,4L PROCESSING
TX0136417,TX,meat,2024-09-30,Cu,0.040125346,,,,,,0.0785,,,,,,0.017,2024-09,4L PROCESSING
TX0136417,TX,meat,2024-09-30,TDS,0.040125346,,,,,,872.5,,,,,,3277.9,2024-09,4L PROCESSING
TX0136417,TX,meat,2024-10-31,BOD,0.034447231,,,,,,8.24,,,,,,36.1,2024-10,4L PROCESSING
TX0136417,TX,meat,2024-10-31,Cu,0.034447231,,,,,,0.08,,,,,,0.017,2024-10,4L PROCESSING
TX0136417,TX,meat,2024-10-31,TDS,0.034447231,,,,,,1210.0,,,,,,3277.9,2024-10,4L PROCESSING
TX0136417,TX,meat,2024-11-30,BOD,0.028012034,,,,,,3.55,,,,,,36.1,2024-11,4L PROCESSING
TX0136417,TX,meat,2024-11-30,Cu,0.028012034,,,,,,0.076,,,,,,0.017,2024-11,4L PROCESSING
TX0136417,TX,meat,2024-11-30,TDS,0.028012034,,,,,,1023.5,,,,,,3277.9,2024-11,4L PROCESSING
TX0136417,TX,meat,2024-12-31,BOD,0.039368264,,,,,,38.83,,,,,,36.1,2024-12,4L PROCESSING
TX0136417,TX,meat,2024-12-31,Cu,0.039368264,,,,,,0.0357,,,,,,0.017,2024-12,4L PROCESSING
TX0136417,TX,meat,2024-12-31,TDS,0.039368264,,,,,,1068.0,,,,,,3277.9,2024-12,4L PROCESSING
VA0076015,VA,textile,2019-01-31,BOD,0.5280646950000001,,,,,,6.5,,,,,,,2019-01,RONILE INC
VA0076015,VA,textile,2019-01-31,COD,0.5280646950000001,,,,,,103.0,,,,,,,2019-01,RONILE INC
VA0076015,VA,textile,2019-01-31,Cr,0.5280646950000001,,,,,,0.0,,,,,,,2019-01,RONILE INC
VA0076015,VA,textile,2019-01-31,Cu,0.5280646950000001,,,,,,0.0,,,,,,0.022,2019-01,RONILE INC
VA0076015,VA,textile,2019-01-31,TSS,0.5280646950000001,,,,,,14.7,,,,,,,2019-01,RONILE INC
VA0076015,VA,textile,2019-01-31,Zn,0.5280646950000001,,,,,,0.092,,,,,,0.14000001,2019-01,RONILE INC
VA0076015,VA,textile,2019-02-28,BOD,0.5072449400000001,,,,,,6.0,,,,,,,2019-02,RONILE INC
VA0076015,VA,textile,2019-02-28,COD,0.5072449400000001,,,,,,117.0,,,,,,,2019-02,RONILE INC
VA0076015,VA,textile,2019-02-28,Cr,0.5072449400000001,,,,,,0.0,,,,,,,2019-02,RONILE INC
VA0076015,VA,textile,2019-02-28,Cu,0.5072449400000001,,,,,,0.0,,,,,,0.022,2019-02,RONILE INC
VA0076015,VA,textile,2019-02-28,TSS,0.5072449400000001,,,,,,11.7,,,,,,,2019-02,RONILE INC
VA0076015,VA,textile,2019-02-28,Zn,0.5072449400000001,,,,,,0.059,,,,,,0.14000001,2019-02,RONILE INC
VA0076015,VA,textile,2019-03-31,BOD,0.47317625,,,,,,3.1,,,,,,,2019-03,RONILE INC
VA0076015,VA,textile,2019-03-31,COD,0.47317625,,,,,,73.0,,,,,,,2019-03,RONILE INC
VA0076015,VA,textile,2019-03-31,Cr,0.47317625,,,,,,0.0,,,,,,,2019-03,RONILE INC
VA0076015,VA,textile,2019-03-31,Cu,0.47317625,,,,,,0.0,,,,,,0.022,2019-03,RONILE INC
VA0076015,VA,textile,2019-03-31,TSS,0.47317625,,,,,,10.7,,,,,,,2019-03,RONILE INC
VA0076015,VA,textile,2019-03-31,Zn,0.47317625,,,,,,0.071,,,,,,0.14000001,2019-03,RONILE INC
VA0076015,VA,textile,2019-04-30,BOD,0.46939084000000003,,,,,,18.3,,,,,,,2019-04,RONILE INC
VA0076015,VA,textile,2019-04-30,COD,0.46939084000000003,,,,,,48.0,,,,,,,2019-04,RONILE INC
VA0076015,VA,textile,2019-04-30,Cr,0.46939084000000003,,,,,,0.0,,,,,,,2019-04,RONILE INC
VA0076015,VA,textile,2019-04-30,Cu,0.46939084000000003,,,,,,0.0,,,,,,0.022,2019-04,RONILE INC
VA0076015,VA,textile,2019-04-30,TSS,0.46939084000000003,,,,,,7.1,,,,,,,2019-04,RONILE INC
VA0076015,VA,textile,2019-04-30,Zn,0.46939084000000003,,,,,,0.05,,,,,,0.14000001,2019-04,RONILE INC
VA0076015,VA,textile,2019-05-31,BOD,0.4523564950000001,,,,,,5.2,,,,,,,2019-05,RONILE INC
VA0076015,VA,textile,2019-05-31,COD,0.4523564950000001,,,,,,61.0,,,,,,,2019-05,RONILE INC
VA0076015,VA,textile,2019-05-31,Cr,0.4523564950000001,,,,,,0.0,,,,,,,2019-05,RONILE INC
VA0076015,VA,textile,2019-05-31,Cu,0.4523564950000001,,,,,,0.0,,,,,,0.022,2019-05,RONILE INC
VA0076015,VA,textile,2019-05-31,TSS,0.4523564950000001,,,,,,8.5,,,,,,,2019-05,RONILE INC
VA0076015,VA,textile,2019-05-31,Zn,0.4523564950000001,,,,,,0.067,,,,,,0.14000001,2019-05,RONILE INC
VA0076015,VA,textile,2019-06-30,BOD,0.44857108500000004,,,,,,4.9,,,,,,,2019-06,RONILE INC
VA0076015,VA,textile,2019-06-30,COD,0.44857108500000004,,,,,,78.0,,,,,,,2019-06,RONILE INC
VA0076015,VA,textile,2019-06-30,Cr,0.44857108500000004,,,,,,0.0,,,,,,,2019-06,RONILE INC
VA0076015,VA,textile,2019-06-30,Cu,0.44857108500000004,,,,,,0.0,,,,,,0.022,2019-06,RONILE INC
VA0076015,VA,textile,2019-06-30,TSS,0.44857108500000004,,,,,,25.4,,,,,,,2019-06,RONILE INC
VA0076015,VA,textile,2019-06-30,Zn,0.44857108500000004,,,,,,0.088,,,,,,0.14000001,2019-06,RONILE INC
VA0076015,VA,textile,2019-07-31,BOD,0.48642518500000004,,,,,,4.3,,,,,,,2019-07,RONILE INC
VA0076015,VA,textile,2019-07-31,COD,0.48642518500000004,,,,,,76.0,,,,,,,2019-07,RONILE INC
VA0076015,VA,textile,2019-07-31,Cr,0.48642518500000004,,,,,,0.0,,,,,,,2019-07,RONILE INC
VA0076015,VA,textile,2019-07-31,Cu,0.48642518500000004,,,,,,0.0,,,,,,0.022,2019-07,RONILE INC
VA0076015,VA,textile,2019-07-31,TSS,0.48642518500000004,,,,,,17.9,,,,,,,2019-07,RONILE INC
VA0076015,VA,textile,2019-07-31,Zn,0.48642518500000004,,,,,,0.07,,,,,,0.14000001,2019-07,RONILE INC
VA0076015,VA,textile,2019-08-31,BOD,0.44857108500000004,,,,,,3.1,,,,,,,2019-08,RONILE INC
VA0076015,VA,textile,2019-08-31,COD,0.44857108500000004,,,,,,101.0,,,,,,,2019-08,RONILE INC
VA0076015,VA,textile,2019-08-31,Cr,0.44857108500000004,,,,,,0.0,,,,,,,2019-08,RONILE INC
VA0076015,VA,textile,2019-08-31,Cu,0.44857108500000004,,,,,,0.012,,,,,,0.022,2019-08,RONILE INC
VA0076015,VA,textile,2019-08-31,TSS,0.44857108500000004,,,,,,12.5,,,,,,,2019-08,RONILE INC
VA0076015,VA,textile,2019-08-31,Zn,0.44857108500000004,,,,,,0.12000001,,,,,,0.14000001,2019-08,RONILE INC
VA0076015,VA,textile,2019-09-30,BOD,0.43153674000000003,,,,,,2.0,,,,,,,2019-09,RONILE INC
VA0076015,VA,textile,2019-09-30,COD,0.43153674000000003,,,,,,73.0,,,,,,,2019-09,RONILE INC
VA0076015,VA,textile,2019-09-30,Cr,0.43153674000000003,,,,,,0.0,,,,,,,2019-09,RONILE INC
VA0076015,VA,textile,2019-09-30,Cu,0.43153674000000003,,,,,,0.01,,,,,,0.022,2019-09,RONILE INC
VA0076015,VA,textile,2019-09-30,TSS,0.43153674000000003,,,,,,10.7,,,,,,,2019-09,RONILE INC
VA0076015,VA,textile,2019-09-30,Zn,0.43153674000000003,,,,,,0.099,,,,,,0.14000001,2019-09,RONILE INC
VA0076015,VA,textile,2019-10-31,BOD,0.46939084000000003,,,,,,3.1,,,,,,,2019-10,RONILE INC
VA0076015,VA,textile,2019-10-31,COD,0.46939084000000003,,,,,,46.0,,,,,,,2019-10,RONILE INC
VA0076015,VA,textile,2019-10-31,Cr,0.46939084000000003,,,,,,0.0,,,,,,,2019-10,RONILE INC
VA0076015,VA,textile,2019-10-31,Cu,0.46939084000000003,,,,,,0.0,,,,,,0.022,2019-10,RONILE INC
VA0076015,VA,textile,2019-10-31,TSS,0.46939084000000003,,,,,,6.5,,,,,,,2019-10,RONILE INC
VA0076015,VA,textile,2019-10-31,Zn,0.46939084000000003,,,,,,0.072,,,,,,0.14000001,2019-10,RONILE INC
VA0076015,VA,textile,2019-11-30,BOD,0.37475559,,,,,,2.9,,,,,,,2019-11,RONILE INC
VA0076015,VA,textile,2019-11-30,COD,0.37475559,,,,,,52.0,,,,,,,2019-11,RONILE INC
VA0076015,VA,textile,2019-11-30,Cr,0.37475559,,,,,,0.0,,,,,,,2019-11,RONILE INC
VA0076015,VA,textile,2019-11-30,Cu,0.37475559,,,,,,0.0,,,,,,0.022,2019-11,RONILE INC
VA0076015,VA,textile,2019-11-30,TSS,0.37475559,,,,,,7.9,,,,,,,2019-11,RONILE INC
VA0076015,VA,textile,2019-11-30,Zn,0.37475559,,,,,,0.13000001,,,,,,0.14000001,2019-11,RONILE INC
VA0076015,VA,textile,2019-12-31,BOD,0.39936075500000007,,,,,,1.0,,,,,,,2019-12,RONILE INC
VA0076015,VA,textile,2019-12-31,COD,0.39936075500000007,,,,,,39.0,,,,,,,2019-12,RONILE INC
VA0076015,VA,textile,2019-12-31,Cr,0.39936075500000007,,,,,,0.0,,,,,,,2019-12,RONILE INC
VA0076015,VA,textile,2019-12-31,Cu,0.39936075500000007,,,,,,0.0,,,,,,0.022,2019-12,RONILE INC
VA0076015,VA,textile,2019-12-31,TSS,0.39936075500000007,,,,,,8.2,,,,,,,2019-12,RONILE INC
VA0076015,VA,textile,2019-12-31,Zn,0.39936075500000007,,,,,,0.054,,,,,,0.14000001,2019-12,RONILE INC
VA0076015,VA,textile,2020-01-31,BOD,0.39368264000000003,,,,,,0.0,,,,,,,2020-01,RONILE INC
VA0076015,VA,textile,2020-01-31,COD,0.39368264000000003,,,,,,62.0,,,,,,,2020-01,RONILE INC
VA0076015,VA,textile,2020-01-31,Cr,0.39368264000000003,,,,,,0.0,,,,,,,2020-01,RONILE INC
VA0076015,VA,textile,2020-01-31,Cu,0.39368264000000003,,,,,,0.0,,,,,,0.022,2020-01,RONILE INC
VA0076015,VA,textile,2020-01-31,TSS,0.39368264000000003,,,,,,7.9,,,,,,,2020-01,RONILE INC
VA0076015,VA,textile,2020-01-31,Zn,0.39368264000000003,,,,,,0.1,,,,,,0.14000001,2020-01,RONILE INC
VA0076015,VA,textile,2020-02-29,BOD,0.35204313000000004,,,,,,1.7,,,,,,,2020-02,RONILE INC
VA0076015,VA,textile,2020-02-29,COD,0.35204313000000004,,,,,,58.0,,,,,,,2020-02,RONILE INC
VA0076015,VA,textile,2020-02-29,Cr,0.35204313000000004,,,,,,0.0,,,,,,,2020-02,RONILE INC
VA0076015,VA,textile,2020-02-29,Cu,0.35204313000000004,,,,,,0.0,,,,,,0.022,2020-02,RONILE INC
VA0076015,VA,textile,2020-02-29,TSS,0.35204313000000004,,,,,,2.5,,,,,,,2020-02,RONILE INC
VA0076015,VA,textile,2020-02-29,Zn,0.35204313000000004,,,,,,0.098,,,,,,0.14000001,2020-02,RONILE INC
VA0076015,VA,textile,2020-03-31,BOD,0.3974680500000001,,,,,,0.0,,,,,,,2020-03,RONILE INC
VA0076015,VA,textile,2020-03-31,COD,0.3974680500000001,,,,,,53.0,,,,,,,2020-03,RONILE INC
VA0076015,VA,textile,2020-03-31,Cr,0.3974680500000001,,,,,,0.0,,,,,,,2020-03,RONILE INC
VA0076015,VA,textile,2020-03-31,Cu,0.3974680500000001,,,,,,0.0,,,,,,0.022,2020-03,RONILE INC
VA0076015,VA,textile,2020-03-31,TSS,0.3974680500000001,,,,,,2.4,,,,,,,2020-03,RONILE INC
VA0076015,VA,textile,2020-03-31,Zn,0.3974680500000001,,,,,,0.13000001,,,,,,0.14000001,2020-03,RONILE INC
VA0076015,VA,textile,2020-04-30,BOD,0.36718477000000005,,,,,,0.0,,,,,,,2020-04,RONILE INC
VA0076015,VA,textile,2020-04-30,COD,0.36718477000000005,,,,,,49.0,,,,,,,2020-04,RONILE INC
VA0076015,VA,textile,2020-04-30,Cr,0.36718477000000005,,,,,,0.0,,,,,,,2020-04,RONILE INC
VA0076015,VA,textile,2020-04-30,Cu,0.36718477000000005,,,,,,0.0,,,,,,0.022,2020-04,RONILE INC
VA0076015,VA,textile,2020-04-30,TSS,0.36718477000000005,,,,,,2.4,,,,,,,2020-04,RONILE INC
VA0076015,VA,textile,2020-04-30,Zn,0.36718477000000005,,,,,,0.077,,,,,,0.14000001,2020-04,RONILE INC
VA0076015,VA,textile,2020-05-31,BOD,0.41828780500000007,,,,,,0.0,,,,,,,2020-05,RONILE INC
VA0076015,VA,textile,2020-05-31,COD,0.41828780500000007,,,,,,0.0,,,,,,,2020-05,RONILE INC
VA0076015,VA,textile,2020-05-31,Cr,0.41828780500000007,,,,,,0.0,,,,,,,2020-05,RONILE INC
VA0076015,VA,textile,2020-05-31,Cu,0.41828780500000007,,,,,,0.0,,,,,,0.022,2020-05,RONILE INC
VA0076015,VA,textile,2020-05-31,TSS,0.41828780500000007,,,,,,2.7,,,,,,,2020-05,RONILE INC
VA0076015,VA,textile,2020-05-31,Zn,0.41828780500000007,,,,,,0.056,,,,,,0.14000001,2020-05,RONILE INC
VA0076015,VA,textile,2020-06-30,BOD,0.4163951,,,,,,0.0,,,,,,,2020-06,RONILE INC
VA0076015,VA,textile,2020-06-30,COD,0.4163951,,,,,,40.0,,,,,,,2020-06,RONILE INC
VA0076015,VA,textile,2020-06-30,Cr,0.4163951,,,,,,0.0,,,,,,,2020-06,RONILE INC
VA0076015,VA,textile,2020-06-30,Cu,0.4163951,,,,,,0.0,,,,,,0.022,2020-06,RONILE INC
VA0076015,VA,textile,2020-06-30,TSS,0.4163951,,,,,,5.0,,,,,,,2020-06,RONILE INC
VA0076015,VA,textile,2020-06-30,Zn,0.4163951,,,,,,0.11000001,,,,,,0.14000001,2020-06,RONILE INC
VA0076015,VA,textile,2020-07-31,BOD,0.42396592000000005,,,,,,1.6,,,,,,,2020-07,RONILE INC
VA0076015,VA,textile,2020-07-31,COD,0.42396592000000005,,,,,,41.0,,,,,,,2020-07,RONILE INC
VA0076015,VA,textile,2020-07-31,Cr,0.42396592000000005,,,,,,0.0,,,,,,,2020-07,RONILE INC
VA0076015,VA,textile,2020-07-31,Cu,0.42396592000000005,,,,,,0.006,,,,,,0.022,2020-07,RONILE INC
VA0076015,VA,textile,2020-07-31,TSS,0.42396592000000005,,,,,,4.3,,,,,,,2020-07,RONILE INC
VA0076015,VA,textile,2020-07-31,Zn,0.42396592000000005,,,,,,0.041,,,,,,0.14000001,2020-07,RONILE INC
VA0076015,VA,textile,2020-08-31,BOD,0.42396592000000005,,,,,,0.0,,,,,,,2020-08,RONILE INC
VA0076015,VA,textile,2020-08-31,COD,0.42396592000000005,,,,,,40.0,,,,,,,2020-08,RONILE INC
VA0076015,VA,textile,2020-08-31,Cr,0.42396592000000005,,,,,,0.0,,,,,,,2020-08,RONILE INC
VA0076015,VA,textile,2020-08-31,Cu,0.42396592000000005,,,,,,0.0,,,,,,0.022,2020-08,RONILE INC
VA0076015,VA,textile,2020-08-31,TSS,0.42396592000000005,,,,,,4.8,,,,,,,2020-08,RONILE INC
VA0076015,VA,textile,2020-08-31,Zn,0.42396592000000005,,,,,,0.082,,,,,,0.14000001,2020-08,RONILE INC
VA0076015,VA,textile,2020-09-30,BOD,0.42775133000000004,,,,,,2.4,,,,,,,2020-09,RONILE INC
VA0076015,VA,textile,2020-09-30,COD,0.42775133000000004,,,,,,41.0,,,,,,,2020-09,RONILE INC
VA0076015,VA,textile,2020-09-30,Cr,0.42775133000000004,,,,,,0.0,,,,,,,2020-09,RONILE INC
VA0076015,VA,textile,2020-09-30,Cu,0.42775133000000004,,,,,,0.0,,,,,,0.022,2020-09,RONILE INC
VA0076015,VA,textile,2020-09-30,TSS,0.42775133000000004,,,,,,6.2,,,,,,,2020-09,RONILE INC
VA0076015,VA,textile,2020-09-30,Zn,0.42775133000000004,,,,,,0.041,,,,,,0.14000001,2020-09,RONILE INC
VA0076015,VA,textile,2020-10-31,BOD,0.459927315,,,,,,3.8,,,,,,,2020-10,RONILE INC
VA0076015,VA,textile,2020-10-31,COD,0.459927315,,,,,,37.0,,,,,,,2020-10,RONILE INC
VA0076015,VA,textile,2020-10-31,Cr,0.459927315,,,,,,0.0,,,,,,,2020-10,RONILE INC
VA0076015,VA,textile,2020-10-31,Cu,0.459927315,,,,,,0.0,,,,,,0.022,2020-10,RONILE INC
VA0076015,VA,textile,2020-10-31,TSS,0.459927315,,,,,,6.1,,,,,,,2020-10,RONILE INC
VA0076015,VA,textile,2020-10-31,Zn,0.459927315,,,,,,0.051,,,,,,0.14000001,2020-10,RONILE INC
VA0076015,VA,textile,2020-11-30,BOD,0.5280646950000001,,,,,,0.8,,,,,,,2020-11,RONILE INC
VA0076015,VA,textile,2020-11-30,COD,0.5280646950000001,,,,,,37.0,,,,,,,2020-11,RONILE INC
VA0076015,VA,textile,2020-11-30,Cr,0.5280646950000001,,,,,,0.0,,,,,,,2020-11,RONILE INC
VA0076015,VA,textile,2020-11-30,Cu,0.5280646950000001,,,,,,0.0,,,,,,0.022,2020-11,RONILE INC
VA0076015,VA,textile,2020-11-30,TSS,0.5280646950000001,,,,,,6.1,,,,,,,2020-11,RONILE INC
VA0076015,VA,textile,2020-11-30,Zn,0.5280646950000001,,,,,,0.049,,,,,,0.14000001,2020-11,RONILE INC
VA0076015,VA,textile,2020-12-31,BOD,0.42585862500000005,,,,,,1.8,,,,,,,2020-12,RONILE INC
VA0076015,VA,textile,2020-12-31,COD,0.42585862500000005,,,,,,29.0,,,,,,,2020-12,RONILE INC
VA0076015,VA,textile,2020-12-31,Cr,0.42585862500000005,,,,,,0.0,,,,,,,2020-12,RONILE INC
VA0076015,VA,textile,2020-12-31,Cu,0.42585862500000005,,,,,,0.0,,,,,,0.022,2020-12,RONILE INC
VA0076015,VA,textile,2020-12-31,TSS,0.42585862500000005,,,,,,5.4,,,,,,,2020-12,RONILE INC
VA0076015,VA,textile,2020-12-31,Zn,0.42585862500000005,,,,,,0.066,,,,,,0.14000001,2020-12,RONILE INC
VA0076015,VA,textile,2021-01-31,BOD,0.38611182000000005,,,,,,2.5,,,,,,,2021-01,RONILE INC
VA0076015,VA,textile,2021-01-31,COD,0.38611182000000005,,,,,,42.0,,,,,,,2021-01,RONILE INC
VA0076015,VA,textile,2021-01-31,Cr,0.38611182000000005,,,,,,0.0,,,,,,,2021-01,RONILE INC
VA0076015,VA,textile,2021-01-31,Cu,0.38611182000000005,,,,,,0.0,,,,,,0.022,2021-01,RONILE INC
VA0076015,VA,textile,2021-01-31,TSS,0.38611182000000005,,,,,,3.4,,,,,,,2021-01,RONILE INC
VA0076015,VA,textile,2021-01-31,Zn,0.38611182000000005,,,,,,0.066,,,,,,0.14000001,2021-01,RONILE INC
VA0076015,VA,textile,2021-02-28,BOD,0.3955753450000001,,,,,,1.5,,,,,,,2021-02,RONILE INC
VA0076015,VA,textile,2021-02-28,COD,0.3955753450000001,,,,,,66.0,,,,,,,2021-02,RONILE INC
VA0076015,VA,textile,2021-02-28,Cr,0.3955753450000001,,,,,,0.0,,,,,,,2021-02,RONILE INC
VA0076015,VA,textile,2021-02-28,Cu,0.3955753450000001,,,,,,0.0,,,,,,0.022,2021-02,RONILE INC
VA0076015,VA,textile,2021-02-28,TSS,0.3955753450000001,,,,,,3.9,,,,,,,2021-02,RONILE INC
VA0076015,VA,textile,2021-02-28,Zn,0.3955753450000001,,,,,,0.06,,,,,,0.14000001,2021-02,RONILE INC
VA0076015,VA,textile,2021-03-31,BOD,0.38611182000000005,,,,,,3.6,,,,,,,2021-03,RONILE INC
VA0076015,VA,textile,2021-03-31,COD,0.38611182000000005,,,,,,62.0,,,,,,,2021-03,RONILE INC
VA0076015,VA,textile,2021-03-31,Cr,0.38611182000000005,,,,,,0.0,,,,,,,2021-03,RONILE INC
VA0076015,VA,textile,2021-03-31,Cu,0.38611182000000005,,,,,,0.0,,,,,,0.022,2021-03,RONILE INC
VA0076015,VA,textile,2021-03-31,TSS,0.38611182000000005,,,,,,23.1,,,,,,,2021-03,RONILE INC
VA0076015,VA,textile,2021-03-31,Zn,0.38611182000000005,,,,,,0.058,,,,,,0.14000001,2021-03,RONILE INC
VA0076015,VA,textile,2021-04-30,BOD,0.376648295,,,,,,0.0,,,,,,,2021-04,RONILE INC
VA0076015,VA,textile,2021-04-30,COD,0.376648295,,,,,,49.0,,,,,,,2021-04,RONILE INC
VA0076015,VA,textile,2021-04-30,Cr,0.376648295,,,,,,0.0,,,,,,,2021-04,RONILE INC
VA0076015,VA,textile,2021-04-30,Cu,0.376648295,,,,,,0.0,,,,,,0.022,2021-04,RONILE INC
VA0076015,VA,textile,2021-04-30,TSS,0.376648295,,,,,,6.9,,,,,,,2021-04,RONILE INC
VA0076015,VA,textile,2021-04-30,Zn,0.376648295,,,,,,0.06,,,,,,0.14000001,2021-04,RONILE INC
VA0076015,VA,textile,2021-05-31,BOD,0.422073215,,,,,,3.6,,,,,,,2021-05,RONILE INC
VA0076015,VA,textile,2021-05-31,COD,0.422073215,,,,,,48.0,,,,,,,2021-05,RONILE INC
VA0076015,VA,textile,2021-05-31,Cr,0.422073215,,,,,,0.0,,,,,,,2021-05,RONILE INC
VA0076015,VA,textile,2021-05-31,Cu,0.422073215,,,,,,0.0,,,,,,0.022,2021-05,RONILE INC
VA0076015,VA,textile,2021-05-31,TSS,0.422073215,,,,,,7.2,,,,,,,2021-05,RONILE INC
VA0076015,VA,textile,2021-05-31,Zn,0.422073215,,,,,,0.049,,,,,,0.14000001,2021-05,RONILE INC
VA0076015,VA,textile,2021-06-30,BOD,0.4163951,,,,,,2.0,,,,,,,2021-06,RONILE INC
VA0076015,VA,textile,2021-06-30,COD,0.4163951,,,,,,59.0,,,,,,,2021-06,RONILE INC
VA0076015,VA,textile,2021-06-30,Cr,0.4163951,,,,,,0.0,,,,,,,2021-06,RONILE INC
VA0076015,VA,textile,2021-06-30,Cu,0.4163951,,,,,,0.0,,,,,,0.022,2021-06,RONILE INC
VA0076015,VA,textile,2021-06-30,TSS,0.4163951,,,,,,7.7,,,,,,,2021-06,RONILE INC
VA0076015,VA,textile,2021-06-30,Zn,0.4163951,,,,,,0.064,,,,,,0.14000001,2021-06,RONILE INC
VA0076015,VA,textile,2021-07-31,BOD,0.44289297000000005,,,,,,3.3,,,,,,,2021-07,RONILE INC
VA0076015,VA,textile,2021-07-31,COD,0.44289297000000005,,,,,,49.0,,,,,,,2021-07,RONILE INC
VA0076015,VA,textile,2021-07-31,Cr,0.44289297000000005,,,,,,0.0,,,,,,,2021-07,RONILE INC
VA0076015,VA,textile,2021-07-31,Cu,0.44289297000000005,,,,,,0.0,,,,,,0.022,2021-07,RONILE INC
VA0076015,VA,textile,2021-07-31,TSS,0.44289297000000005,,,,,,5.0,,,,,,,2021-07,RONILE INC
VA0076015,VA,textile,2021-07-31,Zn,0.44289297000000005,,,,,,0.064,,,,,,0.14000001,2021-07,RONILE INC
VA0076015,VA,textile,2021-08-31,BOD,0.44667838000000004,,,,,,0.5,,,,,,,2021-08,RONILE INC
VA0076015,VA,textile,2021-08-31,COD,0.44667838000000004,,,,,,47.0,,,,,,,2021-08,RONILE INC
VA0076015,VA,textile,2021-08-31,Cr,0.44667838000000004,,,,,,0.0,,,,,,,2021-08,RONILE INC
VA0076015,VA,textile,2021-08-31,Cu,0.44667838000000004,,,,,,0.01,,,,,,0.022,2021-08,RONILE INC
VA0076015,VA,textile,2021-08-31,TSS,0.44667838000000004,,,,,,4.7,,,,,,,2021-08,RONILE INC
VA0076015,VA,textile,2021-08-31,Zn,0.44667838000000004,,,,,,0.082,,,,,,0.14000001,2021-08,RONILE INC
VA0076015,VA,textile,2021-09-30,BOD,0.42396592000000005,,,,,,2.6,,,,,,,2021-09,RONILE INC
VA0076015,VA,textile,2021-09-30,COD,0.42396592000000005,,,,,,64.0,,,,,,,2021-09,RONILE INC
VA0076015,VA,textile,2021-09-30,Cr,0.42396592000000005,,,,,,0.0,,,,,,,2021-09,RONILE INC
VA0076015,VA,textile,2021-09-30,Cu,0.42396592000000005,,,,,,0.0,,,,,,0.022,2021-09,RONILE INC
VA0076015,VA,textile,2021-09-30,TSS,0.42396592000000005,,,,,,3.9,,,,,,,2021-09,RONILE INC
VA0076015,VA,textile,2021-09-30,Zn,0.42396592000000005,,,,,,0.048,,,,,,0.14000001,2021-09,RONILE INC
VA0076015,VA,textile,2021-10-31,BOD,0.38232641000000006,,,,,,1.4,,,,,,,2021-10,RONILE INC
VA0076015,VA,textile,2021-10-31,COD,0.38232641000000006,,,,,,42.0,,,,,,,2021-10,RONILE INC
VA0076015,VA,textile,2021-10-31,Cr,0.38232641000000006,,,,,,0.0,,,,,,,2021-10,RONILE INC
VA0076015,VA,textile,2021-10-31,Cu,0.38232641000000006,,,,,,0.0,,,,,,0.022,2021-10,RONILE INC
VA0076015,VA,textile,2021-10-31,TSS,0.38232641000000006,,,,,,5.5,,,,,,,2021-10,RONILE INC
VA0076015,VA,textile,2021-10-31,Zn,0.38232641000000006,,,,,,0.057,,,,,,0.14000001,2021-10,RONILE INC
VA0076015,VA,textile,2021-11-30,BOD,0.399360755,,,,,,0.0,,,,,,,2021-11,RONILE INC
VA0076015,VA,textile,2021-11-30,COD,0.399360755,,,,,,47.0,,,,,,,2021-11,RONILE INC
VA0076015,VA,textile,2021-11-30,Cr,0.399360755,,,,,,0.0,,,,,,,2021-11,RONILE INC
VA0076015,VA,textile,2021-11-30,Cu,0.399360755,,,,,,0.0,,,,,,0.022,2021-11,RONILE INC
VA0076015,VA,textile,2021-11-30,TSS,0.399360755,,,,,,3.3,,,,,,,2021-11,RONILE INC
VA0076015,VA,textile,2021-11-30,Zn,0.399360755,,,,,,0.08,,,,,,0.14000001,2021-11,RONILE INC
VA0076015,VA,textile,2021-12-31,BOD,0.40125346000000006,,,,,,6.5,,,,,,,2021-12,RONILE INC
VA0076015,VA,textile,2021-12-31,COD,0.40125346000000006,,,,,,76.0,,,,,,,2021-12,RONILE INC
VA0076015,VA,textile,2021-12-31,Cr,0.40125346000000006,,,,,,0.0,,,,,,,2021-12,RONILE INC
VA0076015,VA,textile,2021-12-31,Cu,0.40125346000000006,,,,,,0.0,,,,,,0.022,2021-12,RONILE INC
VA0076015,VA,textile,2021-12-31,TSS,0.40125346000000006,,,,,,3.8,,,,,,,2021-12,RONILE INC
VA0076015,VA,textile,2021-12-31,Zn,0.40125346000000006,,,,,,0.084,,,,,,0.14000001,2021-12,RONILE INC
VA0076015,VA,textile,2022-01-31,BOD,0.42585862500000005,,,,,,0.0,,,,,,,2022-01,RONILE INC
VA0076015,VA,textile,2022-01-31,COD,0.42585862500000005,,,,,,131.0,,,,,,,2022-01,RONILE INC
VA0076015,VA,textile,2022-01-31,Cr,0.42585862500000005,,,,,,0.01,,,,,,,2022-01,RONILE INC
VA0076015,VA,textile,2022-01-31,Cu,0.42585862500000005,,,,,,0.0,,,,,,0.022,2022-01,RONILE INC
VA0076015,VA,textile,2022-01-31,TSS,0.42585862500000005,,,,,,10.0,,,,,,,2022-01,RONILE INC
VA0076015,VA,textile,2022-01-31,Zn,0.42585862500000005,,,,,,0.016,,,,,,0.14000001,2022-01,RONILE INC
VA0076015,VA,textile,2022-02-28,BOD,0.38800452500000004,,,,,,28.1,,,,,,,2022-02,RONILE INC
VA0076015,VA,textile,2022-02-28,COD,0.38800452500000004,,,,,,304.0,,,,,,,2022-02,RONILE INC
VA0076015,VA,textile,2022-02-28,Cr,0.38800452500000004,,,,,,0.0,,,,,,,2022-02,RONILE INC
VA0076015,VA,textile,2022-02-28,Cu,0.38800452500000004,,,,,,0.0,,,,,,0.022,2022-02,RONILE INC
VA0076015,VA,textile,2022-02-28,TSS,0.38800452500000004,,,,,,5.5,,,,,,,2022-02,RONILE INC
VA0076015,VA,textile,2022-02-28,Zn,0.38800452500000004,,,,,,0.013,,,,,,0.14000001,2022-02,RONILE INC
VA0076015,VA,textile,2022-03-31,BOD,0.24415894500000002,,,,,,13.5,,,,,,,2022-03,RONILE INC
VA0076015,VA,textile,2022-03-31,COD,0.24415894500000002,,,,,,169.0,,,,,,,2022-03,RONILE INC
VA0076015,VA,textile,2022-03-31,Cr,0.24415894500000002,,,,,,0.0,,,,,,,2022-03,RONILE INC
VA0076015,VA,textile,2022-03-31,Cu,0.24415894500000002,,,,,,0.0,,,,,,0.022,2022-03,RONILE INC
VA0076015,VA,textile,2022-03-31,TSS,0.24415894500000002,,,,,,7.3,,,,,,,2022-03,RONILE INC
VA0076015,VA,textile,2022-03-31,Zn,0.24415894500000002,,,,,,0.0,,,,,,0.14000001,2022-03,RONILE INC
VA0076015,VA,textile,2022-04-30,BOD,0.31229632500000004,,,,,,5.9,,,,,,,2022-04,RONILE INC
VA0076015,VA,textile,2022-04-30,COD,0.31229632500000004,,,,,,120.0,,,,,,,2022-04,RONILE INC
VA0076015,VA,textile,2022-04-30,Cr,0.31229632500000004,,,,,,0.0,,,,,,,2022-04,RONILE INC
VA0076015,VA,textile,2022-04-30,Cu,0.31229632500000004,,,,,,0.0,,,,,,0.022,2022-04,RONILE INC
VA0076015,VA,textile,2022-04-30,TSS,0.31229632500000004,,,,,,12.3,,,,,,,2022-04,RONILE INC
VA0076015,VA,textile,2022-04-30,Zn,0.31229632500000004,,,,,,0.016,,,,,,0.14000001,2022-04,RONILE INC
VA0076015,VA,textile,2022-05-31,BOD,0.31608173500000003,,,,,,4.9,,,,,,,2022-05,RONILE INC
VA0076015,VA,textile,2022-05-31,COD,0.31608173500000003,,,,,,103.0,,,,,,,2022-05,RONILE INC
VA0076015,VA,textile,2022-05-31,Cr,0.31608173500000003,,,,,,0.0,,,,,,,2022-05,RONILE INC
VA0076015,VA,textile,2022-05-31,Cu,0.31608173500000003,,,,,,0.0,,,,,,0.022,2022-05,RONILE INC
VA0076015,VA,textile,2022-05-31,TSS,0.31608173500000003,,,,,,10.6,,,,,,,2022-05,RONILE INC
VA0076015,VA,textile,2022-05-31,Zn,0.31608173500000003,,,,,,0.014,,,,,,0.14000001,2022-05,RONILE INC
VA0076015,VA,textile,2022-06-30,BOD,0.35961395,,,,,,14.0,,,,,,,2022-06,RONILE INC
VA0076015,VA,textile,2022-06-30,COD,0.35961395,,,,,,102.0,,,,,,,2022-06,RONILE INC
VA0076015,VA,textile,2022-06-30,Cr,0.35961395,,,,,,0.0,,,,,,,2022-06,RONILE INC
VA0076015,VA,textile,2022-06-30,Cu,0.35961395,,,,,,0.0,,,,,,0.022,2022-06,RONILE INC
VA0076015,VA,textile,2022-06-30,TSS,0.35961395,,,,,,10.0,,,,,,,2022-06,RONILE INC
VA0076015,VA,textile,2022-06-30,Zn,0.35961395,,,,,,0.02,,,,,,0.14000001,2022-06,RONILE INC
VA0076015,VA,textile,2022-07-31,BOD,0.327437965,,,,,,2.7,,,,,,,2022-07,RONILE INC
VA0076015,VA,textile,2022-07-31,COD,0.327437965,,,,,,63.0,,,,,,,2022-07,RONILE INC
VA0076015,VA,textile,2022-07-31,Cr,0.327437965,,,,,,0.0,,,,,,,2022-07,RONILE INC
VA0076015,VA,textile,2022-07-31,Cu,0.327437965,,,,,,0.0,,,,,,0.022,2022-07,RONILE INC
VA0076015,VA,textile,2022-07-31,TSS,0.327437965,,,,,,5.0,,,,,,,2022-07,RONILE INC
VA0076015,VA,textile,2022-07-31,Zn,0.327437965,,,,,,0.02,,,,,,0.14000001,2022-07,RONILE INC
VA0076015,VA,textile,2022-08-31,BOD,0.4145023950000001,,,,,,0.8,,,,,,,2022-08,RONILE INC
VA0076015,VA,textile,2022-08-31,COD,0.4145023950000001,,,,,,71.0,,,,,,,2022-08,RONILE INC
VA0076015,VA,textile,2022-08-31,Cr,0.4145023950000001,,,,,,0.0,,,,,,,2022-08,RONILE INC
VA0076015,VA,textile,2022-08-31,Cu,0.4145023950000001,,,,,,0.0,,,,,,0.022,2022-08,RONILE INC
VA0076015,VA,textile,2022-08-31,TSS,0.4145023950000001,,,,,,5.8,,,,,,,2022-08,RONILE INC
VA0076015,VA,textile,2022-08-31,Zn,0.4145023950000001,,,,,,0.055,,,,,,0.14000001,2022-08,RONILE INC
VA0076015,VA,textile,2022-09-30,BOD,0.38232641000000006,,,,,,0.4,,,,,,,2022-09,RONILE INC
VA0076015,VA,textile,2022-09-30,Cr,0.38232641000000006,,,,,,0.0,,,,,,,2022-09,RONILE INC
VA0076015,VA,textile,2022-09-30,Cu,0.38232641000000006,,,,,,0.0,,,,,,0.022,2022-09,RONILE INC
VA0076015,VA,textile,2022-09-30,TSS,0.38232641000000006,,,,,,2.2,,,,,,,2022-09,RONILE INC
VA0076015,VA,textile,2022-09-30,Zn,0.38232641000000006,,,,,,0.06,,,,,,0.14000001,2022-09,RONILE INC
VA0076015,VA,textile,2022-10-31,BOD,0.395575345,,,,,,4.9,,,,,,,2022-10,RONILE INC
VA0076015,VA,textile,2022-10-31,COD,0.395575345,,,,,,90.0,,,,,,,2022-10,RONILE INC
VA0076015,VA,textile,2022-10-31,Cr,0.395575345,,,,,,0.0,,,,,,,2022-10,RONILE INC
VA0076015,VA,textile,2022-10-31,Cu,0.395575345,,,,,,0.0,,,,,,0.022,2022-10,RONILE INC
VA0076015,VA,textile,2022-10-31,TSS,0.395575345,,,,,,9.9,,,,,,,2022-10,RONILE INC
VA0076015,VA,textile,2022-10-31,Zn,0.395575345,,,,,,0.06,,,,,,0.14000001,2022-10,RONILE INC
VA0076015,VA,textile,2022-11-30,BOD,0.3406869,,,,,,10.0,,,,,,,2022-11,RONILE INC
VA0076015,VA,textile,2022-11-30,COD,0.3406869,,,,,,125.0,,,,,,,2022-11,RONILE INC
VA0076015,VA,textile,2022-11-30,Cr,0.3406869,,,,,,0.0,,,,,,,2022-11,RONILE INC
VA0076015,VA,textile,2022-11-30,Cu,0.3406869,,,,,,0.0,,,,,,0.022,2022-11,RONILE INC
VA0076015,VA,textile,2022-11-30,TSS,0.3406869,,,,,,17.9,,,,,,,2022-11,RONILE INC
VA0076015,VA,textile,2022-11-30,Zn,0.3406869,,,,,,0.019,,,,,,0.14000001,2022-11,RONILE INC
VA0076015,VA,textile,2022-12-31,BOD,0.41260969000000003,,,,,,4.7,,,,,,,2022-12,RONILE INC
VA0076015,VA,textile,2022-12-31,COD,0.41260969000000003,,,,,,100.0,,,,,,,2022-12,RONILE INC
VA0076015,VA,textile,2022-12-31,Cr,0.41260969000000003,,,,,,0.0,,,,,,,2022-12,RONILE INC
VA0076015,VA,textile,2022-12-31,Cu,0.41260969000000003,,,,,,0.0,,,,,,0.022,2022-12,RONILE INC
VA0076015,VA,textile,2022-12-31,TSS,0.41260969000000003,,,,,,7.2,,,,,,,2022-12,RONILE INC
VA0076015,VA,textile,2022-12-31,Zn,0.41260969000000003,,,,,,0.028,,,,,,0.14000001,2022-12,RONILE INC
VA0076015,VA,textile,2023-01-31,BOD,0.403146165,,,,,,6.6,,,,,,,2023-01,RONILE INC
VA0076015,VA,textile,2023-01-31,COD,0.403146165,,,,,,84.0,,,,,,,2023-01,RONILE INC
VA0076015,VA,textile,2023-01-31,Cr,0.403146165,,,,,,0.0,,,,,,,2023-01,RONILE INC
VA0076015,VA,textile,2023-01-31,Cu,0.403146165,,,,,,0.0,,,,,,0.022,2023-01,RONILE INC
VA0076015,VA,textile,2023-01-31,TSS,0.403146165,,,,,,12.6,,,,,,,2023-01,RONILE INC
VA0076015,VA,textile,2023-01-31,Zn,0.403146165,,,,,,0.022,,,,,,0.14000001,2023-01,RONILE INC
VA0076015,VA,textile,2023-02-28,BOD,0.32554526,,,,,,3.0,,,,,,,2023-02,RONILE INC
VA0076015,VA,textile,2023-02-28,COD,0.32554526,,,,,,85.0,,,,,,,2023-02,RONILE INC
VA0076015,VA,textile,2023-02-28,Cr,0.32554526,,,,,,0.17,,,,,,,2023-02,RONILE INC
VA0076015,VA,textile,2023-02-28,Cu,0.32554526,,,,,,0.0,,,,,,0.022,2023-02,RONILE INC
VA0076015,VA,textile,2023-02-28,TSS,0.32554526,,,,,,9.6,,,,,,,2023-02,RONILE INC
VA0076015,VA,textile,2023-02-28,Zn,0.32554526,,,,,,0.033,,,,,,0.14000001,2023-02,RONILE INC
VA0076015,VA,textile,2023-03-31,BOD,0.361506655,,,,,,3.4,,,,,,,2023-03,RONILE INC
VA0076015,VA,textile,2023-03-31,COD,0.361506655,,,,,,87.0,,,,,,,2023-03,RONILE INC
VA0076015,VA,textile,2023-03-31,Cr,0.361506655,,,,,,0.0,,,,,,,2023-03,RONILE INC
VA0076015,VA,textile,2023-03-31,Cu,0.361506655,,,,,,0.0,,,,,,0.022,2023-03,RONILE INC
VA0076015,VA,textile,2023-03-31,TSS,0.361506655,,,,,,13.0,,,,,,,2023-03,RONILE INC
VA0076015,VA,textile,2023-03-31,Zn,0.361506655,,,,,,0.12300001,,,,,,0.14000001,2023-03,RONILE INC
VA0076015,VA,textile,2023-04-30,BOD,0.376648295,,,,,,1.6,,,,,,,2023-04,RONILE INC
VA0076015,VA,textile,2023-04-30,COD,0.376648295,,,,,,56.0,,,,,,,2023-04,RONILE INC
VA0076015,VA,textile,2023-04-30,Cr,0.376648295,,,,,,0.0,,,,,,,2023-04,RONILE INC
VA0076015,VA,textile,2023-04-30,Cu,0.376648295,,,,,,0.0,,,,,,0.022,2023-04,RONILE INC
VA0076015,VA,textile,2023-04-30,TSS,0.376648295,,,,,,3.8,,,,,,,2023-04,RONILE INC
VA0076015,VA,textile,2023-04-30,Zn,0.376648295,,,,,,0.037,,,,,,0.14000001,2023-04,RONILE INC
VA0076015,VA,textile,2023-05-31,BOD,0.418287805,,,,,,0.0,,,,,,,2023-05,RONILE INC
VA0076015,VA,textile,2023-05-31,COD,0.418287805,,,,,,58.0,,,,,,,2023-05,RONILE INC
VA0076015,VA,textile,2023-05-31,Cr,0.418287805,,,,,,0.0,,,,,,,2023-05,RONILE INC
VA0076015,VA,textile,2023-05-31,Cu,0.418287805,,,,,,0.0,,,,,,0.022,2023-05,RONILE INC
VA0076015,VA,textile,2023-05-31,TSS,0.418287805,,,,,,3.9,,,,,,,2023-05,RONILE INC
VA0076015,VA,textile,2023-05-31,Zn,0.418287805,,,,,,0.13000001,,,,,,0.14000001,2023-05,RONILE INC
VA0076015,VA,textile,2023-06-30,BOD,0.36907747500000004,,,,,,0.0,,,,,,,2023-06,RONILE INC
VA0076015,VA,textile,2023-06-30,COD,0.36907747500000004,,,,,,40.0,,,,,,,2023-06,RONILE INC
VA0076015,VA,textile,2023-06-30,Cr,0.36907747500000004,,,,,,0.0,,,,,,,2023-06,RONILE INC
VA0076015,VA,textile,2023-06-30,Cu,0.36907747500000004,,,,,,0.0,,,,,,0.022,2023-06,RONILE INC
VA0076015,VA,textile,2023-06-30,TSS,0.36907747500000004,,,,,,4.9,,,,,,,2023-06,RONILE INC
VA0076015,VA,textile,2023-06-30,Zn,0.36907747500000004,,,,,,0.055,,,,,,0.14000001,2023-06,RONILE INC
VA0076015,VA,textile,2023-07-31,BOD,0.3955753450000001,,,,,,0.0,,,,,,,2023-07,RONILE INC
VA0076015,VA,textile,2023-07-31,COD,0.3955753450000001,,,,,,193.0,,,,,,,2023-07,RONILE INC
VA0076015,VA,textile,2023-07-31,Cr,0.3955753450000001,,,,,,0.0,,,,,,,2023-07,RONILE INC
VA0076015,VA,textile,2023-07-31,Cu,0.3955753450000001,,,,,,0.0,,,,,,0.022,2023-07,RONILE INC
VA0076015,VA,textile,2023-07-31,TSS,0.3955753450000001,,,,,,5.6,,,,,,,2023-07,RONILE INC
VA0076015,VA,textile,2023-07-31,Zn,0.3955753450000001,,,,,,0.059,,,,,,0.14000001,2023-07,RONILE INC
VA0076015,VA,textile,2023-08-31,BOD,0.42585862500000005,,,,,,2.3,,,,,,,2023-08,RONILE INC
VA0076015,VA,textile,2023-08-31,COD,0.42585862500000005,,,,,,70.0,,,,,,,2023-08,RONILE INC
VA0076015,VA,textile,2023-08-31,Cr,0.42585862500000005,,,,,,0.0,,,,,,,2023-08,RONILE INC
VA0076015,VA,textile,2023-08-31,Cu,0.42585862500000005,,,,,,0.015,,,,,,0.022,2023-08,RONILE INC
VA0076015,VA,textile,2023-08-31,TSS,0.42585862500000005,,,,,,4.6,,,,,,,2023-08,RONILE INC
VA0076015,VA,textile,2023-08-31,Zn,0.42585862500000005,,,,,,0.06,,,,,,0.14000001,2023-08,RONILE INC
WI0057436,WI,meat,2019-01-31,BOD,0.8823790710000001,,,,,,4.6538,,,,,,20.0,2019-01,ABBYLAND FOODS INC ABBOTSFORD PLANT
WI0057436,WI,meat,2019-01-31,Cu,0.8823790710000001,,,,,,0.0016,,,,,,,2019-01,ABBYLAND FOODS INC ABBOTSFORD PLANT
WI0057436,WI,meat,2019-01-31,TSS,0.8823790710000001,,,,,,1.2,,,,,,20.0,2019-01,ABBYLAND FOODS INC ABBOTSFORD PLANT
WI0057436,WI,meat,2019-02-28,BOD,0.91606922,,,,,,3.225,,,,,,20.0,2019-02,ABBYLAND FOODS INC ABBOTSFORD PLANT
WI0057436,WI,meat,2019-02-28,TSS,0.91606922,,,,,,0.4333,,,,,,20.0,2019-02,ABBYLAND FOODS INC ABBOTSFORD PLANT
WI0057436,WI,meat,2019-03-31,BOD,0.9624404925,,,,,,0.76,,,,,,20.0,2019-03,ABBYLAND FOODS INC ABBOTSFORD PLANT
WI0057436,WI,meat,2019-03-31,TSS,0.9624404925,,,,,,0.48,,,,,,20.0,2019-03,ABBYLAND FOODS INC ABBOTSFORD PLANT
WI0057436,WI,meat,2019-04-30,BOD,1.190889986,,,,,,0.85,,,,,,20.0,2019-04,ABBYLAND FOODS INC ABBOTSFORD PLANT
WI0057436,WI,meat,2019-04-30,Cu,1.190889986,,,,,,0.011,,,,,,,2019-04,ABBYLAND FOODS INC ABBOTSFORD PLANT
WI0057436,WI,meat,2019-04-30,TSS,1.190889986,,,,,,0.0,,,,,,20.0,2019-04,ABBYLAND FOODS INC ABBOTSFORD PLANT
WI0057436,WI,meat,2019-06-30,BOD,1.1517109925000002,,,,,,0.625,,,,,,20.0,2019-06,ABBYLAND FOODS INC ABBOTSFORD PLANT
WI0057436,WI,meat,2019-06-30,TSS,1.1517109925000002,,,,,,0.225,,,,,,20.0,2019-06,ABBYLAND FOODS INC ABBOTSFORD PLANT
WI0057436,WI,meat,2019-07-31,BOD,1.1490612055,,,,,,1.4714,,,,,,20.0,2019-07,ABBYLAND FOODS INC ABBOTSFORD PLANT
WI0057436,WI,meat,2019-07-31,TSS,1.1490612055,,,,,,0.0,,,,,,20.0,2019-07,ABBYLAND FOODS INC ABBOTSFORD PLANT
WI0057436,WI,meat,2019-08-31,BOD,1.1460328775,,,,,,1.2917,,,,,,20.0,2019-08,ABBYLAND FOODS INC ABBOTSFORD PLANT
WI0057436,WI,meat,2019-08-31,TSS,1.1460328775,,,,,,0.0,,,,,,20.0,2019-08,ABBYLAND FOODS INC ABBOTSFORD PLANT
WI0057436,WI,meat,2019-09-30,BOD,1.1607959765,,,,,,1.9917,,,,,,20.0,2019-09,ABBYLAND FOODS INC ABBOTSFORD PLANT
WI0057436,WI,meat,2019-09-30,TSS,1.1607959765,,,,,,0.0,,,,,,20.0,2019-09,ABBYLAND FOODS INC ABBOTSFORD PLANT
WI0057436,WI,meat,2019-10-31,BOD,1.0646465625000001,,,,,,4.2,,,,,,20.0,2019-10,ABBYLAND FOODS INC ABBOTSFORD PLANT
WI0057436,WI,meat,2019-10-31,TSS,1.0646465625000001,,,,,,0.1917,,,,,,20.0,2019-10,ABBYLAND FOODS INC ABBOTSFORD PLANT
WI0057436,WI,meat,2019-11-30,BOD,0.94256709,,,,,,1.9583,,,,,,20.0,2019-11,ABBYLAND FOODS INC ABBOTSFORD PLANT
WI0057436,WI,meat,2019-11-30,TSS,0.94256709,,,,,,0.0,,,,,,20.0,2019-11,ABBYLAND FOODS INC ABBOTSFORD PLANT
WI0057436,WI,meat,2019-12-31,BOD,0.9438919835,,,,,,4.85,,,,,,20.0,2019-12,ABBYLAND FOODS INC ABBOTSFORD PLANT
WI0057436,WI,meat,2019-12-31,TSS,0.9438919835,,,,,,0.0,,,,,,20.0,2019-12,ABBYLAND FOODS INC ABBOTSFORD PLANT
WI0057436,WI,meat,2020-01-31,BOD,1.0998508755,,,,,,3.5667,,,,,,20.0,2020-01,ABBYLAND FOODS INC ABBOTSFORD PLANT
WI0057436,WI,meat,2020-01-31,TSS,1.0998508755,,,,,,0.3333,,,,,,20.0,2020-01,ABBYLAND FOODS INC ABBOTSFORD PLANT
WI0057436,WI,meat,2020-02-29,BOD,1.001998027,,,,,,4.2538,,,,,,20.0,2020-02,ABBYLAND FOODS INC ABBOTSFORD PLANT
WI0057436,WI,meat,2020-02-29,TSS,1.001998027,,,,,,0.3333,,,,,,20.0,2020-02,ABBYLAND FOODS INC ABBOTSFORD PLANT
WI0057436,WI,meat,2020-03-31,BOD,1.1899436335000002,,,,,,6.9167,,,,,,20.0,2020-03,ABBYLAND FOODS INC ABBOTSFORD PLANT
WI0057436,WI,meat,2020-03-31,TSS,1.1899436335000002,,,,,,0.1667,,,,,,20.0,2020-03,ABBYLAND FOODS INC ABBOTSFORD PLANT
WI0057436,WI,meat,2020-04-30,BOD,1.1483041235,,,,,,2.3917,,,,,,20.0,2020-04,ABBYLAND FOODS INC ABBOTSFORD PLANT
WI0057436,WI,meat,2020-04-30,TSS,1.1483041235,,,,,,0.1667,,,,,,20.0,2020-04,ABBYLAND FOODS INC ABBOTSFORD PLANT
WI0057436,WI,meat,2020-05-31,BOD,1.2143595280000001,,,,,,2.3417,,,,,,20.0,2020-05,ABBYLAND FOODS INC ABBOTSFORD PLANT
WI0057436,WI,meat,2020-05-31,TSS,1.2143595280000001,,,,,,0.2083,,,,,,20.0,2020-05,ABBYLAND FOODS INC ABBOTSFORD PLANT
WI0057436,WI,meat,2020-06-30,BOD,1.2463462425000003,,,,,,1.95,,,,,,20.0,2020-06,ABBYLAND FOODS INC ABBOTSFORD PLANT
WI0057436,WI,meat,2020-06-30,TSS,1.2463462425000003,,,,,,0.2167,,,,,,20.0,2020-06,ABBYLAND FOODS INC ABBOTSFORD PLANT
WI0057436,WI,meat,2020-07-31,BOD,1.2304475205,,,,,,6.5,,,,,,20.0,2020-07,ABBYLAND FOODS INC ABBOTSFORD PLANT
WI0057436,WI,meat,2020-07-31,TSS,1.2304475205,,,,,,0.4583,,,,,,20.0,2020-07,ABBYLAND FOODS INC ABBOTSFORD PLANT
WI0057436,WI,meat,2020-08-31,BOD,1.2270406515,,,,,,4.9231,,,,,,20.0,2020-08,ABBYLAND FOODS INC ABBOTSFORD PLANT
WI0057436,WI,meat,2020-08-31,TSS,1.2270406515,,,,,,0.0,,,,,,20.0,2020-08,ABBYLAND FOODS INC ABBOTSFORD PLANT
WI0057436,WI,meat,2020-09-30,BOD,6.644151632,,,,,,1.625,,,,,,20.0,2020-09,ABBYLAND FOODS INC ABBOTSFORD PLANT
WI0057436,WI,meat,2020-09-30,TSS,6.644151632,,,,,,0.5167,,,,,,20.0,2020-09,ABBYLAND FOODS INC ABBOTSFORD PLANT
WI0057436,WI,meat,2020-10-31,BOD,1.2179556675,,,,,,1.7083,,,,,,20.0,2020-10,ABBYLAND FOODS INC ABBOTSFORD PLANT
WI0057436,WI,meat,2020-10-31,TSS,1.2179556675,,,,,,1.7917,,,,,,20.0,2020-10,ABBYLAND FOODS INC ABBOTSFORD PLANT
WI0057436,WI,meat,2020-11-30,BOD,1.2516458165,,,,,,3.9667,,,,,,20.0,2020-11,ABBYLAND FOODS INC ABBOTSFORD PLANT
WI0057436,WI,meat,2020-11-30,TSS,1.2516458165,,,,,,1.1833,,,,,,20.0,2020-11,ABBYLAND FOODS INC ABBOTSFORD PLANT
WI0057436,WI,meat,2020-12-31,BOD,1.3818639205,,,,,,1.575,,,,,,20.0,2020-12,ABBYLAND FOODS INC ABBOTSFORD PLANT
WI0057436,WI,meat,2020-12-31,TSS,1.3818639205,,,,,,0.45,,,,,,20.0,2020-12,ABBYLAND FOODS INC ABBOTSFORD PLANT
WI0057436,WI,meat,2021-01-31,BOD,1.01827529,,,,,,2.7583,,,,,,20.0,2021-01,ABBYLAND FOODS INC ABBOTSFORD PLANT
WI0057436,WI,meat,2021-01-31,TSS,1.01827529,,,,,,0.6083,,,,,,20.0,2021-01,ABBYLAND FOODS INC ABBOTSFORD PLANT
WI0057436,WI,meat,2021-02-28,BOD,1.015246962,,,,,,2.0,,,,,,20.0,2021-02,ABBYLAND FOODS INC ABBOTSFORD PLANT
WI0057436,WI,meat,2021-02-28,TSS,1.015246962,,,,,,0.8333,,,,,,20.0,2021-02,ABBYLAND FOODS INC ABBOTSFORD PLANT
WI0057436,WI,meat,2021-03-31,BOD,1.1274843685,,,,,,2.5,,,,,,20.0,2021-03,ABBYLAND FOODS INC ABBOTSFORD PLANT
WI0057436,WI,meat,2021-03-31,TSS,1.1274843685,,,,,,0.4167,,,,,,20.0,2021-03,ABBYLAND FOODS INC ABBOTSFORD PLANT
WI0057436,WI,meat,2021-04-30,BOD,1.2734119240000001,,,,,,1.9667,,,,,,20.0,2021-04,ABBYLAND FOODS INC ABBOTSFORD PLANT
WI0057436,WI,meat,2021-04-30,TSS,1.2734119240000001,,,,,,0.0,,,,,,20.0,2021-04,ABBYLAND FOODS INC ABBOTSFORD PLANT
WI0057436,WI,meat,2021-05-31,BOD,1.3074806140000002,,,,,,1.4333,,,,,,20.0,2021-05,ABBYLAND FOODS INC ABBOTSFORD PLANT
WI0057436,WI,meat,2021-05-31,TSS,1.3074806140000002,,,,,,0.35,,,,,,20.0,2021-05,ABBYLAND FOODS INC ABBOTSFORD PLANT
WI0057436,WI,meat,2021-06-30,BOD,1.2885535639999999,,,,,,12.25,,,,,,20.0,2021-06,ABBYLAND FOODS INC ABBOTSFORD PLANT
WI0057436,WI,meat,2021-06-30,TSS,1.2885535639999999,,,,,,0.0,,,,,,20.0,2021-06,ABBYLAND FOODS INC ABBOTSFORD PLANT
WI0057436,WI,meat,2021-07-31,BOD,1.213980987,,,,,,5.25,,,,,,20.0,2021-07,ABBYLAND FOODS INC ABBOTSFORD PLANT
WI0057436,WI,meat,2021-07-31,TSS,1.213980987,,,,,,0.0,,,,,,20.0,2021-07,ABBYLAND FOODS INC ABBOTSFORD PLANT
WI0057436,WI,meat,2021-08-31,BOD,1.3457132550000002,,,,,,2.75,,,,,,20.0,2021-08,ABBYLAND FOODS INC ABBOTSFORD PLANT
WI0057436,WI,meat,2021-08-31,TSS,1.3457132550000002,,,,,,0.9833,,,,,,20.0,2021-08,ABBYLAND FOODS INC ABBOTSFORD PLANT
WI0057436,WI,meat,2021-09-30,BOD,1.3970055605,,,,,,2.6667,,,,,,20.0,2021-09,ABBYLAND FOODS INC ABBOTSFORD PLANT
WI0057436,WI,meat,2021-09-30,TSS,1.3970055605,,,,,,0.0,,,,,,20.0,2021-09,ABBYLAND FOODS INC ABBOTSFORD PLANT
WI0057436,WI,meat,2021-10-31,BOD,1.467603457,,,,,,0.8833,,,,,,20.0,2021-10,ABBYLAND FOODS INC ABBOTSFORD PLANT
WI0057436,WI,meat,2021-10-31,TSS,1.467603457,,,,,,1.3333,,,,,,20.0,2021-10,ABBYLAND FOODS INC ABBOTSFORD PLANT
WI0057436,WI,meat,2021-11-30,BOD,1.463439506,,,,,,1.9417,,,,,,20.0,2021-11,ABBYLAND FOODS INC ABBOTSFORD PLANT
WI0057436,WI,meat,2021-11-30,TSS,1.463439506,,,,,,0.75,,,,,,20.0,2021-11,ABBYLAND FOODS INC ABBOTSFORD PLANT
WI0057436,WI,meat,2021-12-31,BOD,1.209817036,,,,,,5.2,,,,,,20.0,2021-12,ABBYLAND FOODS INC ABBOTSFORD PLANT
WI0057436,WI,meat,2021-12-31,TSS,1.209817036,,,,,,2.9167,,,,,,20.0,2021-12,ABBYLAND FOODS INC ABBOTSFORD PLANT
WI0057436,WI,meat,2022-01-31,BOD,1.131459049,,,,,,4.0,,,,,,20.0,2022-01,ABBYLAND FOODS INC ABBOTSFORD PLANT
WI0057436,WI,meat,2022-01-31,TSS,1.131459049,,,,,,2.3667,,,,,,20.0,2022-01,ABBYLAND FOODS INC ABBOTSFORD PLANT
WI0057436,WI,meat,2022-02-28,BOD,1.2058423555,,,,,,2.4667,,,,,,20.0,2022-02,ABBYLAND FOODS INC ABBOTSFORD PLANT
WI0057436,WI,meat,2022-02-28,TSS,1.2058423555,,,,,,0.4417,,,,,,20.0,2022-02,ABBYLAND FOODS INC ABBOTSFORD PLANT
WI0057436,WI,meat,2022-03-31,BOD,1.3177012209999999,,,,,,4.0833,,,,,,20.0,2022-03,ABBYLAND FOODS INC ABBOTSFORD PLANT
WI0057436,WI,meat,2022-03-31,TSS,1.3177012209999999,,,,,,0.0,,,,,,20.0,2022-03,ABBYLAND FOODS INC ABBOTSFORD PLANT
WI0057436,WI,meat,2022-04-30,BOD,1.4645751290000002,,,,,,5.5167,,,,,,20.0,2022-04,ABBYLAND FOODS INC ABBOTSFORD PLANT
WI0057436,WI,meat,2022-04-30,TSS,1.4645751290000002,,,,,,1.0167,,,,,,20.0,2022-04,ABBYLAND FOODS INC ABBOTSFORD PLANT
WI0057436,WI,meat,2022-05-31,BOD,1.3440098205,,,,,,7.45,,,,,,20.0,2022-05,ABBYLAND FOODS INC ABBOTSFORD PLANT
WI0057436,WI,meat,2022-05-31,TSS,1.3440098205,,,,,,2.0167,,,,,,20.0,2022-05,ABBYLAND FOODS INC ABBOTSFORD PLANT
WI0057436,WI,meat,2022-06-30,BOD,1.2955565725,,,,,,17.3833,,,,,,20.0,2022-06,ABBYLAND FOODS INC ABBOTSFORD PLANT
WI0057436,WI,meat,2022-06-30,TSS,1.2955565725,,,,,,7.5833,,,,,,20.0,2022-06,ABBYLAND FOODS INC ABBOTSFORD PLANT
WI0057436,WI,meat,2022-07-31,BOD,1.29461022,,,,,,19.8167,,,,,,20.0,2022-07,ABBYLAND FOODS INC ABBOTSFORD PLANT
WI0057436,WI,meat,2022-07-31,TSS,1.29461022,,,,,,1.9583,,,,,,20.0,2022-07,ABBYLAND FOODS INC ABBOTSFORD PLANT
WI0057436,WI,meat,2022-08-31,BOD,1.43088498,,,,,,3.1,,,,,,20.0,2022-08,ABBYLAND FOODS INC ABBOTSFORD PLANT
WI0057436,WI,meat,2022-08-31,TSS,1.43088498,,,,,,1.1167,,,,,,20.0,2022-08,ABBYLAND FOODS INC ABBOTSFORD PLANT
WI0057436,WI,meat,2022-09-30,BOD,1.4816094739999999,,,,,,2.75,,,,,,20.0,2022-09,ABBYLAND FOODS INC ABBOTSFORD PLANT
WI0057436,WI,meat,2022-09-30,TSS,1.4816094739999999,,,,,,0.9917,,,,,,20.0,2022-09,ABBYLAND FOODS INC ABBOTSFORD PLANT
WI0057436,WI,meat,2022-10-31,BOD,1.3663437395,,,,,,1.9333,,,,,,20.0,2022-10,ABBYLAND FOODS INC ABBOTSFORD PLANT
WI0057436,WI,meat,2022-10-31,TSS,1.3663437395,,,,,,2.85,,,,,,20.0,2022-10,ABBYLAND FOODS INC ABBOTSFORD PLANT
WI0057436,WI,meat,2022-11-30,BOD,1.4433768329999999,,,,,,2.3636,,,,,,20.0,2022-11,ABBYLAND FOODS INC ABBOTSFORD PLANT
WI0057436,WI,meat,2022-11-30,TSS,1.4433768329999999,,,,,,4.0909,,,,,,20.0,2022-11,ABBYLAND FOODS INC ABBOTSFORD PLANT
WI0057436,WI,meat,2022-12-31,BOD,1.288553564,,,,,,2.6667,,,,,,20.0,2022-12,ABBYLAND FOODS INC ABBOTSFORD PLANT
WI0057436,WI,meat,2022-12-31,TSS,1.288553564,,,,,,3.0,,,,,,20.0,2022-12,ABBYLAND FOODS INC ABBOTSFORD PLANT
WI0057436,WI,meat,2023-01-31,BOD,1.504321934,,,,,,9.0833,,,,,,20.0,2023-01,ABBYLAND FOODS INC ABBOTSFORD PLANT
WI0057436,WI,meat,2023-01-31,TSS,1.504321934,,,,,,3.3333,,,,,,20.0,2023-01,ABBYLAND FOODS INC ABBOTSFORD PLANT
WI0057436,WI,meat,2023-02-28,BOD,1.2414252095000002,,,,,,3.8333,,,,,,20.0,2023-02,ABBYLAND FOODS INC ABBOTSFORD PLANT
WI0057436,WI,meat,2023-02-28,TSS,1.2414252095000002,,,,,,3.0,,,,,,20.0,2023-02,ABBYLAND FOODS INC ABBOTSFORD PLANT
WI0057436,WI,meat,2023-03-31,BOD,0.9334821060000001,,,,,,5.75,,,,,,20.0,2023-03,ABBYLAND FOODS INC ABBOTSFORD PLANT
WI0057436,WI,meat,2023-03-31,TSS,0.9334821060000001,,,,,,2.25,,,,,,20.0,2023-03,ABBYLAND FOODS INC ABBOTSFORD PLANT
WI0057436,WI,meat,2023-04-30,BOD,1.413093553,,,,,,0.8333,,,,,,20.0,2023-04,ABBYLAND FOODS INC ABBOTSFORD PLANT
WI0057436,WI,meat,2023-04-30,TSS,1.413093553,,,,,,3.1667,,,,,,20.0,2023-04,ABBYLAND FOODS INC ABBOTSFORD PLANT
WI0057436,WI,meat,2023-05-31,BOD,1.385838601,,,,,,1.8333,,,,,,20.0,2023-05,ABBYLAND FOODS INC ABBOTSFORD PLANT
WI0057436,WI,meat,2023-05-31,TSS,1.385838601,,,,,,3.1667,,,,,,20.0,2023-05,ABBYLAND FOODS INC ABBOTSFORD PLANT
WI0057436,WI,meat,2023-06-30,BOD,1.4465944315,,,,,,1.4167,,,,,,20.0,2023-06,ABBYLAND FOODS INC ABBOTSFORD PLANT
WI0057436,WI,meat,2023-06-30,TSS,1.4465944315,,,,,,2.0833,,,,,,20.0,2023-06,ABBYLAND FOODS INC ABBOTSFORD PLANT
WI0057436,WI,meat,2023-07-31,BOD,1.2497531115,,,,,,6.0667,,,,,,20.0,2023-07,ABBYLAND FOODS INC ABBOTSFORD PLANT
WI0057436,WI,meat,2023-07-31,TSS,1.2497531115,,,,,,0.6667,,,,,,20.0,2023-07,ABBYLAND FOODS INC ABBOTSFORD PLANT
WI0057436,WI,meat,2023-08-31,BOD,1.3135372699999999,,,,,,0.4917,,,,,,20.0,2023-08,ABBYLAND FOODS INC ABBOTSFORD PLANT
WI0057436,WI,meat,2023-08-31,TSS,1.3135372699999999,,,,,,0.8333,,,,,,20.0,2023-08,ABBYLAND FOODS INC ABBOTSFORD PLANT
WI0057436,WI,meat,2023-09-30,BOD,1.3542304275000001,,,,,,4.6,,,,,,20.0,2023-09,ABBYLAND FOODS INC ABBOTSFORD PLANT
WI0057436,WI,meat,2023-09-30,TSS,1.3542304275000001,,,,,,0.8333,,,,,,20.0,2023-09,ABBYLAND FOODS INC ABBOTSFORD PLANT
WI0057436,WI,meat,2023-10-31,BOD,1.333599943,,,,,,3.75,,,,,,20.0,2023-10,ABBYLAND FOODS INC ABBOTSFORD PLANT
WI0057436,WI,meat,2023-10-31,TSS,1.333599943,,,,,,0.0,,,,,,20.0,2023-10,ABBYLAND FOODS INC ABBOTSFORD PLANT
WI0057436,WI,meat,2023-11-30,BOD,1.2826861785,,,,,,4.95,,,,,,20.0,2023-11,ABBYLAND FOODS INC ABBOTSFORD PLANT
WI0057436,WI,meat,2023-11-30,TSS,1.2826861785,,,,,,2.0,,,,,,20.0,2023-11,ABBYLAND FOODS INC ABBOTSFORD PLANT
WI0057436,WI,meat,2023-12-31,BOD,1.2383968815,,,,,,6.125,,,,,,20.0,2023-12,ABBYLAND FOODS INC ABBOTSFORD PLANT
WI0057436,WI,meat,2023-12-31,TSS,1.2383968815,,,,,,1.0,,,,,,20.0,2023-12,ABBYLAND FOODS INC ABBOTSFORD PLANT
WI0057436,WI,meat,2024-01-31,BOD,1.0025658385,,,,,,9.075,,,,,,20.0,2024-01,ABBYLAND FOODS INC ABBOTSFORD PLANT
WI0057436,WI,meat,2024-01-31,TSS,1.0025658385,,,,,,3.4167,,,,,,20.0,2024-01,ABBYLAND FOODS INC ABBOTSFORD PLANT
WI0057436,WI,meat,2024-02-29,BOD,1.2893106460000001,,,,,,6.8333,,,,,,20.0,2024-02,ABBYLAND FOODS INC ABBOTSFORD PLANT
WI0057436,WI,meat,2024-02-29,TSS,1.2893106460000001,,,,,,0.8333,,,,,,20.0,2024-02,ABBYLAND FOODS INC ABBOTSFORD PLANT
WI0057436,WI,meat,2024-03-31,BOD,1.3178904914999998,,,,,,5.3167,,,,,,20.0,2024-03,ABBYLAND FOODS INC ABBOTSFORD PLANT
WI0057436,WI,meat,2024-03-31,TSS,1.3178904914999998,,,,,,0.4167,,,,,,20.0,2024-03,ABBYLAND FOODS INC ABBOTSFORD PLANT
WI0057436,WI,meat,2024-04-30,BOD,1.5003472535,,,,,,4.9417,,,,,,20.0,2024-04,ABBYLAND FOODS INC ABBOTSFORD PLANT
WI0057436,WI,meat,2024-04-30,TSS,1.5003472535,,,,,,0.3333,,,,,,20.0,2024-04,ABBYLAND FOODS INC ABBOTSFORD PLANT
WI0057436,WI,meat,2024-05-31,BOD,1.4948584089999999,,,,,,4.025,,,,,,20.0,2024-05,ABBYLAND FOODS INC ABBOTSFORD PLANT
WI0057436,WI,meat,2024-05-31,TSS,1.4948584089999999,,,,,,1.3333,,,,,,20.0,2024-05,ABBYLAND FOODS INC ABBOTSFORD PLANT
WI0057436,WI,meat,2024-06-30,BOD,1.5877902245,,,,,,2.225,,,,,,20.0,2024-06,ABBYLAND FOODS INC ABBOTSFORD PLANT
WI0057436,WI,meat,2024-06-30,TSS,1.5877902245,,,,,,0.1667,,,,,,20.0,2024-06,ABBYLAND FOODS INC ABBOTSFORD PLANT
WI0057436,WI,meat,2024-07-31,BOD,1.4305064390000002,,,,,,3.2083,,,,,,20.0,2024-07,ABBYLAND FOODS INC ABBOTSFORD PLANT
WI0057436,WI,meat,2024-07-31,TSS,1.4305064390000002,,,,,,1.25,,,,,,20.0,2024-07,ABBYLAND FOODS INC ABBOTSFORD PLANT
WI0057436,WI,meat,2024-08-31,BOD,1.4431875625,,,,,,5.3167,,,,,,20.0,2024-08,ABBYLAND FOODS INC ABBOTSFORD PLANT
WI0057436,WI,meat,2024-08-31,TSS,1.4431875625,,,,,,2.0833,,,,,,20.0,2024-08,ABBYLAND FOODS INC ABBOTSFORD PLANT
WI0057436,WI,meat,2024-09-30,BOD,1.4180145860000002,,,,,,2.1,,,,,,20.0,2024-09,ABBYLAND FOODS INC ABBOTSFORD PLANT
WI0057436,WI,meat,2024-09-30,TSS,1.4180145860000002,,,,,,0.9167,,,,,,20.0,2024-09,ABBYLAND FOODS INC ABBOTSFORD PLANT
WI0057436,WI,meat,2024-10-31,BOD,1.4144184465000003,,,,,,8.8667,,,,,,20.0,2024-10,ABBYLAND FOODS INC ABBOTSFORD PLANT
WI0057436,WI,meat,2024-10-31,TSS,1.4144184465000003,,,,,,0.1667,,,,,,20.0,2024-10,ABBYLAND FOODS INC ABBOTSFORD PLANT
WI0057436,WI,meat,2024-11-30,BOD,1.327921828,,,,,,9.7083,,,,,,20.0,2024-11,ABBYLAND FOODS INC ABBOTSFORD PLANT
WI0057436,WI,meat,2024-11-30,TSS,1.327921828,,,,,,0.8333,,,,,,20.0,2024-11,ABBYLAND FOODS INC ABBOTSFORD PLANT
WI0057436,WI,meat,2024-12-31,BOD,1.221173266,,,,,,10.95,,,,,,20.0,2024-12,ABBYLAND FOODS INC ABBOTSFORD PLANT
WI0057436,WI,meat,2024-12-31,TSS,1.221173266,,,,,,0.9167,,,,,,20.0,2024-12,ABBYLAND FOODS INC ABBOTSFORD PLANT
